2POR,"(4.5372894404230406, -0.50682262272208745, 0)"
1THQ,"(0.037418130920567699, 0.32176200354997986, 0)"
1QFG,"(-1.4969705348289777, 2.2569968682645163, 0)"
1KMO,"(0.75238273422526425, -0.17294573890790635, 0)"
1A0S,"(-1.2165804584994901, 4.3245139431505848, 0)"
3EMN,"(0.27866728500847832, 0.50925931757174192, 0)"
3DWO,"(-2.4793600877193436, -0.6346488546733835, 0)"
2WJR,"(-1.1755639967817413, 0.40598585726722908, 0)"
2F1V,"(0.63652190624252003, -0.46582863864905699, 0)"
2ERV,"(0.5524042633198103, -1.3122274930239424, 0)"
1E54,"(1.3165873984427434, -1.8271504537191254, 0)"
1TLY,"(-0.74740902816118526, -1.1084550445598818, 0)"
1I78,"(-0.84201385641075577, -0.22532989967093714, 0)"
1QJ8,"(2.8649663825329119, -2.6130329892840201, 0)"
2F1C,"(-1.4663029128634686, -0.2074204157284687, 0)"
3JTY,"(-1.3264984322460189, 1.149656709571564, 0)"
1T16,"(2.1866044617724261, -1.1609448037659718, 0)"
3CSL,"(2.6345639056012908, 1.5812829600351008, 0)"
2GUF,"(-1.4669722335086259, 0.90013675674521321, 0)"
1AF6,"(2.4336298521355801, 1.3992170108889488, 0)"
2J1N,"(0.62426979477099187, -3.7197741190342151, 0)"
1P4T,"(-0.73843482623313372, -1.5311271111161813, 0)"
3PRN,"(1.3856244533863249, 1.7068176801379344, 0)"
1UYN,"(-2.0338095234169948, 1.7870189032838242, 0)"
2QDZ,"(4.7924979913629269, -5.7625659869755328, 0)"
3DZM,"(1.0285840088469538, 1.251090534716536, 0)"
2O4V,"(1.9928149080593225, -0.87216945714136473, 0)"
1QJP,"(-2.411684938129159, -2.0498285948831962, 0)"
3BS0,"(-2.2922393395539409, 0.52163921008851477, 0)"
3FHH,"(-6.0106503621834761, 0.14608102404204468, 0)"
1QD6,"(-0.75374976987873676, 0.16489287209223175, 0)"
1K24,"(1.7507546780463872, -0.50383595088466659, 0)"
1FEP,"(0.33409866810861261, -0.83191625414552905, 0)"
2VQI,"(-0.16778149594235872, -1.3486602556865495, 0)"
3EFM,"(-0.48616706279811855, 2.2305357823032419, 0)"
