2POR,216,217,214,212,213,210,265,218,219,132,130,136,134,139,138,24,25,26,27,20,21,23,223,28,29,222,288,4,281,220,285,287,286,258,263,121,261,123,124,125,126,127,128,269,54,57,51,50,259,298,299,295,290,291,201,199,195,194,197,178,191,203,193,192,115,114,272,270,274,113,176,205,119,256,226,3,7,300,301,245,241,240,243,242,249,39,38,32,31,30,37,36,35,34,61,62,63,65,66,67,177,69,175,174,173,171,255,253,182,180,2,186,184,188,196,169,228,165,225,167,160,161,221,163,11,10,12,15,14,17,271,19,18,273,150,152,154,157,156,159,158,277,239,234,236,230,232,48,46,47,44,45,40,41,1,5,146,144,145,142,143,141,209,72,70,267
1THQ,133,131,136,135,138,25,27,20,21,23,29,94,162,8,163,120,121,123,125,127,129,55,57,51,53,115,117,116,111,82,80,81,119,118,85,7,103,100,101,107,105,33,32,31,30,37,36,35,60,62,63,99,98,91,93,95,161,97,96,11,10,13,12,15,14,17,19,18,89,151,153,157,159,48,49,9,146,147,145,142,148,149,77,75,71,79,78
1QFG,623,215,213,211,575,452,664,662,219,498,499,495,571,497,166,493,692,696,697,694,695,160,698,289,288,347,340,162,401,572,570,280,282,284,287,286,453,522,675,717,454,676,714,713,455,261,260,456,577,420,660,365,528,414,378,416,417,573,411,298,413,371,370,294,426,292,293,290,291,591,521,319,595,599,194,629,310,190,192,393,271,272,273,274,667,394,82,398,583,536,581,172,429,428,534,520,171,368,369,366,367,364,255,425,424,427,361,308,585,412,542,443,447,302,530,304,306,589,380,244,382,246,384,445,386,725,388,419,519,643,645,647,439,649,648,434,376,515,433,517,516,458,622,579,612,723,590,335,334,337,336,331,330,333,258,259,178,176,174,257,254,170,541,422,543,654,182,704,180,404,186,187,184,403,505,503,658,501,568,569,633,634,468,636,637,638,464,562,466,564,460,566,168,169,229,226,225,224,223,222,221,687,665,652,349,538,724,390,409,408,605,607,601,631,159,158,551,608,553,239,235,237,231,635,719,470,441,321,327,324,325,689,328,715,200,202,474,207,206,209,613,610,611,614,565,627,679,489,487,683,485,673,483,482,481,480,532,435,547,472,473,355,476,477,351,475,684,478,479,681,680,359,682
1KMO,693,593,622,667,666,664,499,548,495,497,491,493,692,524,690,691,696,669,694,695,698,668,626,344,288,346,340,547,342,451,283,549,285,349,408,567,679,719,718,677,671,672,576,262,260,575,268,701,682,528,536,410,427,298,530,297,373,372,292,374,291,591,590,546,318,708,709,597,596,599,598,317,316,703,393,391,274,396,395,277,82,83,399,81,457,647,429,428,527,521,368,421,533,423,425,360,426,586,449,582,531,580,542,301,441,303,447,445,307,381,383,241,385,387,389,589,248,295,244,293,640,643,642,645,438,646,436,437,601,435,432,433,240,458,459,621,620,627,338,625,624,573,334,571,336,454,330,456,332,258,592,574,253,250,256,257,254,255,289,406,540,731,699,654,735,651,739,507,505,502,503,658,501,633,634,468,638,464,466,700,460,242,462,294,229,738,227,225,223,222,221,712,348,538,723,721,397,544,740,741,606,559,600,603,602,555,557,551,608,561,552,238,532,584,235,236,231,233,472,398,322,320,321,327,324,325,329,688,563,474,612,610,733,419,649,711,489,487,485,484,483,482,481,480,479,357,356,470,354,476,352,351,350,684,478,431,572,680,358
1A0S,216,217,210,452,264,218,219,132,131,130,137,135,134,450,161,407,288,346,347,403,401,281,280,163,285,349,409,286,426,121,123,267,125,126,127,128,129,269,379,411,412,296,297,294,295,292,90,313,311,315,227,88,89,274,275,276,253,278,83,399,81,119,87,85,414,429,428,254,368,369,420,364,422,361,308,309,440,300,301,302,303,304,305,306,444,245,247,385,243,387,388,249,373,469,375,290,438,393,432,433,430,458,459,339,386,335,451,337,455,333,332,258,179,178,177,176,175,174,256,172,171,255,272,406,405,482,182,186,184,185,442,273,468,465,466,463,169,91,165,225,167,160,222,221,220,270,282,348,117,446,116,397,408,151,150,153,155,154,157,156,159,158,277,238,239,279,234,235,236,237,230,231,233,448,418,471,326,146,147,144,141,209,208,475,148,149,76,75,74,73,72,71,377,262,357,473,470,260,477,351,350,479,266
3EMN,216,217,214,215,212,213,210,264,265,218,219,133,132,131,136,134,139,138,225,26,27,160,28,29,162,281,280,283,163,227,120,121,122,123,267,125,126,127,128,269,268,118,58,55,54,57,51,50,53,52,259,164,201,199,198,200,194,197,178,190,115,114,117,116,274,110,113,253,83,81,119,87,165,85,251,256,226,254,247,245,108,109,241,240,243,242,103,106,107,105,39,32,31,30,37,36,35,34,252,60,62,63,64,65,66,67,177,176,175,174,173,257,171,255,203,272,249,182,180,186,187,185,188,189,196,221,99,169,229,228,91,90,93,92,95,97,96,270,282,271,88,89,275,151,153,155,157,159,158,277,238,239,279,235,237,230,233,49,44,45,42,41,146,147,144,202,142,207,206,208,148,149,77,76,75,74,73,71,79,78,266
3DWO,216,214,212,210,264,131,138,166,223,94,407,345,346,347,403,341,401,281,220,348,349,408,262,261,123,125,265,127,128,269,268,59,57,51,53,379,416,417,298,299,296,297,295,292,290,195,312,310,191,190,193,192,393,114,391,89,397,110,112,82,83,80,81,86,87,84,85,414,256,429,366,367,423,365,425,441,427,308,412,443,302,304,444,245,381,108,109,241,243,102,389,106,107,104,105,418,247,383,439,437,435,433,252,431,339,335,334,337,330,332,61,259,66,67,68,69,251,253,255,390,249,405,248,313,180,187,185,188,189,316,98,168,315,228,164,90,225,224,160,222,162,96,271,273,388,275,150,152,155,154,157,156,158,277,239,234,235,237,230,399,232,49,47,43,41,322,323,320,324,325,328,146,144,142,204,140,206,208,394,76,75,74,71,79,78,357,355,260,353,351,350,392,359
2WJR,214,215,213,130,137,136,134,139,138,24,25,26,27,20,22,28,162,120,121,122,124,128,59,55,57,53,201,199,179,195,197,178,203,192,115,114,88,116,110,112,82,83,81,86,118,165,207,3,7,108,102,100,106,104,39,38,31,30,36,177,34,176,61,63,64,65,66,67,68,69,175,174,173,171,198,181,183,180,2,187,185,189,196,99,98,168,164,90,92,95,94,97,163,11,14,16,18,150,152,155,154,156,158,119,42,40,41,5,9,146,147,144,142,140,141,209,148,75,73,72,71,79,205
2F1V,132,130,136,134,138,166,167,160,29,4,8,120,121,122,124,125,127,129,59,55,51,53,191,192,115,177,117,89,111,110,113,83,81,119,87,85,3,102,103,100,106,104,39,38,33,32,31,30,37,35,34,60,62,64,67,68,69,175,174,173,172,171,170,183,181,187,6,189,185,98,168,169,91,90,93,92,95,162,96,11,10,12,16,19,18,116,150,152,154,156,158,48,49,47,45,43,146,147,144,145,142,148,72,71,70,79
2ERV,150,56,81,113,134,50,60,102,62,89,137,49,66,112,83,52,87,85,24,25,26,27,21,23,108,47,130,45,148,29,41,1,3,5,104,7,9,118,146,144,122,120,142,132,149,77,76,75,74,73,72,71,70,91,92,95,79,101,11,115,13,12,15,58,17,55,19,32,31,30,51,36,53,34,33,131,116,135,106,114,126,133,110
1E54,216,217,214,215,212,213,210,218,219,132,130,136,135,138,225,24,25,26,27,21,22,23,223,28,29,288,4,280,283,282,285,284,120,123,267,125,265,127,268,55,57,56,51,50,52,259,298,299,296,294,292,290,164,319,318,199,179,313,312,197,191,316,193,314,227,252,88,274,276,69,278,181,81,119,87,84,85,257,3,255,308,309,300,302,306,245,247,241,243,249,248,39,270,330,332,62,63,64,65,66,178,68,176,250,251,172,254,170,182,183,180,2,187,6,189,317,185,169,229,91,90,166,160,161,162,163,10,12,14,16,18,272,152,154,156,159,158,234,235,237,230,231,232,233,48,49,46,47,44,45,42,41,322,320,5,324,328,146,144,145,204,140,206,208,148,77,74,73,72,71,70,79,326,266
1TLY,214,212,211,218,133,132,137,136,135,134,138,225,24,27,21,23,95,96,227,262,123,266,126,127,268,220,58,57,56,51,90,198,197,191,192,115,114,88,89,274,275,112,80,86,250,84,204,251,256,206,226,254,92,245,244,108,240,243,242,102,100,249,104,39,33,32,31,30,37,247,35,34,252,223,258,178,177,176,175,174,173,172,171,170,272,253,183,180,184,189,273,99,98,168,169,229,91,165,93,167,160,94,97,163,11,10,13,12,15,14,17,19,117,116,224,150,153,152,155,157,159,158,235,237,231,233,46,47,44,45,42,40,9,201,200,203,145,205,143,207,141,149,76,75,78,270
1I78,216,217,214,215,212,213,265,132,130,134,138,166,26,167,20,160,29,161,289,4,8,285,287,120,121,122,123,124,125,126,264,128,269,268,58,54,56,50,53,52,259,296,297,295,293,291,164,179,200,194,191,190,192,227,114,88,116,274,110,112,278,181,80,87,165,226,3,7,273,255,244,108,241,243,242,102,103,100,249,107,105,38,33,32,31,247,35,34,271,61,258,63,64,66,177,69,175,251,173,257,198,203,222,253,183,2,187,6,189,221,229,91,90,93,92,95,94,162,163,11,10,12,14,16,19,18,272,89,275,224,150,153,152,155,154,157,156,159,158,277,239,235,237,231,233,48,47,45,118,1,5,9,147,144,205,149,77,76,75,74,72,70,78,262,270,260
1QJ8,133,131,135,134,24,26,20,22,23,28,8,120,121,123,125,127,59,58,55,54,57,56,51,50,53,52,115,117,89,111,113,83,81,119,118,84,85,7,109,102,103,100,101,107,104,105,39,33,32,30,37,36,35,34,63,65,67,69,99,98,90,92,95,94,97,96,13,15,17,16,19,18,48,49,47,43,41,1,5,9,146,144,142,140,148,76,75,74,73,71,79
2F1C,216,217,214,215,212,210,211,218,219,164,131,136,134,139,138,28,29,4,281,8,283,282,120,121,122,123,124,125,126,128,269,268,118,58,55,57,56,51,258,52,201,197,191,193,270,114,117,89,274,276,112,82,83,80,81,119,87,85,256,254,7,245,244,108,246,240,243,242,102,103,100,101,106,248,104,105,32,36,35,34,252,205,61,62,259,64,65,179,177,69,175,253,171,182,180,181,162,187,184,6,186,250,202,185,99,168,169,280,91,165,167,160,161,97,163,10,13,12,14,17,16,19,18,272,116,204,151,157,159,278,238,239,236,232,49,47,44,45,42,43,40,41,5,146,200,203,145,142,143,140,206,208,77,75,73,71,79,78,260,267
3JTY,216,217,214,215,210,218,219,133,132,131,130,137,136,135,139,138,250,223,222,344,288,347,340,341,342,343,281,382,285,284,409,286,119,263,121,122,123,125,265,127,129,268,365,59,58,55,57,56,51,53,379,378,416,417,411,298,413,296,370,294,292,419,290,376,199,198,197,191,190,193,192,270,114,117,273,111,110,113,112,82,80,81,86,118,84,415,256,368,366,255,362,363,360,361,300,245,244,247,246,241,385,243,242,102,100,101,106,248,104,39,38,381,33,418,37,36,35,34,383,384,339,338,335,387,331,333,60,61,258,65,178,252,69,175,251,173,172,171,170,407,345,249,181,187,403,188,189,402,401,400,99,168,169,229,227,165,225,92,95,94,97,96,271,348,391,349,390,388,275,277,396,239,237,231,398,47,43,40,327,325,329,201,200,203,202,205,206,394,74,72,71,79,78,262,404,260,353,351,392,358,266
1T16,217,215,213,218,219,132,130,137,136,134,138,225,289,345,405,347,403,341,401,343,283,282,285,284,287,286,263,262,122,260,124,266,126,128,268,91,422,59,55,51,53,379,378,259,411,299,371,295,375,293,377,291,146,318,179,313,194,311,178,190,192,393,252,88,89,111,110,253,82,205,80,398,250,84,251,140,415,417,254,369,421,367,423,365,425,424,427,426,309,302,303,305,245,244,247,109,385,242,389,249,107,105,380,419,246,310,339,338,335,337,336,331,333,60,61,63,64,65,66,67,177,69,175,174,256,172,171,407,387,182,183,180,186,187,184,312,189,196,400,316,98,168,169,164,90,166,92,223,94,162,220,391,349,273,409,275,150,152,154,277,396,238,234,236,230,232,48,45,42,41,322,323,327,325,329,201,203,142,204,207,209,394,77,76,75,72,71,78,144,261,357,413,355,354
3CSL,769,742,534,669,622,667,452,660,498,499,748,496,497,491,493,692,693,690,707,695,571,668,626,289,345,347,340,547,401,343,281,811,548,549,284,286,471,788,717,454,670,671,711,710,573,262,835,266,577,264,269,268,423,422,425,855,424,414,378,416,417,533,427,412,530,373,372,292,374,290,376,709,599,629,310,735,316,315,314,270,575,273,397,275,395,394,279,399,726,795,793,837,791,536,713,535,798,429,527,447,521,368,366,367,364,365,362,363,360,361,586,449,448,582,531,580,420,300,301,302,303,304,446,306,307,861,247,776,241,240,386,242,388,389,444,249,827,784,821,295,780,543,782,829,418,743,382,419,445,539,646,511,384,513,291,515,542,517,820,459,699,339,338,624,335,334,337,336,331,576,333,457,258,698,574,253,251,257,752,541,857,746,406,747,859,243,730,733,404,652,653,650,509,739,507,504,505,503,500,727,630,569,632,633,469,544,636,637,465,561,467,400,461,565,567,528,822,703,393,823,813,740,634,863,731,865,815,349,560,529,723,721,864,817,631,396,605,604,607,606,559,558,603,602,555,554,557,277,551,751,553,552,750,238,239,584,545,635,472,800,323,321,327,329,562,775,774,777,563,771,773,796,613,779,778,615,489,487,819,481,729,435,834,732,790,451,357,473,809,354,476,688,474,421,684,801,686,680,359,682
1QJP,133,132,131,137,135,134,139,93,160,4,119,121,123,125,129,118,55,57,51,53,115,114,117,116,111,110,113,112,83,86,87,85,3,7,108,109,102,103,101,106,107,104,39,33,32,31,35,60,61,62,63,171,170,162,99,98,168,164,90,166,95,97,11,13,15,17,88,89,48,49,46,47,45,43,41,5,9,144,145,143,141,77,75,74,73,72,71,79
1AF6,217,215,213,210,211,133,91,131,136,135,134,139,138,93,224,94,407,345,405,347,4,401,343,281,280,283,282,284,409,408,263,262,125,127,2,268,58,55,54,56,51,50,53,52,378,417,411,298,299,296,297,375,419,90,319,318,199,198,200,195,197,178,191,316,193,314,270,392,272,89,274,395,82,80,81,86,415,206,257,3,369,367,365,363,361,308,300,304,413,225,306,380,381,382,385,386,102,103,100,248,104,39,38,420,290,339,338,335,334,337,336,332,60,388,258,259,64,66,67,69,174,256,172,222,406,182,183,180,181,186,184,189,341,310,97,317,400,402,164,165,166,92,223,161,162,96,11,10,13,15,17,16,19,18,349,397,155,154,156,159,158,234,237,230,399,232,398,48,49,46,44,1,320,326,324,9,328,201,147,203,145,143,207,141,149,77,76,75,74,73,72,71,79,78,404,355,354,353,351
2J1N,216,217,214,265,210,211,165,219,132,131,137,136,135,134,139,138,25,27,21,23,223,28,29,344,288,346,340,4,342,281,8,283,284,287,286,263,267,126,269,268,58,55,56,50,259,298,296,292,293,290,291,318,195,312,197,178,191,316,193,314,227,271,88,273,275,277,82,83,80,81,84,85,207,3,254,7,308,309,300,304,305,306,307,240,242,38,32,30,36,338,335,336,331,60,62,63,64,65,66,67,68,69,174,257,171,255,345,180,2,186,187,184,6,188,189,310,221,168,228,164,90,225,167,160,161,162,163,11,10,13,17,19,204,151,152,157,159,158,322,238,234,230,231,232,48,49,46,47,44,45,43,40,41,1,323,320,5,324,325,9,328,329,201,147,144,145,143,140,141,209,208,149,76,73,72,70,78
1P4T,132,130,137,135,139,138,25,27,20,21,22,23,29,4,8,120,121,122,124,126,128,59,58,55,54,57,56,50,53,52,114,88,116,110,112,82,80,86,118,84,3,108,103,100,101,106,104,39,38,33,31,37,36,35,64,66,68,2,6,99,98,90,93,95,94,97,96,10,12,14,16,117,151,153,155,154,48,46,119,44,42,40,1,5,147,143,140,141,149,77,76,75,74,73,72,70,78
3PRN,216,217,214,212,265,210,264,218,219,133,131,137,136,135,139,138,24,25,26,27,20,21,22,23,289,288,4,283,285,287,286,120,121,122,123,124,125,126,127,128,129,59,58,55,57,51,53,259,201,179,196,190,192,177,276,253,82,181,80,250,204,251,198,257,3,255,245,247,246,241,243,248,39,33,31,37,35,271,60,61,62,63,64,65,66,68,69,175,174,173,172,171,170,203,183,2,184,188,189,221,168,164,226,166,224,160,222,162,10,12,15,14,17,16,19,18,153,152,155,154,157,156,159,158,277,278,239,279,234,235,237,230,231,232,233,49,46,47,44,45,42,43,40,41,1,5,146,200,144,202,142,143,140,141,208,148,77,76,75,73,72,71,78,263,262,261,260,267,266
1UYN,955,870,1078,1076,1074,1070,818,819,939,933,1018,931,937,816,817,995,994,997,996,990,992,998,1014,1016,1020,1069,1061,1063,1065,1012,920,921,827,923,821,925,823,927,988,989,1082,1080,980,984,864,1045,833,831,836,835,838,919,918,915,1015,917,916,1010,913,1013,977,975,825,974,973,846,901,907,840,909,848,1008,1007,1006,1004,1002,1084,854,855,856,857,850,972,971,853,978,1039,903,842,964,868,966,1021,961,963,860,862,968,969,866,935,883,881,887,885,889,905,959,1051,1052,1053,1054,1055,1056,879,951,877,953,875,872,957,891,893,894,895,896,899,1043,1041,1040,1047,948,949,946,947,1057,942,940,941,874
2QDZ,217,215,212,213,210,211,132,130,137,499,135,90,495,497,491,493,224,160,222,407,345,346,347,340,341,544,343,281,280,283,96,285,284,287,522,120,262,122,123,124,266,126,128,537,268,69,91,422,59,58,54,57,53,379,415,416,259,410,411,298,299,296,297,294,295,375,293,377,291,319,318,147,195,194,197,196,191,190,192,227,114,88,202,276,112,82,83,80,398,86,87,85,414,536,256,535,226,524,428,526,417,520,521,368,523,312,367,366,362,360,426,308,412,542,300,301,302,413,371,108,383,241,242,103,106,107,381,418,247,419,519,539,511,513,538,432,252,533,338,223,334,336,330,333,332,60,61,258,63,65,67,177,176,250,251,173,254,170,517,543,530,540,546,182,313,180,541,187,185,403,504,189,502,503,500,501,310,545,316,99,528,169,507,164,165,225,92,95,161,221,163,430,270,220,505,382,348,314,117,349,409,204,481,150,153,152,156,554,551,550,552,278,532,279,236,230,399,232,233,119,118,322,323,354,326,476,328,200,144,145,142,143,207,206,209,208,148,149,77,75,74,73,72,489,70,487,474,485,484,483,482,79,534,515,261,472,356,260,353,352,351,350,478,358
3DZM,132,130,136,134,139,138,166,26,27,20,22,29,161,0,4,8,163,122,124,126,128,118,55,54,57,56,50,53,52,164,201,199,195,194,197,178,203,115,114,117,89,110,113,112,83,81,86,87,165,85,207,206,3,181,102,100,104,39,33,31,30,37,35,176,61,62,64,65,179,67,177,69,175,174,173,172,171,170,182,180,2,167,187,184,6,188,185,98,168,169,91,90,93,92,205,94,162,96,10,12,14,16,18,88,116,150,152,154,157,156,159,48,49,45,43,41,1,146,144,142,143,140,141,148,77,73,71,70,79
2O4V,216,214,212,211,218,24,25,26,27,20,21,23,28,29,344,288,346,347,403,4,342,8,220,348,284,287,263,261,267,265,269,58,54,56,51,52,379,411,299,371,297,375,293,290,291,199,195,194,197,191,193,192,270,252,88,89,397,110,276,176,278,83,399,81,86,87,251,256,3,7,369,367,365,363,361,309,301,303,305,306,307,244,181,109,385,242,102,103,100,106,104,105,39,31,30,37,35,374,383,334,336,332,63,65,178,177,69,175,174,173,172,171,407,249,405,183,2,187,6,250,189,401,185,98,169,229,280,90,167,160,387,163,11,10,13,12,15,14,16,19,18,272,349,390,409,396,151,153,395,157,156,159,158,394,238,234,235,389,237,231,232,233,398,48,49,43,41,1,323,5,327,325,9,328,329,201,147,203,205,207,209,149,77,76,75,74,73,71,70,79,357,356,354,353,352,351,350,326,359,358
2GUF,214,212,210,211,218,137,136,490,491,492,493,593,525,407,289,543,346,347,340,402,342,545,281,280,283,549,285,284,287,286,570,522,454,455,261,260,267,265,420,537,269,423,529,379,378,416,534,533,411,298,530,296,294,426,375,377,538,586,319,592,594,200,195,311,317,315,271,273,276,278,279,250,414,536,558,535,257,429,428,527,368,369,366,367,364,422,425,363,427,361,308,309,584,585,582,531,516,542,300,442,302,304,305,306,307,380,244,382,246,241,385,387,248,381,418,532,518,383,539,511,437,513,435,433,430,431,458,555,338,573,334,571,336,331,330,333,457,259,252,176,175,256,172,254,255,554,344,371,540,313,541,509,505,503,500,501,568,569,464,460,462,168,229,228,224,160,161,162,163,373,348,349,446,409,408,150,152,559,154,159,158,557,556,551,553,588,472,470,441,326,327,324,325,476,328,329,147,144,202,204,140,206,209,208,475,148,565,561,510,474,483,481,512,547,514,357,473,355,471,353,351,350,479,572,359
3BS0,217,210,211,264,219,132,131,139,225,223,289,288,346,347,340,402,342,343,281,283,285,287,120,121,122,123,267,125,265,127,58,54,56,50,52,414,378,259,299,297,294,372,292,293,290,291,319,318,66,195,312,196,191,316,193,192,227,177,117,273,274,110,276,112,82,413,80,398,86,84,251,415,141,429,417,366,367,423,365,427,308,309,406,301,303,304,305,306,245,244,108,246,241,240,386,242,388,106,373,104,380,375,247,436,384,434,376,433,431,338,334,336,331,330,332,404,62,63,64,65,179,178,68,175,174,172,171,344,345,387,249,405,183,180,181,187,184,185,403,188,189,401,370,400,99,229,228,91,90,93,92,95,97,271,391,275,151,155,157,159,277,396,239,235,230,231,232,48,119,42,41,323,354,326,327,325,329,146,147,145,205,143,207,206,209,208,394,148,149,77,71,70,79,78,263,435,262,261,356,260,352,350,392,358
3FHH,216,214,212,210,133,132,620,137,136,135,134,494,139,490,491,492,493,524,525,624,289,406,540,340,402,401,343,163,349,287,286,570,263,262,261,260,267,264,269,594,425,529,537,536,535,410,427,297,295,293,539,376,521,319,592,198,597,147,599,194,311,196,317,190,315,192,271,390,275,277,279,398,204,601,586,558,141,429,428,527,520,254,368,523,366,533,362,363,360,361,308,440,582,583,542,443,302,303,304,305,306,307,380,381,247,383,241,386,370,388,444,249,372,382,498,374,519,640,438,439,436,384,434,538,432,433,430,431,623,578,339,338,604,573,451,453,577,455,575,457,258,259,178,600,253,175,251,257,171,255,554,517,628,508,183,180,186,184,185,506,403,504,503,500,630,510,556,469,468,636,465,464,467,400,461,460,463,462,602,169,229,164,165,167,160,161,162,220,549,392,634,618,560,446,396,605,150,607,152,559,154,603,156,555,158,557,394,609,632,553,633,238,239,234,235,236,231,232,323,321,326,327,585,466,562,200,203,202,205,143,206,208,611,616,617,615,566,489,488,487,484,483,513,481,638,564,515,472,473,471,353,477,351,516,572,359,358
1QD6,216,217,214,265,210,218,219,131,130,135,134,138,225,167,223,120,122,123,125,126,127,128,129,55,54,57,51,50,259,201,199,195,194,197,190,114,88,116,82,83,80,81,87,84,85,245,109,241,243,103,100,106,104,105,33,32,31,30,35,34,205,60,61,63,64,179,177,253,175,173,257,171,255,183,180,181,186,187,184,98,168,169,229,227,165,166,92,160,162,220,150,158,239,234,235,237,231,232,233,46,47,44,42,40,118,146,147,203,142,204,140,208,148,149,77,76,75,73,71,79,78,263,261,266
1K24,211,219,131,137,135,165,225,24,25,26,27,22,23,28,29,161,8,163,120,124,126,127,129,58,54,56,50,52,199,197,193,114,88,116,110,112,83,80,87,251,7,247,245,108,243,102,103,100,101,249,107,104,105,38,32,30,36,34,60,62,63,64,65,179,67,177,69,175,174,253,172,170,222,183,180,181,187,6,189,202,185,99,98,168,229,227,90,166,92,223,94,96,10,220,12,14,16,18,89,151,150,153,152,155,157,159,239,234,236,230,231,232,48,46,47,44,45,42,5,9,201,200,203,145,205,204,207,141,209,148,149,77,76,75,74,73,79,78
1FEP,216,217,215,212,210,668,575,666,452,664,663,218,219,653,165,627,571,497,650,493,692,693,696,593,694,525,698,699,289,345,540,347,403,547,401,343,570,280,283,549,349,287,408,595,453,678,679,577,676,523,671,576,456,716,264,269,268,673,422,379,410,298,299,297,294,375,293,377,291,591,319,318,199,594,195,197,707,191,270,272,274,275,667,277,278,279,313,414,581,428,527,520,521,369,421,367,423,365,529,360,541,586,309,584,448,412,580,542,442,302,440,446,588,307,380,244,247,383,241,240,243,242,102,548,101,249,373,697,543,381,420,695,419,519,518,642,645,644,438,439,436,437,434,512,515,514,430,533,458,605,612,338,625,604,335,451,337,336,454,455,444,574,62,179,177,253,175,251,173,171,517,613,406,182,183,404,186,187,184,185,546,503,500,501,630,569,632,508,636,560,464,661,545,566,462,98,168,229,226,166,167,161,623,163,11,13,12,659,14,16,589,669,724,722,723,720,544,151,150,153,152,559,154,157,159,556,551,552,238,239,235,237,231,233,641,640,322,323,320,321,635,639,614,476,646,688,665,203,714,204,207,209,208,611,616,617,450,149,649,615,648,655,485,484,483,482,481,638,357,356,355,354,353,477,351,652,607,684,479,681,680,359,358
2VQI,216,623,214,215,213,565,211,218,219,498,499,496,497,490,492,524,160,344,543,405,347,340,162,342,545,548,549,348,409,595,336,573,421,575,574,602,423,594,528,414,378,535,417,533,411,412,413,370,372,419,539,201,593,592,199,198,596,195,194,197,196,191,393,391,619,396,395,394,399,537,415,429,534,368,369,366,367,364,365,425,360,532,586,584,582,531,580,542,443,441,530,447,446,445,589,380,244,246,385,387,598,389,615,248,381,519,518,383,439,511,510,513,435,515,514,430,458,459,620,627,338,625,604,335,334,571,242,577,576,333,332,178,177,253,170,554,407,517,508,182,183,180,181,184,509,506,403,504,500,546,569,632,633,469,401,636,637,465,464,562,563,461,460,463,462,168,228,227,226,166,224,223,161,221,220,427,605,150,607,152,154,635,156,159,158,556,609,608,552,588,541,634,468,473,560,561,146,200,203,202,205,204,207,206,208,611,617,149,487,486,567,483,482,481,480,512,547,356,471,353,477,475,478,479,572,358
3EFM,216,214,212,210,211,608,621,620,498,499,226,494,495,496,497,491,492,167,531,344,288,346,347,546,402,342,400,281,280,548,282,348,571,409,286,570,455,618,651,261,260,264,268,529,378,417,410,411,298,413,296,297,294,372,292,374,290,199,594,597,596,195,598,197,191,190,315,270,392,88,89,274,275,276,277,278,279,398,86,87,165,85,415,257,574,428,521,368,523,367,364,365,528,424,426,309,584,448,582,412,420,301,303,304,305,588,307,380,533,384,243,242,388,389,606,649,543,418,532,519,643,642,539,438,646,436,648,434,512,432,433,430,431,458,555,578,612,386,450,334,452,453,330,575,332,404,258,259,177,595,175,173,172,170,407,517,406,530,183,181,652,187,508,185,506,507,188,505,503,500,547,568,469,370,465,317,467,545,461,567,169,229,227,90,225,224,160,161,220,549,272,273,408,396,604,504,600,558,602,159,158,394,551,550,553,552,238,234,230,232,599,322,320,321,327,324,325,329,644,201,203,563,209,610,611,616,511,561,576,488,486,484,482,573,480,609,451,514,473,541,476,477,474,475,572
