pdbID,Chain,ResIndex,3-Code,1-Code,SecondaryStructure,%SASA,zCoord of CB,GLY=1,vectProj,,aligned,X,Y,Z,Ez,Ez_N
1AF6,A,1,VAL,V,,0.31097561,-10.618,0,1.0911943,,,-8.912,20.071,-10.618,-1.199275403,0.999728174
1AF6,A,2,ASP,D,E,0.338624339,-11.209,0,-1.549516699,,,-5.626,15.266,-11.209,0.964214507,0.101968423
1AF6,A,3,PHE,F,E,0.029535865,-8.691,0,1.533248186,,,-10.777,14.125,-8.691,-2.393288385,0.996356556
1AF6,A,4,HIS,H,E,0.38277512,-7.421,0,-1.494913041,,,-6.157,10.75,-7.421,0.874232125,0.270278883
1AF6,A,5,GLY,G,E,0.086538462,-3.783,1,1.529993343,,,-7.617,8.99,-3.783,0.018241095,0.968995325
1AF6,A,6,TYR,Y,E,0.132,-1.056,0,-1.377458892,,,-7.365,5.349,-1.056,-0.104817855,0.078297809
1AF6,A,7,ALA,A,E,0,-0.23,0,1.476265897,,,-12.912,6.016,-0.23,-0.717497153,1
1AF6,A,8,ARG,R,E,0.075539568,2.565,0,-1.393244415,,,-12.623,1.168,2.565,1.275120057,0.02887777
1AF6,A,9,SER,S,E,0,3.183,0,1.464626232,,,-17.582,3.586,3.183,0,0
1AF6,A,10,GLY,G,E,0.019230769,4.694,1,-1.368663482,,,-19.462,-0.343,4.694,0.047167784,0.919828179
1AF6,A,11,ILE,I,E,0.010526316,6.93,0,1.501464951,,,-23.364,-1.404,6.93,-1.097511887,0.999960041
1AF6,A,12,GLY,G,E,0.019230769,9.206,1,-1.346907076,,,-21.362,-4.94,9.206,0.559128998,0.049639688
1AF6,A,13,TRP,W,E,0.2125,11.605,0,1.486133574,,,-24.13,-7.732,11.605,-1.167681594,0.999623372
1AF6,A,14,THR,T,E,0.02688172,15.868,0,-0.854384574,,,-20.511,-8.871,15.868,0,0
1AF6,A,15,GLY,G,T,0.259615385,14.791,1,-1.455095681,,,-22.778,-12.835,14.791,0.06951594,0.881842669
1AF6,A,16,SER,S,T,0.25,19.591,0,-1.176277603,,,-22.041,-13.098,19.591,0,0
1AF6,A,17,GLY,G,S,0.105769231,18.39,1,0.472938651,,,-24.619,-9.219,18.39,0.000888796,0.998489299
1AF6,A,18,GLY,G,S,0.009615385,17.786,1,-1.432198039,,,-23.88,-5.553,17.786,0.002178847,0.996296579
1AF6,A,19,GLU,E,B,0.269767442,15.072,0,-1.543219038,,,-21.462,-2.418,15.072,0.295460067,0.664907234
1AF6,A,20,GLN,Q,,0.071729958,11.664,0,-0.667854026,,,-18.656,-5.05,11.664,0.188645083,0.67089958
1AF6,A,21,GLN,Q,,0.244725738,16.326,0,0.886544979,,,-16.048,-7.164,16.326,0.010981508,0.980842231
1AF6,A,22,CYS,C,,0.263888889,12.841,0,-1.350424007,,,-11.997,-5.351,12.841,0,0
1AF6,A,23,PHE,F,,0.012658228,13.998,0,1.492868715,,,-10.459,-10.638,13.998,-2.067556821,0.86075034
1AF6,A,24,GLN,Q,,0.324894515,14.89,0,-1.529446959,,,-5.852,-7.104,14.89,0.025842907,0.954915806
1AF6,A,25,THR,T,,0.010752688,16.084,0,1.383107371,,,-2.74,-11.704,16.084,0,0
1AF6,A,26,THR,T,T,0.161290323,21.337,0,0.479091849,,,-2.559,-9.45,21.337,0,0
1AF6,A,27,GLY,G,T,0.144230769,18.908,1,1.527145896,,,1.383,-8.43,18.908,0.000390656,0.999335996
1AF6,A,28,ALA,A,,0.050314465,14.382,0,1.327768429,,,-0.132,-9.378,14.382,-0.000337164,0.000469917
1AF6,A,29,GLN,Q,S,0.282700422,12.896,0,-1.482744078,,,2.576,-4.557,12.896,0.090442648,0.84221845
1AF6,A,30,SER,S,,0.039772727,9.365,0,0.725438488,,,-0.839,-6.201,9.365,0,0
1AF6,A,31,LYS,K,,0.173160173,10.889,0,1.304392579,,,-5.89,-7.526,10.889,0.923292035,0.274124922
1AF6,A,32,TYR,Y,,0.008,6.904,0,1.548855061,,,-6.337,-11.3,6.904,-1.073391276,0.801811725
1AF6,A,33,ARG,R,,0.021582734,5.043,0,-1.349922961,,,-7.729,-5.798,5.043,1.160011789,0.116543396
1AF6,A,34,LEU,L,T,0.009433962,2.608,0,1.121378616,,,-10.833,-9.759,2.608,-1.986562582,0.997474127
1AF6,A,35,GLY,G,T,0.019230769,5.555,1,1.529707603,,,-14.294,-8.482,5.555,0.100724552,0.828796901
1AF6,A,36,ASN,N,,0,8.67,0,-1.519186954,,,-11.09,-8.273,8.67,0.698745493,2.3443E-06
1AF6,A,37,GLU,E,,0.023255814,6.819,0,-0.61638462,,,-11.895,-2.956,6.819,0.881570744,0.000176296
1AF6,A,38,CYS,C,,0.25,12.247,0,-0.532202969,,,-14.018,-2.017,12.247,0,0
1AF6,A,39,GLU,E,S,0.209302326,10.346,0,-1.408603919,,,-12.81,2.767,10.346,0.861265983,0.023204715
1AF6,A,40,THR,T,E,0,6.631,0,1.515008251,,,-16.014,5.348,6.631,0,0
1AF6,A,41,TYR,Y,E,0.1,5.934,0,-1.513441443,,,-10.211,4.786,5.934,-0.869689012,0.649648327
1AF6,A,42,ALA,A,E,0,2.374,0,1.500796122,,,-12.271,8.886,2.374,-0.717204365,0.999591931
1AF6,A,43,GLU,E,E,0.069767442,0.832,0,-1.520848447,,,-6.843,9.473,0.832,0.881726188,3.10862E-15
1AF6,A,44,LEU,L,E,0.070754717,-0.876,0,1.492000335,,,-10.515,13.803,-0.876,-1.991441141,0.999923703
1AF6,A,45,LYS,K,E,0.12987013,-3.982,0,-1.461458176,,,-5.479,13.12,-3.982,1.259880528,0.00950529
1AF6,A,46,LEU,L,E,0.066037736,-5.234,0,1.461446202,,,-7.619,18.42,-5.234,-1.945494402,0.976853359
1AF6,A,47,GLY,G,E,0.009615385,-7.894,1,-1.360725705,,,-3.805,17.881,-7.894,0.399600067,0.320793509
1AF6,A,48,GLN,Q,E,0.206751055,-10.885,0,1.545570768,,,-3.536,21.215,-10.885,0.279496511,0.512404895
1AF6,A,49,GLU,E,E,0.437209302,-14.909,0,-0.718279194,,,-0.05,19.427,-14.909,0.321090412,0.635838862
1AF6,A,50,VAL,V,E,0.243902439,-11.699,0,0.644435412,,,0.365,24.511,-11.699,-1.195631793,0.996690823
1AF6,A,51,TRP,W,E,0.2375,-14.988,0,1.34916048,,,3.865,25.577,-14.988,-0.753725218,0.645245542
1AF6,A,52,LYS,K,E,0.493506494,-19.029,0,-1.472935844,,,3.339,21.71,-19.029,0.32629294,0.743474541
1AF6,A,53,GLU,E,E,0.558139535,-20.996,0,1.492735074,,,7.638,25.09,-20.996,0.008913766,0.989890551
1AF6,A,54,GLY,G,T,0.634615385,-23.576,1,1.401138339,,,8.038,21.043,-23.576,2.60178E-08,0.999999956
1AF6,A,55,ASP,D,T,0.677248677,-21.654,0,1.522126473,,,10.907,17.825,-21.654,0.028877621,0.973104516
1AF6,A,56,LYS,K,E,0.272727273,-18.244,0,1.538320188,,,10.292,21.771,-18.244,0.36497546,0.713063061
1AF6,A,57,SER,S,E,0.051136364,-16.14,0,-1.488398468,,,5.557,19.558,-16.14,0,0
1AF6,A,58,PHE,F,E,0,-11.668,0,1.412114726,,,5.495,22.781,-11.668,-2.316258327,0.964287957
1AF6,A,59,TYR,Y,E,0.148,-10.828,0,-1.526550687,,,2.887,17.675,-10.828,-1.233860266,0.921680333
1AF6,A,60,PHE,F,E,0,-7.327,0,1.525472058,,,0.367,21.617,-7.327,-2.329208248,0.969679175
1AF6,A,61,ASP,D,E,0.105820106,-5.551,0,-1.503761949,,,0.101,16.218,-5.551,1.073438142,0.000241812
1AF6,A,62,THR,T,E,0.005376344,-1.847,0,1.520427571,,,-3.74,18.507,-1.847,0,0
1AF6,A,63,ASN,N,E,0,0.388,0,-1.533034898,,,-3.184,13.657,0.388,0.698747131,0
1AF6,A,64,VAL,V,E,0.048780488,2.802,0,1.531646173,,,-7.939,16.324,2.802,-1.199601486,1
1AF6,A,65,ALA,A,E,0,5.28,0,-1.478005413,,,-6.5,11.161,5.28,-0.516060816,0.719251378
1AF6,A,66,TYR,Y,E,0.024,6.316,0,1.407525843,,,-12.132,11.63,6.316,-0.952736809,0.711684137
1AF6,A,67,SER,S,E,0.272727273,10.026,0,-1.329115495,,,-10.074,7.752,10.026,0,0
1AF6,A,68,VAL,V,E,0.06097561,10.402,0,1.436643658,,,-15.853,8.795,10.402,-1.199409618,0.999840057
1AF6,A,69,ALA,A,,0.352201258,14.347,0,0.493583833,,,-16.904,5.32,14.347,-0.000344289,0.000479847
1AF6,A,70,GLN,Q,S,0.033755274,9.157,0,-1.01249642,,,-18.786,3.691,9.157,0.477527808,0.166929773
1AF6,A,71,GLN,Q,S,0.046413502,14.459,0,-0.510272476,,,-21.405,3.985,14.459,0.033752681,0.941116825
1AF6,A,72,ASN,N,S,0.244680851,13.34,0,0.955675677,,,-23.717,8.301,13.34,0.355761488,0.490858034
1AF6,A,73,ASP,D,S,0.116402116,9.11,0,1.511730796,,,-25.978,10.367,9.11,1.054206402,0.018153501
1AF6,A,74,TRP,W,,0.6875,11.764,0,1.336419844,,,-24.004,14.068,11.764,-1.165250603,0.997542261
1AF6,A,75,GLU,E,,0.102325581,11.734,0,-1.486492852,,,-19.081,10.652,11.734,0.798354874,0.094554654
1AF6,A,76,ALA,A,B,0.320754717,14.011,0,1.03970188,,,-17.92,16.037,14.011,-0.000421928,0.000588056
1AF6,A,77,THR,T,,0.150537634,11.793,0,-1.201484498,,,-13.585,13.216,11.793,0,0
1AF6,A,78,ASP,D,,0.380952381,13.575,0,-1.068947613,,,-9.239,16.035,13.575,0.668105205,0.377753013
1AF6,A,79,PRO,P,,0,7.792,0,1.038838293,,,-9.669,16.341,7.792,0.541169689,0.000674643
1AF6,A,80,ALA,A,E,0,8.752,0,-1.491778134,,,-4.861,13.337,8.752,-0.023215758,0.032356586
1AF6,A,81,PHE,F,E,0,6.234,0,1.507093229,,,-3.579,18.569,6.234,-2.235965369,0.930860972
1AF6,A,82,ARG,R,E,0.100719424,4.611,0,-1.539337845,,,-1.668,13.038,4.611,1.184741058,0.097709763
1AF6,A,83,GLU,E,E,0.037209302,0.251,0,-0.944781985,,,-0.005,14.846,0.251,0.881726188,0
1AF6,A,84,ALA,A,E,0,0.879,0,1.225718565,,,0.531,20.353,0.879,-0.717497096,0.999999919
1AF6,A,85,ASN,N,E,0,-2.125,0,-1.520100326,,,4.606,17.822,-2.125,0.698747131,0
1AF6,A,86,VAL,V,E,0,-5.883,0,1.516770583,,,5.52,21.902,-5.883,-1.199601486,1
1AF6,A,87,GLN,Q,E,0.109704641,-8.331,0,-1.500384617,,,6.591,16.794,-8.331,0.530282543,0.0748966
1AF6,A,88,GLY,G,E,0,-10.639,1,1.326503334,,,9.474,19.843,-10.639,0.563604348,0.042032865
1AF6,A,89,LYS,K,E,0.233766234,-13.846,0,-1.465699151,,,9.231,16.343,-13.846,0.666718056,0.475838627
1AF6,A,90,ASN,N,S,0.218085106,-17.323,0,-0.762315551,,,12.321,17.527,-17.323,0.000285764,0.999591034
1AF6,A,91,LEU,L,,0.047169811,-13.351,0,0.836065189,,,13.677,21.685,-13.351,-1.346761851,0.676223399
1AF6,A,92,ILE,I,,0.136842105,-12.962,0,-0.802606379,,,18.381,19.464,-12.962,-0.925378618,0.84312676
1AF6,A,93,GLU,E,T,0.720930233,-18.592,0,1.26748925,,,20.017,20.809,-18.592,0.036095683,0.959062481
1AF6,A,94,TRP,W,T,1.275,-15.917,0,1.378539807,,,23.682,18.239,-15.917,-0.57843644,0.49518515
1AF6,A,95,LEU,L,S,0.174528302,-13.313,0,0.189200951,,,20.003,15.277,-13.313,-1.350745169,0.678223466
1AF6,A,96,PRO,P,T,0.464480874,-18.851,0,0.618090608,,,17.89,13.921,-18.851,6.48417E-06,0.999988026
1AF6,A,97,GLY,G,T,0.375,-16.288,1,-1.516854479,,,14.235,12.734,-16.288,0.015110257,0.97431686
1AF6,A,98,SER,S,,0.011363636,-12.059,0,1.436287576,,,16.278,13.733,-12.059,0,0
1AF6,A,99,THR,T,E,0.069892473,-9.955,0,-1.50789688,,,11.079,14.478,-9.955,0,0
1AF6,A,100,ILE,I,E,0.094736842,-7.749,0,1.521216618,,,13.77,19.123,-7.749,-1.097357895,0.999819737
1AF6,A,101,TRP,W,E,0.01875,-4.921,0,-1.538094926,,,9.528,16.783,-4.921,-0.244839614,0.209601146
1AF6,A,102,ALA,A,E,0,-1.303,0,1.510245675,,,10.137,20.92,-1.303,-0.717495456,0.999997634
1AF6,A,103,GLY,G,E,0,0.759,1,-0.765242754,,,6.406,19.45,0.759,0.000262982,0.999553005
1AF6,A,104,LYS,K,E,0,3.554,0,-1.156230513,,,3.299,16.964,3.554,1.26396235,0.006296237
1AF6,A,105,ARG,R,E,0.082733813,-0.599,0,1.182706219,,,5.537,13.876,-0.599,1.311456237,0.001204398
1AF6,A,106,PHE,F,,0.097046414,-0.204,0,-1.448616581,,,2.273,9.37,-0.204,-1.31478338,0.547361132
1AF6,A,107,TYR,Y,,0,-0.147,0,1.370716966,,,8.355,9.666,-0.147,-0.058142771,0.043432024
1AF6,A,108,GLN,Q,S,0.210970464,-3.267,0,1.467659702,,,8.939,5.757,-3.267,0.573208471,1.02549E-05
1AF6,A,109,ARG,R,,0.237410072,0.236,0,-1.455888045,,,4.196,4.05,0.236,1.312834389,0.000154808
1AF6,A,110,HIS,H,E,0.114832536,-0.456,0,1.532185367,,,7.177,-0.852,-0.456,1.19803594,0
1AF6,A,111,ASP,D,E,0.26984127,1.241,0,-1.523672209,,,1.667,-1.26,1.241,1.073697775,4.88014E-10
1AF6,A,112,VAL,V,E,0.018292683,1.923,0,1.200543627,,,1.572,-6.693,1.923,-1.199601486,1
1AF6,A,113,HIS,H,G,0.071770335,-1.422,0,0.638420708,,,-3.026,-4.897,-1.422,1.19803594,3.0371E-11
1AF6,A,114,MET,M,G,0.014705882,1.062,0,1.43147651,,,-4.102,-9.226,1.062,-1.99903711,0.967855512
1AF6,A,115,ILE,I,G,0.010526316,5.742,0,1.399653171,,,-1.771,-7.918,5.742,-1.097552273,0.999996838
1AF6,A,116,ASP,D,T,0.306878307,5.266,0,1.367883401,,,-4.029,-2.776,5.266,1.073534085,0.000152455
1AF6,A,117,PHE,F,E,0.008438819,6.132,0,1.497102869,,,1.357,-4.769,6.132,-2.225525666,0.926514791
1AF6,A,118,TYR,Y,E,0.188,4.91,0,-1.526645014,,,3.21,0.76,4.91,-0.645661726,0.482302357
1AF6,A,119,TYR,Y,E,0.008,4.57,0,1.418134338,,,7.215,-3.517,4.57,-0.574892444,0.429438465
1AF6,A,120,TRP,W,E,0,2.365,0,0.975373775,,,9.659,0.359,2.365,-0.057474648,0.049202627
1AF6,A,121,ASP,D,,0.084656085,4.681,0,-1.453067445,,,5.836,3.921,4.681,1.073639379,5.43878E-05
1AF6,A,122,ILE,I,,0,4.676,0,1.477870089,,,10.639,7.574,4.676,-1.097555527,0.999999802
1AF6,A,123,SER,S,,0.011363636,3.854,0,-1.502644336,,,4.874,9.228,3.854,0,0
1AF6,A,124,GLY,G,E,0,5.802,1,1.419109022,,,5.987,13.07,5.802,0.12212733,0.792418264
1AF6,A,125,PRO,P,E,0,6.567,0,0.903965154,,,7.388,17.495,6.567,0.541525117,1.83089E-05
1AF6,A,126,GLY,G,E,0,3.123,1,-1.259967954,,,10.357,16.35,3.123,0.008337708,0.985828267
1AF6,A,127,ALA,A,E,0.100628931,0.176,0,1.509451887,,,13.051,18.51,0.176,-0.717497153,1
1AF6,A,128,GLY,G,E,0.182692308,-2.436,1,-1.494740577,,,14.533,15.277,-2.436,0.00339205,0.99423448
1AF6,A,129,LEU,L,E,0.188679245,-6.093,0,1.501323749,,,17.338,15.15,-6.093,-1.917585892,0.9628402
1AF6,A,130,GLU,E,E,0.065116279,-7.36,0,-1.535506431,,,12.741,11.693,-7.36,0.881344733,0.000432623
1AF6,A,131,ASN,N,E,0.292553191,-11.197,0,-1.313406639,,,13.638,9.496,-11.197,0.695242608,0.005015437
1AF6,A,132,ILE,I,E,0.084210526,-10.374,0,1.215126331,,,19.659,10.625,-10.374,-1.087523087,0.990859091
1AF6,A,133,ASP,D,E,0.481481481,-15.801,0,-0.435380294,,,19.091,8.432,-15.801,0.326001604,0.696374891
1AF6,A,134,VAL,V,,0.347560976,-11.847,0,-0.260192237,,,22.617,6.095,-11.847,-1.194117212,0.995428253
1AF6,A,135,GLY,G,S,0.653846154,-16.381,1,1.316039027,,,22.75,4.063,-16.381,0.013559241,0.976953146
1AF6,A,136,PHE,F,S,0.52742616,-14.182,0,1.432391008,,,23.37,-0.136,-14.182,-2.042361057,0.850261022
1AF6,A,137,GLY,G,S,0.057692308,-12.584,1,0.964360412,,,19.355,2.003,-12.584,0.312832543,0.468273629
1AF6,A,138,LYS,K,E,0.212121212,-11.176,0,-1.511042686,,,16.006,5.034,-11.176,0.898745541,0.29342292
1AF6,A,139,LEU,L,E,0.216981132,-8.019,0,1.525884989,,,20.337,7.24,-8.019,-1.82178807,0.914739099
1AF6,A,140,SER,S,E,0.034090909,-5.43,0,-1.523937335,,,15.295,8.218,-5.43,0,0
1AF6,A,141,LEU,L,E,0.325471698,-2.727,0,1.523319074,,,18.947,11.77,-2.727,-1.985790158,0.997086285
1AF6,A,142,ALA,A,E,0.056603774,-0.058,0,-1.530419877,,,13.973,11.501,-0.058,-0.717497153,1
1AF6,A,143,ALA,A,E,0.100628931,3.899,0,1.475068134,,,16.053,14.791,3.899,-0.69734489,0.97191311
1AF6,A,144,THR,T,E,0.010752688,5.181,0,-1.493409857,,,10.84,12.386,5.181,0,0
1AF6,A,145,ARG,R,E,0.010791367,9.246,0,1.52634236,,,10.643,15.958,9.246,0.87435551,0.334097156
1AF6,A,146,SER,S,E,0.045454545,11.922,0,-1.51350256,,,8.751,11.288,11.922,0,0
1AF6,A,147,SER,S,E,0.073863636,15.666,0,1.521031229,,,8.07,15.21,15.666,0,0
1AF6,A,148,GLU,E,E,0.08372093,19.569,0,-1.301084548,,,8.938,11.069,19.569,0.020135772,0.977163237
1AF6,A,149,ALA,A,E,0.522012579,21.553,0,-1.463859283,,,4.089,12.698,21.553,-1.04627E-05,1.45823E-05
1AF6,A,150,GLY,G,E,0.009615385,23.981,1,1.253211756,,,7.909,13.803,23.981,9.36472E-09,0.999999984
1AF6,A,151,GLY,G,E,0,24.866,1,-0.401336827,,,11.326,12.32,24.866,9.04732E-10,0.999999998
1AF6,A,152,SER,S,E,0.011363636,24.188,0,1.013005923,,,13.556,16.442,24.188,0,0
1AF6,A,153,SER,S,B,0,29.749,0,-0.865619431,,,14.9,16.685,29.749,0,0
1AF6,A,154,SER,S,S,0.3125,28.649,0,1.526967256,,,14.742,22.223,28.649,0,0
1AF6,A,155,PHE,F,S,0.443037975,32.868,0,0.878922636,,,17.268,20.983,32.868,-0.047840686,0.019916689
1AF6,A,156,ALA,A,,0.471698113,33.549,0,1.409553475,,,21.301,17.562,33.549,-2.3428E-07,3.26524E-07
1AF6,A,157,SER,S,,0.142045455,34.574,0,-1.509369736,,,16.184,15.495,34.574,0,0
1AF6,A,158,ASN,N,S,0.904255319,37.171,0,0.933005895,,,18.154,10.853,37.171,3.22664E-14,1
1AF6,A,159,ASN,N,,0.39893617,37.095,0,1.243029364,,,12.907,12.663,37.095,3.43097E-14,1
1AF6,A,160,ILE,I,G,0.184210526,32.76,0,-1.509309776,,,11.62,8.836,32.76,-2.1845E-05,1.99033E-05
1AF6,A,161,TYR,Y,G,0.304,35.094,0,-0.752766896,,,8.145,12.654,35.094,-2.82539E-11,2.11053E-11
1AF6,A,162,ASP,D,G,0.248677249,33.291,0,1.41423124,,,12.36,15.898,33.291,0.000687119,0.999360044
1AF6,A,163,TYR,Y,,0.032,28.867,0,-1.536497641,,,12.126,12.897,28.867,-9.77607E-07,7.30262E-07
1AF6,A,164,THR,T,,0.392473118,28.758,0,1.127441795,,,7.291,16.361,28.758,0,0
1AF6,A,165,ASN,N,E,0.303191489,25.012,0,1.518790637,,,10.651,18.982,25.012,4.68193E-09,0.999999993
1AF6,A,166,GLU,E,E,0.437209302,20.406,0,1.187133101,,,7.867,17.611,20.406,0.01241392,0.98592089
1AF6,A,167,THR,T,E,0.016129032,20.371,0,1.30243234,,,12.787,14.565,20.371,0,0
1AF6,A,168,ALA,A,E,0.025157233,15.248,0,1.40470246,,,12.847,17.04,15.248,-0.000204128,0.0002845
1AF6,A,169,ASN,N,E,0,14.349,0,-1.486194133,,,13.09,11.334,14.349,0.072847328,0.895745793
1AF6,A,170,ASP,D,E,0.015873016,10.451,0,1.515402587,,,16.495,13.951,10.451,1.011476555,0.057950405
1AF6,A,171,VAL,V,E,0.006097561,7.806,0,-1.519337026,,,14.339,9.35,7.806,-1.19960137,0.999999903
1AF6,A,172,PHE,F,E,0.337552743,5.372,0,1.511104563,,,19.467,10.847,5.372,-2.13926406,0.890602981
1AF6,A,173,ASP,D,E,0.010582011,2.289,0,-1.520426256,,,15.55,7.989,2.289,1.073697664,1.03708E-07
1AF6,A,174,VAL,V,E,0.396341463,-0.517,0,1.537573738,,,20.536,6.615,-0.517,-1.199601486,1
1AF6,A,175,ARG,R,E,0.007194245,-3.143,0,-1.530047058,,,15.955,4.17,-3.143,1.254652038,0.044466066
1AF6,A,176,LEU,L,E,0.174528302,-6.11,0,1.522411902,,,20.282,2.099,-6.11,-1.916945918,0.962518863
1AF6,A,177,ALA,A,E,0.113207547,-7.987,0,-1.526415736,,,14.712,1.525,-7.987,-0.049021332,0.068322685
1AF6,A,178,GLN,Q,E,0.46835443,-12.364,0,-1.302226555,,,14.873,0.479,-12.364,0.125586232,0.780908779
1AF6,A,179,MET,M,E,0.171568627,-10.637,0,1.016953293,,,19.454,-3.073,-10.637,-1.322033595,0.640076913
1AF6,A,180,GLU,E,E,0.655813953,-15.795,0,-0.27752117,,,17.545,-5.421,-15.795,0.198455598,0.774923779
1AF6,A,181,ILE,I,E,0.563157895,-11.11,0,-0.199424171,,,19.227,-8.477,-11.11,-1.072613151,0.977274418
1AF6,A,182,ASN,N,E,0.303191489,-13.297,0,1.042966922,,,17.366,-12.438,-13.297,0.372647465,0.466691957
1AF6,A,183,PRO,P,T,0.672131148,-17.983,0,1.216947,,,14.957,-13.067,-17.983,1.75239E-05,0.99996764
1AF6,A,184,GLY,G,T,0.471153846,-15.885,1,1.482119287,,,11.663,-10.257,-15.885,0.023723319,0.959677103
1AF6,A,185,GLY,G,E,0.019230769,-12.563,1,1.51990294,,,13.322,-9.438,-12.563,0.315990048,0.462906768
1AF6,A,186,THR,T,E,0.247311828,-11.242,0,-1.51912771,,,13.458,-4.838,-11.242,0,0
1AF6,A,187,LEU,L,E,0.198113208,-7.675,0,1.519243233,,,17.59,-5.91,-7.675,-1.84241236,0.925094773
1AF6,A,188,GLU,E,E,0.102325581,-5.362,0,-1.518167316,,,14.478,-1.664,-5.362,0.881716988,1.04346E-05
1AF6,A,189,LEU,L,E,0.344339623,-3.025,0,1.498823872,,,19.723,-1.606,-3.025,-1.983507102,0.995939939
1AF6,A,190,GLY,G,E,0.048076923,-0.06,1,-1.377739913,,,17.696,1.164,-0.06,7.78435E-05,0.999867688
1AF6,A,191,VAL,V,E,0.359756098,2.857,0,1.545477273,,,20.982,2.929,2.857,-1.199601486,1
1AF6,A,192,ASP,D,E,0,6.017,0,-1.483934298,,,16.37,4.537,6.017,1.07317211,0.000489584
1AF6,A,193,TYR,Y,E,0.2,8.161,0,1.53249633,,,21.108,7.181,8.161,-1.270925002,0.949367291
1AF6,A,194,GLY,G,E,0,11.025,1,-1.408575558,,,17.436,8.062,11.025,0.529764756,0.099550549
1AF6,A,195,ARG,R,E,0.35971223,13.964,0,1.541502189,,,19.755,10.663,13.964,0.584961709,0.554497385
1AF6,A,196,ALA,A,E,0.012578616,18.368,0,-0.39424358,,,16.652,11.719,18.368,-4.12916E-05,5.75495E-05
1AF6,A,197,ASN,N,,0.106382979,14.827,0,0.589274978,,,17.332,16.214,14.827,0.029158638,0.958270114
1AF6,A,198,LEU,L,,0.183962264,20.637,0,1.096600657,,,18.798,17.086,20.637,-0.677932842,0.340397265
1AF6,A,199,ARG,R,,0.431654676,20.84,0,-1.362728146,,,16.199,21.978,20.84,0.327621298,0.750485985
1AF6,A,200,ASP,D,T,0.46031746,21.294,0,1.50719939,,,20.652,24.582,21.294,0.033300721,0.968985015
1AF6,A,201,ASN,N,T,0.64893617,25.936,0,1.346614273,,,20.81,23.35,25.936,1.57684E-09,0.999999998
1AF6,A,202,TYR,Y,,0.184,24.327,0,-1.232131486,,,16.936,19.373,24.327,-0.000325431,0.000243093
1AF6,A,203,ARG,R,B,0.510791367,27.528,0,0.607126017,,,19.421,15.677,27.528,0.200333811,0.847427216
1AF6,A,204,LEU,L,,0.056603774,24.483,0,-0.978313344,,,17.948,11.364,24.483,-0.457430582,0.229680744
1AF6,A,205,VAL,V,,0.115853659,28.799,0,-1.529746711,,,15.91,9.032,28.799,-2.88617E-08,2.40594E-08
1AF6,A,206,ASP,D,T,0.82010582,30.909,0,0.595960569,,,20.86,7.594,30.909,0.001315265,0.998775013
1AF6,A,207,GLY,G,T,0.490384615,27.214,1,-1.260079819,,,20.628,4.87,27.214,9.1805E-13,1
1AF6,A,208,ALA,A,,0.088050314,24.266,0,1.502422377,,,17.836,7.666,24.266,-3.78069E-06,5.26928E-06
1AF6,A,209,SER,S,,0.051136364,20.252,0,-1.282140788,,,17.773,3.859,20.252,0,0
1AF6,A,210,LYS,K,,0.406926407,19.914,0,1.472983367,,,20.52,8.38,19.914,0.287681398,0.773830219
1AF6,A,211,ASP,D,E,0.28042328,15.28,0,1.380968501,,,20.891,7.57,15.28,0.396172653,0.631020328
1AF6,A,212,GLY,G,E,0.009615385,13.764,1,-1.529615635,,,19.599,3.691,13.764,0.15634314,0.734261117
1AF6,A,213,TRP,W,E,0.65625,9.832,0,1.493265549,,,20.955,1.626,9.832,-1.056228791,0.90421138
1AF6,A,214,LEU,L,E,0.004716981,7.883,0,-1.52298654,,,15.767,0.885,7.883,-1.830125119,0.918925219
1AF6,A,215,PHE,F,E,0.362869198,5.209,0,1.528860033,,,19.774,-2.47,5.209,-2.118933714,0.882139198
1AF6,A,216,THR,T,E,0.032258065,2.017,0,-1.518030961,,,14.98,-1.775,2.017,0,0
1AF6,A,217,ALA,A,E,0.226415094,-0.477,0,1.519573953,,,17.453,-6.263,-0.477,-0.717497153,1
1AF6,A,218,GLU,E,E,0.009302326,-2.797,0,-1.537250793,,,12.319,-4.76,-2.797,0.881726184,4.94601E-09
1AF6,A,219,HIS,H,E,0.19138756,-5.771,0,1.537594225,,,14.121,-9.526,-5.771,1.185231425,0.010687922
1AF6,A,220,THR,T,E,0.166666667,-8.6,0,-1.489466012,,,9.919,-6.522,-8.6,0,0
1AF6,A,221,GLN,Q,E,0.189873418,-10.063,0,1.44557428,,,9.991,-12.191,-10.063,0.383408404,0.3311256
1AF6,A,222,SER,S,E,0.448863636,-14.818,0,-0.713969887,,,7.426,-10.019,-14.818,0,0
1AF6,A,223,VAL,V,E,0.335365854,-11.922,0,0.77976022,,,5.56,-14.813,-11.922,-1.193152285,0.994623881
1AF6,A,224,LEU,L,T,0.490566038,-13.236,0,1.03039507,,,1.629,-16.424,-13.236,-1.358811444,0.682273628
1AF6,A,225,LYS,K,T,0.688311688,-16.065,0,1.461818388,,,-0.814,-12.578,-16.065,0.496479771,0.60967681
1AF6,A,226,GLY,G,E,0.192307692,-12.219,1,1.24360765,,,1.355,-10.609,-12.219,0.368250167,0.374079425
1AF6,A,227,PHE,F,E,0.189873418,-9.723,0,-1.528422062,,,4.585,-8.821,-9.723,-2.400336728,0.999290871
1AF6,A,228,ASN,N,E,0.159574468,-7.043,0,1.525892853,,,6.879,-13.033,-7.043,0.698747128,4.59381E-09
1AF6,A,229,LYS,K,E,0.181818182,-4.032,0,-1.452997247,,,7.434,-8.126,-4.032,1.259322607,0.009943917
1AF6,A,230,PHE,F,E,0.371308017,-2.793,0,1.433675347,,,11.631,-12.007,-2.793,-1.75952795,0.732513983
1AF6,A,231,VAL,V,E,0,0.955,0,-1.470377162,,,10.712,-7.589,0.955,-1.199601486,1
1AF6,A,232,VAL,V,E,0.31097561,2.869,0,1.519580534,,,15.852,-9.317,2.869,-1.199601486,1
1AF6,A,233,GLN,Q,E,0.004219409,5.825,0,-1.524239482,,,13.705,-4.826,5.825,0.571715657,0.002614541
1AF6,A,234,TYR,Y,E,0.404,8.379,0,1.527530032,,,18.62,-5.808,8.379,-1.293199552,0.966006141
1AF6,A,235,ALA,A,E,0,11.236,0,-1.521536066,,,15.38,-1.858,11.236,-0.002797646,0.003899174
1AF6,A,236,THR,T,E,0.161290323,13.458,0,1.431680481,,,20.153,-0.922,13.458,0,0
1AF6,A,237,ASP,D,G,0.227513228,17.569,0,1.515029043,,,19.127,1.423,17.569,0.157805468,0.853026176
1AF6,A,238,SER,S,G,0,16.577,0,1.511000331,,,16.305,5.181,16.577,0,0
1AF6,A,239,MET,M,G,0.004901961,12.174,0,0.970909368,,,15.308,2.085,12.174,-1.241497206,0.601084346
1AF6,A,240,THR,T,T,0,15.977,0,1.168080905,,,13.642,-1.722,15.977,0,0
1AF6,A,241,SER,S,T,0.153409091,17.949,0,0.958676171,,,9.78,1.459,17.949,0,0
1AF6,A,242,GLN,Q,T,0.172995781,13.236,0,1.420091898,,,8.231,3.502,13.236,0.073017854,0.872616841
1AF6,A,243,GLY,G,,0.009615385,11.488,1,-1.523339944,,,9.834,-0.353,11.488,0.47451546,0.193458643
1AF6,A,244,LYS,K,S,0.164502165,7.866,0,-1.513381974,,,7.594,1.546,7.866,1.140570873,0.103304328
1AF6,A,245,GLY,G,S,0,7.764,1,-1.248458607,,,11.796,3.819,7.764,0.379963382,0.354170289
1AF6,A,246,LEU,L,,0.103773585,10.692,0,-1.492660712,,,9.595,6.958,10.692,-1.613011173,0.809910006
1AF6,A,247,SER,S,,0,13.357,0,1.533948174,,,14.545,7.63,13.357,0,0
1AF6,A,248,GLN,Q,,0.257383966,17.468,0,-1.480435409,,,10.899,6.176,17.468,0.005796413,0.989887878
1AF6,A,249,GLY,G,,0,18.914,1,1.508037805,,,15.332,7.86,18.914,0.000386843,0.999342477
1AF6,A,250,SER,S,S,0,22.409,0,-1.518994404,,,12.876,10.22,22.409,0,0
1AF6,A,251,GLY,G,,0.019230769,23.483,1,1.21486305,,,12.639,5.808,23.483,3.27597E-08,0.999999944
1AF6,A,252,VAL,V,E,0.054878049,26.111,0,1.445996196,,,10.262,8.998,26.111,-3.61936E-07,3.01714E-07
1AF6,A,253,ALA,A,E,0.106918239,25.174,0,-1.48483164,,,5.759,5.563,25.174,-2.75801E-06,3.84394E-06
1AF6,A,254,PHE,F,E,0.198312236,27.043,0,1.498208597,,,2.897,9.864,27.043,-0.26273305,0.109379128
1AF6,A,255,ASP,D,,0.063492063,30.442,0,-0.652947931,,,0.175,6.101,30.442,0.001502502,0.998600629
1AF6,A,256,ASN,N,T,0.920212766,29.076,0,-1.529536531,,,-4.538,7.536,29.076,5.11491E-11,1
1AF6,A,257,GLU,E,T,0.558139535,33.512,0,-0.587412121,,,-2.481,9.831,33.512,3.68218E-05,0.999958239
1AF6,A,258,LYS,K,,0.705627706,30.445,0,1.532452283,,,0.365,13.32,30.445,0.074314609,0.941575232
1AF6,A,259,PHE,F,,0.223628692,33.662,0,-1.041764849,,,2.81,8.879,33.662,-0.036536553,0.015210634
1AF6,A,260,ALA,A,E,0.018867925,30.533,0,1.522022996,,,7.498,10.056,30.533,-5.25986E-07,7.33085E-07
1AF6,A,261,TYR,Y,E,0.156,30.79,0,-1.483041807,,,6.701,4.445,30.79,-5.26848E-08,3.9355E-08
1AF6,A,262,ASN,N,E,0.377659574,29.738,0,1.260335273,,,11.934,3.583,29.738,2.60331E-11,1
1AF6,A,263,ILE,I,,0.347368421,24.746,0,-1.258145461,,,9.094,2.187,24.746,-0.000960274,0.000874921
1AF6,A,264,ASN,N,,0.143617021,25.647,0,1.20068064,,,15.176,1.446,25.647,2.20689E-09,0.999999997
1AF6,A,265,ASN,N,,0.010638298,20.12,0,-1.07194123,,,13.407,1.015,20.12,3.20654E-06,0.999995411
1AF6,A,266,ASN,N,,0.170212766,22.397,0,1.009205628,,,18.923,-0.53,22.397,1.28583E-07,0.999999816
1AF6,A,267,GLY,G,E,0.096153846,19.387,1,-1.524886342,,,18.266,-3.957,19.387,0.00017488,0.999702753
1AF6,A,268,HIS,H,E,0.258373206,15.308,0,1.434389766,,,18.607,-5.788,15.308,0.000122947,0.999897376
1AF6,A,269,MET,M,E,0,13.197,0,-1.500952031,,,13.503,-5.16,13.197,-1.1919772,0.577108697
1AF6,A,270,LEU,L,E,0.254716981,10.975,0,1.516955504,,,15.611,-10.022,10.975,-1.586627389,0.796662428
1AF6,A,271,ARG,R,E,0,8.062,0,-1.51590567,,,11.191,-7.521,8.062,0.9577567,0.270579412
1AF6,A,272,ILE,I,E,0.342105263,5.647,0,1.523732588,,,12.471,-12.767,5.647,-1.097552973,0.999997475
1AF6,A,273,LEU,L,E,0.004716981,3.35,0,-1.532873119,,,8.395,-9.49,3.35,-1.980390424,0.994375022
1AF6,A,274,ASP,D,E,0.232804233,-0.31,0,1.479781403,,,7.87,-13.845,-0.31,1.073697775,2.66454E-15
1AF6,A,275,HIS,H,E,0.062200957,-0.77,0,-1.317938542,,,3.539,-10.166,-0.77,1.19803594,5.32907E-15
1AF6,A,276,GLY,G,E,0.038461538,-4.961,1,1.492385085,,,2.565,-11.1,-4.961,0.060548953,0.897083997
1AF6,A,277,ALA,A,E,0.025157233,-7.149,0,-1.511647115,,,-1.21,-10.148,-7.149,-0.114523758,0.159615628
1AF6,A,278,ILE,I,E,0.126315789,-9.781,0,1.528364158,,,0.124,-15.201,-9.781,-1.092997556,0.995846964
1AF6,A,279,SER,S,E,0.113636364,-13.765,0,-0.934753978,,,-3.58,-14.301,-13.765,0,0
1AF6,A,280,MET,M,E,0.401960784,-12.089,0,0.944648612,,,-4.18,-19.775,-12.089,-1.245754078,0.603145357
1AF6,A,281,GLY,G,T,0.471153846,-16.596,1,-1.094897542,,,-5.894,-18.939,-16.596,0.010492308,0.98216606
1AF6,A,282,ASP,D,T,0.708994709,-18.546,0,0.776162998,,,-9.539,-16.58,-18.546,0.104030428,0.903110139
1AF6,A,283,ASN,N,T,0.409574468,-14.232,0,1.534881103,,,-11.645,-18.791,-14.232,0.090502053,0.870479536
1AF6,A,284,TRP,W,E,0.725,-10.845,0,1.47327153,,,-7.869,-18.624,-10.845,-1.150031386,0.984513464
1AF6,A,285,ASP,D,E,0.021164021,-9.716,0,-1.518296743,,,-6.832,-13.075,-9.716,1.039911035,0.031467645
1AF6,A,286,MET,M,E,0.191176471,-6.048,0,1.51137454,,,-4.186,-16.282,-6.048,-1.612195227,0.780561816
1AF6,A,287,MET,M,E,0.024509804,-3.214,0,-1.375908791,,,-3.579,-11.364,-3.214,-1.828856564,0.885460754
1AF6,A,288,TYR,Y,E,0.18,-1.809,0,1.436890045,,,-0.072,-15.447,-1.809,-0.163042336,0.121790869
1AF6,A,289,VAL,V,E,0.030487805,2.723,0,-1.020650773,,,1.352,-12.164,2.723,-1.199601486,1
1AF6,A,290,GLY,G,E,0.211538462,3.829,1,1.155066778,,,4.197,-14.838,3.829,0.019207075,0.967353434
1AF6,A,291,MET,M,E,0.034313725,6.486,0,-1.524011155,,,5.789,-11.474,6.486,-1.581094254,0.765503942
1AF6,A,292,TYR,Y,E,0.172,9.11,0,1.530307159,,,9.713,-14.607,9.11,-1.335973037,0.997957473
1AF6,A,293,GLN,Q,E,0.004219409,11.314,0,-1.538201872,,,8.357,-9.386,11.314,0.227262435,0.603529752
1AF6,A,294,ASP,D,E,0.121693122,14.373,0,1.522317313,,,12.862,-11.638,14.373,0.536599645,0.500232135
1AF6,A,295,ILE,I,E,0.015789474,16.863,0,-1.51452996,,,10.879,-6.588,16.863,-0.146935098,0.133874838
1AF6,A,296,ASN,N,E,0.303191489,18.703,0,1.450861813,,,15.906,-9.151,18.703,2.86762E-05,0.999958961
1AF6,A,297,TRP,W,E,0.28125,22.307,0,-1.455589228,,,13.902,-4.843,22.307,-0.017334611,0.014839733
1AF6,A,298,ASP,D,T,0.619047619,24.745,0,1.521117024,,,18.722,-4.146,24.745,0.009149855,0.991478184
1AF6,A,299,ASN,N,T,0.329787234,27.288,0,-1.517975626,,,14.041,-3.662,27.288,3.43342E-10,1
1AF6,A,300,ASP,D,S,0.439153439,27.481,0,0.682504945,,,13.524,-8.875,27.481,0.003672444,0.996579629
1AF6,A,301,ASN,N,,0.085106383,25.918,0,-1.35743324,,,9.416,-5.58,25.918,1.61003E-09,0.999999998
1AF6,A,302,GLY,G,,0.009615385,21.46,1,1.522526175,,,10.162,-7.513,21.46,3.33024E-06,0.99999434
1AF6,A,303,THR,T,E,0.053763441,18.812,0,-1.454735715,,,6.824,-9.312,18.812,0,0
1AF6,A,304,LYS,K,E,0.303030303,17.261,0,1.44505294,,,9.357,-13.918,17.261,0.419773371,0.669981959
1AF6,A,305,TRP,W,E,0,14.133,0,-1.528929364,,,5.21,-11.29,14.133,-0.910163593,0.779168572
1AF6,A,306,TRP,W,E,0.89375,11.597,0,1.524755718,,,5.006,-16.645,11.597,-1.167747768,0.999680021
1AF6,A,307,THR,T,E,0.016129032,8.481,0,-1.460412271,,,1.66,-13.068,8.481,0,0
1AF6,A,308,VAL,V,E,0.481707317,5.692,0,1.525549081,,,1.164,-17.718,5.692,-1.199601486,1
1AF6,A,309,GLY,G,E,0.086538462,3.881,1,-1.529984293,,,-2.365,-15.843,3.881,0.020351325,0.965408534
1AF6,A,310,ILE,I,E,0.352631579,-0.163,0,1.404259591,,,-3.882,-17.648,-0.163,-1.097555744,1
1AF6,A,311,ARG,R,E,0.017985612,-1.186,0,-1.503043579,,,-6.67,-13.016,-1.186,1.305942449,0.005403659
1AF6,A,312,PRO,P,E,0.136612022,-4.222,0,1.518558527,,,-8.226,-17.978,-4.222,0.541535031,1.64567E-09
1AF6,A,313,MET,M,E,0,-7.098,0,-1.476905549,,,-10.197,-13.469,-7.098,-1.538848876,0.745050384
1AF6,A,314,TYR,Y,E,0.268,-8.5,0,1.479881414,,,-13.63,-18.099,-8.5,-1.303746768,0.973884797
1AF6,A,315,LYS,K,E,0.086580087,-12.945,0,-1.13725327,,,-13.335,-14.15,-12.945,0.743805339,0.415234035
1AF6,A,316,TRP,W,S,0.9375,-11.969,0,1.270671083,,,-18.994,-15.868,-11.969,-1.159000094,0.992191354
1AF6,A,317,THR,T,S,0.220430108,-14.633,0,1.461465018,,,-19.477,-12.558,-14.633,0,0
1AF6,A,318,PRO,P,S,0.491803279,-17.494,0,-0.673982937,,,-16.181,-9.422,-17.494,3.13434E-05,0.999942121
1AF6,A,319,ILE,I,S,0.068421053,-13.683,0,1.498863903,,,-18.55,-6.925,-13.683,-0.791799763,0.721421
1AF6,A,320,MET,M,E,0.25,-10.912,0,1.51566751,,,-20.171,-11.131,-10.912,-1.307056618,0.632825647
1AF6,A,321,SER,S,E,0,-8.813,0,-1.510955327,,,-15.087,-12.305,-8.813,0,0
1AF6,A,322,THR,T,E,0.172043011,-5.483,0,1.529428651,,,-16.742,-16.381,-5.483,0,0
1AF6,A,323,VAL,V,E,0.018292683,-3.221,0,-1.531901106,,,-13.002,-12.452,-3.221,-1.199601486,1
1AF6,A,324,MET,M,E,0.318627451,-0.426,0,1.51632846,,,-12.097,-17.358,-0.426,-2.04332202,0.989296532
1AF6,A,325,GLU,E,E,0,2.465,0,-1.483213403,,,-9.239,-13.35,2.465,0.881726187,1.119E-09
1AF6,A,326,ILE,I,E,0.352631579,4.223,0,1.502228012,,,-7.343,-18.598,4.223,-1.097555689,0.99999995
1AF6,A,327,GLY,G,E,0.009615385,6.939,1,-1.387736098,,,-4.986,-15.593,6.939,0.256827855,0.563465673
1AF6,A,328,TYR,Y,E,0.344,9.58,0,1.520370021,,,-2.369,-18.341,9.58,-1.335965406,0.997951772
1AF6,A,329,ASP,D,E,0.010582011,13.045,0,-1.4245308,,,-1.525,-13.696,13.045,0.751681831,0.299913022
1AF6,A,330,ASN,N,E,0.095744681,14.772,0,1.507703552,,,2.106,-17.679,14.772,0.032438043,0.95357685
1AF6,A,331,VAL,V,E,0,17.782,0,-1.517346368,,,2.523,-12.598,17.782,-0.007280806,0.006069354
1AF6,A,332,GLU,E,E,0.218604651,19.873,0,1.490118116,,,6.738,-15.911,19.873,0.016860661,0.980877667
1AF6,A,333,SER,S,E,0,24.418,0,-0.736038722,,,5.724,-12.507,24.418,0,0
1AF6,A,334,GLN,Q,T,0.215189873,23.009,0,-1.450422352,,,11.069,-11.002,23.009,0.000417061,0.999272417
1AF6,A,335,ARG,R,T,0.330935252,27.721,0,-1.428986354,,,8.834,-10.366,27.721,0.197733949,0.849407252
1AF6,A,336,THR,T,T,0.241935484,28.594,0,-1.50521261,,,6.067,-14.334,28.594,0,0
1AF6,A,337,GLY,G,,0.384615385,25.354,1,0.854933505,,,7.912,-16.993,25.354,2.34584E-10,1
1AF6,A,338,ASP,D,,0.232804233,25.894,0,-1.299477587,,,3.104,-16.445,25.894,0.006167075,0.994256228
1AF6,A,339,LYS,K,E,0.380952381,20.939,0,1.33996194,,,2.674,-18.733,20.939,0.24894256,0.804285975
1AF6,A,340,ASN,N,E,0,20.403,0,-1.525259978,,,-0.864,-14.198,20.403,2.1089E-06,0.999996982
1AF6,A,341,ASN,N,E,0.212765957,16.897,0,1.492161184,,,-1.87,-18.553,16.897,0.000602858,0.99913723
1AF6,A,342,GLN,Q,E,0.008438819,15.07,0,-1.535378129,,,-5.714,-15.066,15.07,0.023144606,0.959623122
1AF6,A,343,TYR,Y,E,0.368,11.318,0,1.443698029,,,-6.647,-19.263,11.318,-1.158767934,0.865587169
1AF6,A,344,LYS,K,E,0.004329004,9.77,0,-1.542082358,,,-8.993,-14.278,9.77,1.014176869,0.202672951
1AF6,A,345,ILE,I,E,0.336842105,7.034,0,1.534030639,,,-12.014,-18.48,7.034,-1.097502128,0.99995115
1AF6,A,346,THR,T,E,0,4.642,0,-1.541009085,,,-13.031,-13.318,4.642,0,0
1AF6,A,347,LEU,L,E,0.433962264,2.152,0,1.51138678,,,-16.988,-16.653,2.152,-1.98887551,0.998635473
1AF6,A,348,ALA,A,E,0.012578616,-0.249,0,-1.53600293,,,-16.269,-11.482,-0.249,-0.717497153,1
1AF6,A,349,GLN,Q,E,0.257383966,-3.472,0,1.517553953,,,-20.834,-12.605,-3.472,0.573203815,1.83782E-05
1AF6,A,350,GLN,Q,E,0.025316456,-5.048,0,-1.530752756,,,-16.574,-9.201,-5.048,0.572833712,0.000664039
1AF6,A,351,TRP,W,E,0.25,-8.256,0,1.528927729,,,-20.372,-6.274,-8.256,-0.79864272,0.683698307
1AF6,A,352,GLN,Q,E,0,-8.897,0,-1.423130704,,,-14.682,-5.562,-8.897,0.497568863,0.131967189
1AF6,A,353,ALA,A,S,0.062893082,-12.017,0,-1.498765158,,,-14.906,-1.127,-12.017,-0.001573875,0.002193562
1AF6,A,354,GLY,G,S,0.182692308,-14.396,1,-1.043558846,,,-12.827,-4.9,-14.396,0.097131369,0.834904291
1AF6,A,355,ASP,D,S,0.497354497,-15.532,0,0.835852858,,,-11.894,-9.351,-15.532,0.361094235,0.663690991
1AF6,A,356,SER,S,S,0.1875,-12.498,0,-1.466138465,,,-7.517,-7.313,-12.498,0,0
1AF6,A,357,ILE,I,T,0.042105263,-7.744,0,1.408466542,,,-7.304,-9.94,-7.744,-1.09735961,0.999821299
1AF6,A,358,TRP,W,T,0.56875,-9.24,0,-1.351651582,,,-5.343,-4.95,-9.24,-0.971134011,0.831363841
1AF6,A,359,SER,S,,0.113636364,-11.036,0,1.247101038,,,-10.779,-4.606,-11.036,0,0
1AF6,A,360,ARG,R,S,0.082733813,-7.11,0,-1.122301207,,,-10.673,-0.375,-7.11,1.024830222,0.219496702
1AF6,A,361,PRO,P,,0.005464481,-7.029,0,1.529334823,,,-15.311,0.848,-7.029,0.541493439,7.68046E-05
1AF6,A,362,ALA,A,E,0,-5.141,0,-1.419208582,,,-14.402,-4.229,-5.141,-0.54752878,0.76310934
1AF6,A,363,ILE,I,E,0.031578947,-4.386,0,1.434927873,,,-20.075,-3.443,-4.386,-1.097555652,0.999999916
1AF6,A,364,ARG,R,E,0.003597122,-0.703,0,-1.309446066,,,-17.196,-7.003,-0.703,1.310788362,0.001713047
1AF6,A,365,VAL,V,E,0.463414634,-0.045,0,1.440775486,,,-22.369,-9.311,-0.045,-1.199601486,1
1AF6,A,366,PHE,F,E,0.050632911,3.215,0,-1.519637128,,,-17.724,-10.391,3.215,-1.828503626,0.761229439
1AF6,A,367,ALA,A,E,0.283018868,5.82,0,1.513405762,,,-19.849,-14.654,5.82,-0.377517899,0.526159438
1AF6,A,368,THR,T,E,0.016129032,8.477,0,-1.508623876,,,-15.242,-12.319,8.477,0,0
1AF6,A,369,TYR,Y,E,0.3,10.428,0,1.509813896,,,-15.292,-17.724,10.428,-1.281724452,0.957434364
1AF6,A,370,ALA,A,E,0,13.448,0,-1.490499581,,,-11.606,-14.391,13.448,-0.000599864,0.000836051
1AF6,A,371,LYS,K,E,0.19047619,15.582,0,1.516850685,,,-10.805,-19.641,15.582,0.530595173,0.582855913
1AF6,A,372,TRP,W,E,0.13125,18.266,0,-1.521106505,,,-7.868,-15.497,18.266,-0.22436899,0.192076751
1AF6,A,373,ASP,D,E,0.17989418,20.819,0,1.498360771,,,-5.492,-19.744,20.819,0.040298244,0.962467796
1AF6,A,374,GLU,E,E,0.023255814,22.891,0,-1.533734332,,,-4.341,-14.285,22.891,0.003246989,0.996317463
1AF6,A,375,LYS,K,S,0.471861472,25.651,0,1.53825388,,,-0.739,-18.053,25.651,0.132196755,0.896069362
1AF6,A,376,TRP,W,E,0,26.104,0,1.489021491,,,1.338,-13.298,26.104,-0.000534331,0.000457428
1AF6,A,377,GLY,G,E,0,26.231,1,0.883505174,,,-0.974,-9.616,26.231,1.85928E-11,1
1AF6,A,378,TYR,Y,E,0.256,26.028,0,-1.138135756,,,0.541,-5.055,26.028,-4.41762E-05,3.29991E-05
1AF6,A,379,ASP,D,,0.015873016,31.752,0,0.923943721,,,0.676,-5.283,31.752,0.001039509,0.999031842
1AF6,A,380,TYR,Y,,0.52,28.817,0,0.702835685,,,-2.389,-1.065,28.817,-1.05089E-06,7.85004E-07
1AF6,A,381,THR,T,,0.397849462,34.481,0,1.240632903,,,-3.792,-2.714,34.481,0,0
1AF6,A,382,GLY,G,S,0.528846154,36.024,1,-1.529927048,,,-3.155,1.384,36.024,6.83624E-28,1
1AF6,A,383,ASN,N,,0.053191489,34.972,0,1.479224797,,,-1.16,5.439,34.972,2.01031E-13,1
1AF6,A,384,ALA,A,T,0.094339623,32.976,0,1.008620841,,,3.668,4.944,32.976,-2.71625E-07,3.78573E-07
1AF6,A,385,ASP,D,T,0.455026455,37.945,0,1.477725956,,,2.803,7.206,37.945,0.00021866,0.999796349
1AF6,A,386,ASN,N,T,0.632978723,39.433,0,-1.531945495,,,0.02,2.808,39.433,5.48382E-15,1
1AF6,A,387,ASN,N,,0.14893617,36.41,0,-1.180813702,,,1.463,-0.242,36.41,6.00147E-14,1
1AF6,A,388,ALA,A,T,0.597484277,37.931,0,1.105200887,,,7.065,-1.562,37.931,-8.16575E-08,1.13809E-07
1AF6,A,389,ASN,N,T,0.164893617,34.499,0,1.518660594,,,4.395,-4.724,34.499,3.0247E-13,1
1AF6,A,390,PHE,F,T,0.075949367,32.479,0,-1.509874167,,,3.02,0.741,32.479,-0.054416521,0.022654293
1AF6,A,391,GLY,G,T,0.086538462,28.518,1,1.489574724,,,3.515,-1.784,28.518,1.29294E-14,1
1AF6,A,392,LYS,K,,0.25974026,30.304,0,0.871220982,,,6.093,-5.534,30.304,0.075509357,0.940635943
1AF6,A,393,ALA,A,E,0.006289308,26.488,0,1.090119718,,,4.833,-9.208,26.488,-1.78189E-06,2.48348E-06
1AF6,A,394,VAL,V,E,0,31.12,0,-1.26804574,,,1.878,-9.461,31.12,-3.90397E-09,3.25439E-09
1AF6,A,395,PRO,P,E,0.224043716,31.487,0,1.070697903,,,1.51,-15.008,31.487,1.29658E-10,1
1AF6,A,396,ALA,A,T,0.188679245,29.083,0,1.299948461,,,-3.403,-15.17,29.083,-7.98713E-07,1.11319E-06
1AF6,A,397,ASP,D,T,0.645502646,33.956,0,1.472943312,,,-3.836,-16.194,33.956,0.000577943,0.999461727
1AF6,A,398,PHE,F,G,0.23628692,34.381,0,-1.30735917,,,-0.007,-11.56,34.381,-0.028402363,0.011824267
1AF6,A,399,ASN,N,G,0.771276596,38.971,0,-1.518740597,,,-1.23,-10.3,38.971,7.80965E-15,1
1AF6,A,400,GLY,G,G,0.759615385,38.411,1,1.10145668,,,-5.243,-13.028,38.411,4.75176E-33,1
1AF6,A,401,GLY,G,,0.317307692,35.571,1,-1.431353589,,,-5.898,-10.553,35.571,5.79033E-27,1
1AF6,A,402,SER,S,,0.636363636,31.634,0,1.480459388,,,-8.288,-11.483,31.634,0,0
1AF6,A,403,PHE,F,,0.101265823,29.779,0,-1.432747361,,,-3.003,-9.824,29.779,-0.125367608,0.052192138
1AF6,A,404,GLY,G,S,0.326923077,25.511,1,1.390985138,,,-4.767,-10.543,25.511,1.50552E-10,1
1AF6,A,405,ARG,R,,0.258992806,22.3,0,-0.278804591,,,-8.178,-11.406,22.3,0.292317194,0.777373335
1AF6,A,406,GLY,G,,0.307692308,25.379,1,-1.480735037,,,-8.32,-15.095,25.379,2.18655E-10,1
1AF6,A,407,ASP,D,E,0.571428571,24.436,0,1.266131115,,,-9.057,-19.491,24.436,0.01020366,0.990496711
1AF6,A,408,SER,S,E,0.329545455,22.158,0,-1.351941197,,,-13.001,-16.509,22.158,0,0
1AF6,A,409,ASP,D,E,0.386243386,18.346,0,1.597648898,,,-15.441,-18.65,18.346,0.113295063,0.894481422
1AF6,A,410,GLU,E,E,0.120930233,16.915,0,-1.397738888,,,-16.147,-13.632,16.915,0.101270717,0.885144937
1AF6,A,411,TRP,W,E,0.80625,12.454,0,1.414013083,,,-18.969,-15.634,12.454,-1.130615394,0.967891914
1AF6,A,412,THR,T,E,0,11.276,0,-1.53085205,,,-18.19,-10.064,11.276,0,0
1AF6,A,413,PHE,F,E,0.320675105,7.769,0,1.511477754,,,-22.191,-11.35,7.769,-2.356606306,0.981085337
1AF6,A,414,GLY,G,E,0.057692308,5.949,1,-1.478496433,,,-21.922,-7.348,5.949,0.136244096,0.768423777
1AF6,A,415,ALA,A,E,0.06918239,2.243,0,1.40639717,,,-22.665,-4.812,2.243,-0.717317277,0.9997493
1AF6,A,416,GLN,Q,E,0.050632911,2.607,0,-1.352545008,,,-17.31,-3.462,2.607,0.573213674,1.17866E-06
1AF6,A,417,MET,M,E,0,-1.661,0,1.365725082,,,-17.803,0.318,-1.661,-1.953093342,0.945611338
1AF6,A,418,GLU,E,E,0,-1.299,0,-1.487670999,,,-12.458,-1.287,-1.299,0.881726188,5.97966E-13
1AF6,A,419,ILE,I,E,0,-4.793,0,1.470846355,,,-13.246,3.017,-4.793,-1.097555441,0.999999723
1AF6,A,420,TRP,W,E,0.55,-5.235,0,-1.471163485,,,-7.557,3.337,-5.235,-0.28319534,0.242436536
1AF6,A,421,TRP,W,,0.2875,-8.474,0,1.537967815,,,-10.602,6.776,-8.474,-0.839041484,0.718282691
