pdbID,Chain,ResIndex,3-Code,1-Code,SecondaryStructure,%SASA,zCoord of CB,GLY=1,vectProj,,algined,X,Y,Z,Ez,Ez_N
1KMO,A,81,ALA,A,,0.830188679,23.688,0,-1.133370637,,,-13.48,8.096,23.688,-4.65008E-06,6.48097E-06
1KMO,A,82,LEU,L,,0.273584906,19.135,0,1.529816983,,,-16.561,9.645,19.135,-0.790202349,0.396768975
1KMO,A,83,THR,T,,0.494623656,17.535,0,-1.503841747,,,-10.988,8.433,17.535,0,0
1KMO,A,84,VAL,V,,0.030487805,13.04,0,1.476169367,,,-12.613,11.858,13.04,-1.137446053,0.948186599
1KMO,A,85,VAL,V,,0.25,10.529,0,-1.383699751,,,-11.117,6.818,10.529,-1.199339063,0.999781242
1KMO,A,86,GLY,G,,0.057692308,8.312,1,-1.430170832,,,-10.604,10.452,8.312,0.46016454,0.217851127
1KMO,A,87,ASP,D,,0.328042328,5.192,0,-1.454235538,,,-7.052,9.888,5.192,1.073553155,0.000134694
1KMO,A,88,TRP,W,S,0.275,5.559,0,1.52833406,,,-9.783,4.473,5.559,-0.326636923,0.279625802
1KMO,A,89,LEU,L,S,0.014150943,1.479,0,0.769898695,,,-6.052,5.747,1.479,-1.990776979,0.999590221
1KMO,A,90,GLY,G,T,0.182692308,4.145,1,0.770075858,,,-3.056,7.03,4.145,0.027094259,0.953947463
1KMO,A,91,ASP,D,T,0.497354497,6.614,0,0.94010425,,,0.602,5.314,6.614,1.072495306,0.001119932
1KMO,A,92,ALA,A,,0,3.924,0,-1.118453396,,,-1.328,0.882,3.924,-0.696241818,0.970375721
1KMO,A,93,ARG,R,,0.59352518,9.675,0,1.198224103,,,-3.408,1.925,9.675,0.844691688,0.356688908
1KMO,A,94,GLU,E,H,0.613953488,10.532,0,1.147711636,,,-2.543,-3.514,10.532,0.856631475,0.028460892
1KMO,A,95,ASN,N,H,0.659574468,12.534,0,-0.796578308,,,-6.756,-1.086,12.534,0.608326131,0.129404466
1KMO,A,96,ASP,D,H,0.169312169,7.741,0,-1.404778274,,,-7.461,1.512,7.741,1.068946613,0.004425046
1KMO,A,97,VAL,V,H,0.103658537,5.667,0,-1.527892994,,,-5.873,-3.282,5.667,-1.199601486,1
1KMO,A,98,PHE,F,H,0.164556962,9.734,0,-0.599866652,,,-8.429,-5.692,9.734,-2.400216026,0.999240621
1KMO,A,99,GLU,E,T,0.344186047,9.693,0,-1.171266836,,,-11.925,-1.842,9.693,0.872102977,0.010914059
1KMO,A,100,HIS,H,,0.062200957,4.023,0,-1.192403036,,,-10.918,-2.243,4.023,1.197954772,6.77503E-05
1KMO,A,101,ALA,A,S,0.056603774,3.787,0,1.516425402,,,-16.826,-2.212,3.787,-0.701708086,0.977994244
1KMO,A,102,GLY,G,S,0,0.126,1,-1.521471598,,,-14.181,-4.238,0.126,8.76594E-05,0.999851004
1KMO,A,103,ALA,A,,0,-2.819,0,0.662037008,,,-11.265,-6.814,-2.819,-0.716219047,0.99821866
1KMO,A,104,ARG,R,E,0,0.762,0,-1.211255547,,,-8.375,-3.448,0.762,1.310352121,0.002045285
1KMO,A,105,ASP,D,E,0.015873016,-0.653,0,1.24372505,,,-4.189,-7.212,-0.653,1.073697775,1.76759E-12
1KMO,A,106,VAL,V,E,0.164634146,2.746,0,-0.890575095,,,-1.301,-3.556,2.746,-1.199601486,1
1KMO,A,107,ILE,I,E,0.105263158,-0.003,0,0.882638091,,,2.833,-6.438,-0.003,-1.097555744,1
1KMO,A,108,ARG,R,E,0.230215827,5.058,0,-0.267067407,,,4.475,-3.902,5.058,1.159124732,0.117218972
1KMO,A,109,ARG,R,G,0.179856115,3.599,0,1.455550755,,,9.143,-1.878,3.599,1.235538065,0.059023129
1KMO,A,110,GLU,E,G,0.63255814,6.854,0,-0.805749341,,,8.551,-6.2,6.854,0.881561098,0.000187235
1KMO,A,111,ASP,D,G,0.306878307,3.162,0,-1.522949769,,,6.714,-9.082,3.162,1.073695892,1.75427E-06
1KMO,A,112,PHE,F,T,0.037974684,-0.377,0,-1.515575798,,,10.101,-5.654,-0.377,-1.344625761,0.559784897
1KMO,A,113,ALA,A,G,0.245283019,1.111,0,1.189167776,,,14.002,-8.482,1.111,-0.717496721,0.999999398
1KMO,A,114,LYS,K,G,0.086580087,1.485,0,-1.279811314,,,10.416,-12.843,1.485,1.271637878,0.000261879
1KMO,A,115,THR,T,G,0.091397849,-3.832,0,-1.344251837,,,9.877,-13.017,-3.832,0,0
1KMO,A,116,GLY,G,T,0,-4.257,1,0.988094485,,,14.117,-10.846,-4.257,0.030474408,0.948202171
1KMO,A,117,ALA,A,,0.050314465,-4.851,0,-1.441575874,,,10.315,-7.896,-4.851,-0.603666253,0.841350032
1KMO,A,118,THR,T,,0.086021505,-7.131,0,1.387060922,,,14.654,-4.808,-7.131,0,0
1KMO,A,119,THR,T,S,0.161290323,-10.126,0,0.474826284,,,10.408,-4.011,-10.126,0,0
1KMO,A,120,MET,M,H,0.053921569,-8.756,0,-1.405066902,,,6.162,-1.292,-8.756,-1.431540361,0.693095802
1KMO,A,121,ARG,R,H,0.158273381,-11.867,0,0.347224711,,,5.859,-5.609,-11.867,0.702312426,0.465123927
1KMO,A,122,GLU,E,H,0.102325581,-8.085,0,1.493115535,,,8.82,-8.199,-8.085,0.880575486,0.001305056
1KMO,A,123,VAL,V,H,0,-4.344,0,-1.263064923,,,5.776,-5.865,-4.344,-1.199601486,1
1KMO,A,124,LEU,L,H,0,-8.205,0,-0.986116119,,,1.991,-5.332,-8.205,-1.810000146,0.908820257
1KMO,A,125,ASN,N,T,0.106382979,-9.317,0,1.272416991,,,3.371,-10.476,-9.317,0.698732939,2.03103E-05
1KMO,A,126,ARG,R,T,0.071942446,-3.846,0,1.033511006,,,3.069,-11.159,-3.846,1.224156916,0.067690931
1KMO,A,127,ILE,I,S,0.010526316,-4.543,0,-1.556035989,,,-1.501,-8.21,-4.543,-1.097555597,0.999999866
1KMO,A,128,PRO,P,T,0.010928962,-4.475,0,1.072132921,,,-5.362,-12.331,-4.475,0.541535028,5.61589E-09
1KMO,A,129,GLY,G,T,0.096153846,-8.524,1,-1.031664172,,,-6.422,-10.303,-8.524,0.488319587,0.169995551
1KMO,A,130,VAL,V,E,0.018292683,-8.714,0,-1.183466518,,,-2.489,-7.579,-8.714,-1.199599498,0.999998343
1KMO,A,131,SER,S,E,0.090909091,-13.97,0,0.987287699,,,-2.139,-9.906,-13.97,0,0
1KMO,A,132,ALA,A,,0,-12.21,0,-0.870565908,,,2.48,-6.691,-12.21,-0.001373039,0.001913651
1KMO,A,133,PRO,P,,0.092896175,-17.973,0,-0.765920361,,,2.789,-8.398,-17.973,1.77307E-05,0.999967258
1KMO,A,134,GLU,E,,0.097674419,-17.645,0,1.498889255,,,8.067,-9.785,-17.645,0.0645134,0.926832842
1KMO,A,135,ASN,N,S,0.180851064,-19.309,0,1.534910095,,,9.845,-4.958,-19.309,1.10174E-05,0.999984233
1KMO,A,136,ASN,N,B,0.106382979,-22.933,0,1.542507374,,,6.139,-6.899,-22.933,6.32487E-08,0.999999909
1KMO,A,137,GLY,G,T,0,-25.655,1,-1.078152606,,,5.823,-3.424,-25.655,9.984E-11,1
1KMO,A,138,THR,T,T,0.188172043,-25.04,0,-1.544171299,,,4.494,1.187,-25.04,0,0
1KMO,A,139,GLY,G,B,0,-21.514,1,-1.46050352,,,6.605,-0.532,-21.514,2.97244E-06,0.999994948
1KMO,A,140,SER,S,,0.005681818,-23.909,0,0.494272192,,,9.894,-3.118,-23.909,0,0
1KMO,A,141,HIS,H,S,0.014354067,-20.331,0,1.386091628,,,12.21,0.031,-20.331,2.27758E-06,0.999998099
1KMO,A,142,ASP,D,T,0.174603175,-15.177,0,1.294170391,,,13.112,-0.731,-15.177,0.411085323,0.617131252
1KMO,A,143,LEU,L,T,0,-17.199,0,1.209473439,,,11.239,4.29,-17.199,-0.957711912,0.480877301
1KMO,A,144,ALA,A,S,0.062893082,-18.571,0,-0.723707814,,,6.922,1.404,-18.571,-3.75735E-05,5.23674E-05
1KMO,A,145,MET,M,,0.058823529,-13.833,0,-0.91103293,,,4.183,0.998,-13.833,-1.162723963,0.562945425
1KMO,A,146,ASN,N,,0.031914894,-17.39,0,1.092275148,,,3.025,-3.447,-17.39,0.000254526,0.999635739
1KMO,A,147,PHE,F,,0.008438819,-12.772,0,-0.395126562,,,-0.002,-3.843,-12.772,-2.216134288,0.92260504
1KMO,A,148,GLY,G,E,0.028846154,-14.528,1,1.304668674,,,-4.022,-4.782,-14.528,0.087133988,0.851896997
1KMO,A,149,ILE,I,E,0.005263158,-10.81,0,-1.210542027,,,-7.06,-4.526,-10.81,-1.080191971,0.984179598
1KMO,A,150,ARG,R,T,0.010791367,-11.707,0,1.40241399,,,-10.373,-7.873,-11.707,0.712073365,0.457690066
1KMO,A,151,GLY,G,T,0.105769231,-16.033,1,1.520294949,,,-8.344,-8.8,-16.033,0.020170945,0.965715129
1KMO,A,152,LEU,L,S,0.023584906,-16.086,0,-1.222635269,,,-8.61,-3.896,-16.086,-1.06451454,0.534504033
1KMO,A,153,ASN,N,,0.393617021,-20.691,0,-1.137673503,,,-6.064,-3.1,-20.691,1.38495E-06,0.999998018
1KMO,A,154,PRO,P,,0.038251366,-17.698,0,1.494162307,,,-1.782,-5.732,-17.698,2.45446E-05,0.999954676
1KMO,A,155,ARG,R,G,0.316546763,-22.111,0,0.235002128,,,-0.776,-2.439,-22.111,0.296601642,0.774110331
1KMO,A,156,LEU,L,G,0.018867925,-20.02,0,1.073,,,0.876,1.716,-20.02,-0.722157388,0.362602878
1KMO,A,157,ALA,A,G,0.006289308,-14.715,0,-1.015343292,,,-0.365,0.486,-14.715,-0.000277031,0.000386108
1KMO,A,158,SER,S,,0.028409091,-18.493,0,0.379811795,,,-4.283,2.909,-18.493,0,0
1KMO,A,159,ARG,R,S,0.053956835,-16.104,0,1.401442828,,,-7.839,-0.268,-16.104,0.485561255,0.630200054
1KMO,A,160,SER,S,S,0.028409091,-11.089,0,-1.366918066,,,-5.697,0.697,-11.089,0,0
1KMO,A,161,THR,T,E,0.037634409,-8.993,0,1.208961951,,,-7.242,5.591,-8.993,0,0
1KMO,A,162,VAL,V,E,0.024390244,-10.417,0,-1.070818846,,,-1.505,4.618,-10.417,-1.199402349,0.999833998
1KMO,A,163,LEU,L,E,0.014150943,-5.411,0,1.14623078,,,-2.315,7.432,-5.411,-1.940433863,0.974312408
1KMO,A,164,MET,M,E,0.004901961,-4.968,0,1.365783658,,,3.147,8.298,-4.968,-1.69185681,0.819130836
1KMO,A,165,ASP,D,T,0.222222222,-0.296,0,1.45191081,,,1.982,10.034,-0.296,1.073697775,1.66533E-15
1KMO,A,166,GLY,G,T,0.269230769,-2.352,1,1.181430941,,,-2.506,9.826,-2.352,0.003020917,0.994865301
1KMO,A,167,ILE,I,E,0.042105263,-4.948,0,1.536648951,,,0.501,12.667,-4.948,-1.097555278,0.999999575
1KMO,A,168,PRO,P,E,0.038251366,-9.638,0,1.25832309,,,-2.34,12.197,-9.638,0.510966047,0.056448766
1KMO,A,169,VAL,V,,0.012195122,-9.988,0,-1.514620084,,,1.539,7.721,-9.988,-1.199534218,0.999943925
1KMO,A,170,PRO,P,S,0.054644809,-14.367,0,-1.474124147,,,-1.225,9.269,-14.367,0.001987741,0.996329432
1KMO,A,171,PHE,F,S,0.004219409,-16.74,0,1.172788557,,,2.788,12.63,-16.74,-1.63844055,0.68210375
1KMO,A,172,ALA,A,S,0,-18.73,0,0.096648849,,,-1.881,13.078,-18.73,-3.49217E-05,4.86715E-05
1KMO,A,173,PRO,P,T,0.027322404,-13.435,0,0.722274186,,,-4.565,11.878,-13.435,0.008086805,0.985066884
1KMO,A,174,TYR,Y,T,0,-16.712,0,1.547261129,,,-8.09,13.498,-16.712,-0.178967874,0.133687075
1KMO,A,175,GLY,G,T,0,-20.496,1,1.527924622,,,-6.39,12.384,-20.496,2.31638E-05,0.999960628
1KMO,A,176,GLN,Q,,0.147679325,-21.511,0,1.340980611,,,-2.268,10.683,-21.511,0.00079468,0.998613642
1KMO,A,177,PRO,P,,0.016393443,-17.077,0,1.409604909,,,-4.504,7.201,-17.077,5.21331E-05,0.999903731
1KMO,A,178,GLN,Q,,0.071729958,-20.947,0,-0.265277213,,,-0.687,5.006,-20.947,0.001024786,0.998212211
1KMO,A,179,LEU,L,,0,-15.939,0,-0.666817066,,,2.314,4.232,-15.939,-1.079101972,0.541828537
1KMO,A,180,SER,S,S,0.028409091,-21.455,0,0.780179467,,,4.738,5.587,-21.455,0,0
1KMO,A,181,LEU,L,S,0,-17.657,0,1.510933817,,,7.232,8.075,-17.657,-0.915860169,0.459863098
1KMO,A,182,ALA,A,,0.025157233,-13.631,0,-1.519679242,,,5.633,4.058,-13.631,-0.000534189,0.000744517
1KMO,A,183,PRO,P,,0,-11.89,0,1.487292843,,,8.139,9.22,-11.89,0.090025282,0.833759079
1KMO,A,184,VAL,V,,0.067073171,-8.015,0,-1.510459864,,,6.541,5.065,-8.015,-1.199601256,0.999999809
1KMO,A,185,SER,S,,0.090909091,-6.808,0,1.536400013,,,11.864,3.705,-6.808,0,0
1KMO,A,186,LEU,L,G,0.033018868,-5.019,0,1.468913204,,,10.153,-1.225,-5.019,-1.951183973,0.979710153
1KMO,A,187,GLY,G,G,0.076923077,-2.784,1,1.175662479,,,13.037,1.214,-2.784,0.005407392,0.990808972
1KMO,A,188,ASN,N,G,0.005319149,-2.445,0,1.270067715,,,11.198,5.678,-2.445,0.698747131,0
1KMO,A,189,MET,M,E,0,-1.215,0,-1.1463202,,,7.335,1.942,-1.215,-1.98755675,0.962297171
1KMO,A,190,ASP,D,E,0.26984127,4.302,0,-1.006956801,,,6.564,2.302,4.302,1.073669888,2.59735E-05
1KMO,A,191,ALA,A,E,0.012578616,2.6,0,-1.10527146,,,2.917,-0.293,2.6,-0.716858283,0.999109585
1KMO,A,192,ILE,I,E,0,-2.602,0,1.091588292,,,2.415,-1.958,-2.602,-1.097555744,1
1KMO,A,193,ASP,D,E,0,-0.022,0,1.279695276,,,-2.204,0.546,-0.022,1.073697775,0
1KMO,A,194,VAL,V,E,0,-4.213,0,1.385394168,,,-3.683,-3.552,-4.213,-1.199601486,1
1KMO,A,195,VAL,V,E,0,-2.38,0,1.441350755,,,-8.042,0.167,-2.38,-1.199601486,1
1KMO,A,196,ARG,R,,0.017985612,-5.731,0,1.515011881,,,-9.45,-4.709,-5.731,1.117608501,0.148837434
1KMO,A,197,GLY,G,S,0,-3.987,1,1.200901557,,,-12.953,-2.281,-3.987,0.022864332,0.961137137
1KMO,A,198,GLY,G,S,0.086538462,-1.885,1,-1.280552486,,,-14.499,0.479,-1.885,0.001549413,0.997366438
1KMO,A,199,GLY,G,,0.019230769,-3.086,1,-1.211028373,,,-12.366,3.381,-3.086,0.007960932,0.98646868
1KMO,A,200,ALA,A,T,0.018867925,-6.876,0,1.286174172,,,-15.366,3.692,-6.876,-0.150450659,0.209688161
1KMO,A,201,VAL,V,T,0.067073171,-2.755,0,0.908821215,,,-16.924,7.226,-2.755,-1.199601486,1
1KMO,A,202,ARG,R,T,0.028776978,-1.349,0,-0.717513763,,,-12.252,8.57,-1.349,1.30363083,0.007164172
1KMO,A,203,TYR,Y,S,0.068,-5.259,0,-1.484038409,,,-9.424,7.31,-5.259,-0.720918729,0.538518527
1KMO,A,204,GLY,G,,0.028846154,-9.344,1,1.526751913,,,-10.571,8.776,-9.344,0.568757707,0.033273619
1KMO,A,205,PRO,P,S,0.027322404,-13.499,0,0.888983689,,,-10.412,9.649,-13.499,0.007325971,0.986471842
1KMO,A,206,GLN,Q,S,0.025316456,-14.302,0,-1.492065682,,,-8.236,5.333,-14.302,0.037234854,0.935042006
1KMO,A,207,SER,S,G,0.022727273,-9.862,0,1.217103529,,,-12.106,4.63,-9.862,0,0
1KMO,A,208,VAL,V,G,0.036585366,-13.974,0,0.294550505,,,-12.835,0.418,-13.974,-0.904809982,0.754258804
1KMO,A,209,GLY,G,G,0.019230769,-11.391,1,-1.430972081,,,-9.576,-1.234,-11.391,0.487167526,0.171953728
1KMO,A,210,GLY,G,,0.067307692,-7.894,1,-1.529268893,,,-9.696,0.18,-7.894,0.399600067,0.320793509
1KMO,A,211,VAL,V,E,0.012195122,-5.488,0,1.225969412,,,-7.327,3.363,-5.488,-1.199601486,1
1KMO,A,212,VAL,V,E,0,-7.175,0,-1.053931687,,,-2.456,0.687,-7.175,-1.199601472,0.999999989
1KMO,A,213,ASN,N,E,0.005319149,-2.472,0,0.984733466,,,-2.109,4.188,-2.472,0.698747131,0
1KMO,A,214,PHE,F,E,0,-4.22,0,1.004070217,,,3.412,3.805,-4.22,-1.983511811,0.825761328
1KMO,A,215,VAL,V,E,0.018292683,1.682,0,-0.972131678,,,2.642,3.869,1.682,-1.199601486,1
1KMO,A,216,THR,T,E,0.005376344,0.533,0,1.505931273,,,6.887,7.811,0.533,0,0
1KMO,A,217,ARG,R,,0.04676259,3.593,0,1.514004624,,,10.43,5.277,3.593,1.235805773,0.058819245
1KMO,A,218,ALA,A,,0.34591195,8.288,0,-0.932069203,,,7.528,6.236,8.288,-0.036357853,0.050673167
1KMO,A,219,ILE,I,,0.094736842,8.643,0,1.525599227,,,9.88,11.249,8.643,-1.096693407,0.999214312
1KMO,A,220,PRO,P,,0.120218579,11.314,0,1.524461872,,,13.63,7.908,11.314,0.19622472,0.637650921
1KMO,A,221,GLN,Q,S,0.679324895,15.867,0,-1.041846918,,,10.301,8.599,15.867,0.01434767,0.9749698
1KMO,A,222,ASP,D,S,0.703703704,17.203,0,0.667215857,,,14.868,9.551,17.203,0.184258565,0.828388799
1KMO,A,223,PHE,F,,0.523206751,13.806,0,1.467231747,,,18.791,10.493,13.806,-2.093104101,0.871386
1KMO,A,224,GLY,G,E,0.067307692,11.209,1,-1.374700833,,,17.673,6.942,11.209,0.509457875,0.134066472
1KMO,A,225,ILE,I,E,0.252631579,8.423,0,1.535829418,,,21.356,6.072,8.423,-1.096946575,0.999444977
1KMO,A,226,GLU,E,E,0.190697674,6.396,0,-1.5190079,,,17.615,2.195,6.396,0.88165299,8.30168E-05
1KMO,A,227,ALA,A,E,0.245283019,2.926,0,1.519216245,,,22.021,2.028,2.926,-0.715738483,0.997548882
1KMO,A,228,GLY,G,E,0.115384615,0.9,1,-1.485051575,,,20.311,-1.633,0.9,0.000332568,0.999434728
1KMO,A,229,VAL,V,E,0.37804878,-2.606,0,1.55368594,,,22.842,-2.89,-2.606,-1.199601486,1
1KMO,A,230,GLU,E,E,0.051162791,-4.593,0,-1.514486051,,,18.899,-6.51,-4.593,0.881724699,1.68945E-06
1KMO,A,231,GLY,G,E,0.221153846,-7.31,1,1.376815615,,,22.445,-7.511,-7.31,0.311035563,0.471327984
1KMO,A,232,GLN,Q,E,0.071729958,-10.347,0,-1.469315487,,,19.595,-9.622,-10.347,0.348156744,0.392623816
1KMO,A,233,LEU,L,E,0.320754717,-12.554,0,1.513222059,,,23.971,-12.297,-12.554,-1.42976102,0.717898162
1KMO,A,234,SER,S,,0.045454545,-16.234,0,-1.182026226,,,19.889,-14.002,-16.234,0,0
1KMO,A,235,PRO,P,T,0.349726776,-14.784,0,1.077800074,,,23.857,-18.202,-14.784,0.001088945,0.997989151
1KMO,A,236,THR,T,T,0.317204301,-18.852,0,-1.532456851,,,20.852,-19.792,-18.852,0,0
1KMO,A,237,SER,S,S,0.034090909,-20.057,0,-1.425954067,,,20.924,-14.277,-20.057,0,0
1KMO,A,238,SER,S,S,0.267045455,-24.588,0,-0.270562377,,,23.931,-13.824,-24.588,0,0
1KMO,A,239,GLN,Q,,0.021097046,-20.73,0,-1.486265454,,,22.153,-10.224,-20.73,0.001132157,0.998024898
1KMO,A,240,ASN,N,,0.686170213,-19.311,0,1.421161849,,,27.893,-10.73,-19.311,1.09832E-05,0.999984282
1KMO,A,241,ASN,N,,0.521276596,-18.008,0,-1.345847317,,,25.259,-5.828,-18.008,8.93013E-05,0.999872198
1KMO,A,242,PRO,P,,0.393442623,-12.7,0,0.909586719,,,25.056,-7.637,-12.7,0.025621457,0.95268735
1KMO,A,243,LYS,K,E,0.056277056,-12.921,0,-1.490384179,,,19.827,-5.908,-12.921,0.74589655,0.413589963
1KMO,A,244,GLU,E,E,0.353488372,-9.193,0,1.524001312,,,23.229,-2.967,-9.193,0.87653824,0.005883854
1KMO,A,245,THR,T,E,0.064516129,-7.334,0,-1.539769463,,,17.741,-2.379,-7.334,0,0
1KMO,A,246,HIS,H,E,0.186602871,-4.239,0,1.516077175,,,21.386,0.853,-4.239,1.197866657,0.0001413
1KMO,A,247,ASN,N,E,0.170212766,-1.458,0,-1.510631987,,,16.716,1.811,-1.458,0.698747131,0
1KMO,A,248,LEU,L,E,0.287735849,0.352,0,1.434018828,,,20.069,5.845,0.352,-1.991584952,0.999995913
1KMO,A,249,MET,M,E,0.009803922,4.215,0,-1.436079733,,,15.832,5.454,4.215,-1.749692202,0.847132469
1KMO,A,250,VAL,V,E,0.25,5.601,0,1.497387391,,,19.661,9.722,5.601,-1.199601486,1
1KMO,A,251,GLY,G,E,0.048076923,8.188,1,-1.510787251,,,16.14,11.215,8.188,0.442768589,0.247419296
1KMO,A,252,GLY,G,E,0.134615385,11.579,1,1.511047514,,,14.794,12.082,11.579,0.462222771,0.214352718
1KMO,A,253,THR,T,E,0.225806452,13.657,0,-1.507364588,,,11.275,14.188,13.657,0,0
1KMO,A,254,ALA,A,,0.327044025,15.016,0,1.42647117,,,14.512,18.813,15.016,-0.000232838,0.000324514
1KMO,A,255,ASP,D,T,0.936507937,20.259,0,0.905584894,,,13.481,18.502,20.259,0.050649377,0.952827156
1KMO,A,256,ASN,N,T,0.537234043,16.83,0,1.363776008,,,11.594,22.356,16.83,0.000679098,0.999028121
1KMO,A,257,GLY,G,S,0.230769231,15.619,1,1.525865346,,,8.561,18.863,15.619,0.031436173,0.946567445
1KMO,A,258,PHE,F,E,0.379746835,11.839,0,1.459700312,,,11.02,20.554,11.839,-2.303071824,0.958798247
1KMO,A,259,GLY,G,E,0.028846154,10.51,1,-1.528346811,,,11.141,16.098,10.51,0.571911268,0.027913462
1KMO,A,260,THR,T,E,0.23655914,6.435,0,1.389274991,,,13.27,16.34,6.435,0,0
1KMO,A,261,ALA,A,E,0.006289308,5.55,0,-1.506263257,,,13.114,10.891,5.55,-0.448729083,0.625408868
1KMO,A,262,LEU,L,E,0.25,1.99,0,1.526540206,,,17.356,12.214,1.99,-1.989478607,0.998938295
1KMO,A,263,LEU,L,E,0,0.074,0,-1.523329577,,,13.163,8.523,0.074,-1.991593038,0.999999973
1KMO,A,264,TYR,Y,E,0.196,-2.724,0,1.548574183,,,18.286,8.245,-2.724,-0.263553528,0.196871647
1KMO,A,265,SER,S,E,0.017045455,-5.072,0,-1.516623882,,,15.058,3.986,-5.072,0,0
1KMO,A,266,GLY,G,E,0.009615385,-7.952,1,1.402193677,,,18.471,3.786,-7.952,0.408278958,0.306041862
1KMO,A,267,THR,T,E,0.075268817,-11.341,0,-1.365095235,,,17.439,0.678,-11.341,0,0
1KMO,A,268,ARG,R,E,0.287769784,-12.268,0,1.420079223,,,23.096,0.84,-12.268,0.678338642,0.483382187
1KMO,A,269,GLY,G,E,0.182692308,-15.234,1,-1.070418005,,,22.119,-2.466,-15.234,0.046178995,0.921508839
1KMO,A,270,SER,S,,0.034090909,-18.782,0,0.993447533,,,21.45,-5.334,-18.782,0,0
1KMO,A,271,ASP,D,,0.137566138,-17.221,0,-1.562276864,,,16.572,-7.597,-17.221,0.182865447,0.829686294
1KMO,A,272,TRP,W,S,0.16875,-18.638,0,-1.491019785,,,17.362,-12.36,-18.638,-0.186196767,0.159398453
1KMO,A,273,ARG,R,S,0.021582734,-22.767,0,-1.480481341,,,16.382,-8.903,-22.767,0.282070109,0.785177441
1KMO,A,274,GLU,E,S,0.293023256,-25.858,0,0.741855107,,,20.851,-8.299,-25.858,0.00077653,0.999119307
1KMO,A,275,HIS,H,S,0.186602871,-26.506,0,-0.615081295,,,19.008,-4.068,-26.506,5.47527E-08,0.999999954
1KMO,A,276,SER,S,,0.017045455,-20.963,0,-1.362040014,,,17.618,-4.73,-20.963,0,0
1KMO,A,277,ALA,A,,0.289308176,-20.988,0,1.323759797,,,22.016,-0.578,-20.988,-1.31429E-05,1.83178E-05
1KMO,A,278,THR,T,E,0.075268817,-16.943,0,-1.415562786,,,17.938,0.175,-16.943,0,0
1KMO,A,279,ARG,R,E,0.190647482,-15.666,0,1.469832984,,,20.647,4.95,-15.666,0.504298525,0.615929884
1KMO,A,280,ILE,I,E,0.036842105,-12.39,0,-1.512422229,,,15.86,4.239,-12.39,-0.996671091,0.908082433
1KMO,A,281,ASP,D,E,0.174603175,-10.306,0,1.505282033,,,18.657,8.832,-10.306,1.018269599,0.051623629
1KMO,A,282,ASP,D,E,0,-7.665,0,-1.515972625,,,13.665,7.353,-7.665,1.069338141,0.004060393
1KMO,A,283,LEU,L,E,0.353773585,-5.438,0,1.51750453,,,16.656,12.128,-5.438,-1.939631363,0.973909465
1KMO,A,284,MET,M,E,0.009803922,-2.468,0,-1.503545144,,,11.675,11.388,-2.468,-1.888771932,0.914469429
1KMO,A,285,LEU,L,E,0.330188679,-0.042,0,1.504630852,,,13.403,16.076,-0.042,-1.991593084,0.999999996
1KMO,A,286,LYS,K,E,0.12987013,2.774,0,-1.516643993,,,9.449,12.613,2.774,1.268717666,0.002557696
1KMO,A,287,SER,S,E,0.073863636,4.981,0,1.490301983,,,9.579,17.984,4.981,0,0
1KMO,A,288,LYS,K,E,0.445887446,8.771,0,-1.416247507,,,6.393,15.548,8.771,1.085809103,0.146357017
1KMO,A,289,TYR,Y,E,0.364,10.019,0,1.416627686,,,6.306,21.21,10.019,-1.316338476,0.983290667
1KMO,A,290,ALA,A,,0.163522013,14.062,0,-1.469098363,,,3.627,17.871,14.062,-0.000408977,0.000570005
1KMO,A,291,PRO,P,S,0.316939891,15.417,0,1.422544903,,,4.407,23.741,15.417,0.000450289,0.999168495
1KMO,A,292,ASP,D,S,0.37037037,18.629,0,1.467818109,,,0.994,22.301,18.629,0.100415445,0.906476992
1KMO,A,293,GLU,E,S,0.888372093,19.53,0,-0.852423604,,,-1.387,17.79,19.53,0.020602646,0.976633737
1KMO,A,294,VAL,V,S,0.268292683,16.903,0,1.437426172,,,-3.907,21.92,16.903,-0.026507573,0.022096983
1KMO,A,295,HIS,H,E,0.282296651,13.08,0,1.524031824,,,-1.021,23.185,13.08,0.00112084,0.999064435
1KMO,A,296,THR,T,E,0.166666667,11.012,0,-1.525842718,,,0.075,17.982,11.012,0,0
1KMO,A,297,PHE,F,E,0.358649789,7.57,0,1.537355196,,,3.131,21.61,7.57,-2.345038027,0.976269314
1KMO,A,298,ASN,N,E,0.265957447,5.122,0,-1.536266253,,,2.827,16.525,5.122,0.698747131,3.25517E-13
1KMO,A,299,SER,S,E,0.159090909,2.037,0,1.537005205,,,6.57,19.266,2.037,0,0
1KMO,A,300,LEU,L,E,0.018867925,-0.999,0,-1.498032042,,,6.159,14.592,-0.999,-1.991361426,0.999883678
1KMO,A,301,LEU,L,E,0.391509434,-2.876,0,1.486600484,,,10.755,17.831,-2.876,-1.984713255,0.996545561
1KMO,A,302,GLN,Q,E,0.037974684,-6.09,0,-1.523023966,,,9.854,13.299,-6.09,0.570921733,0.00399958
1KMO,A,303,TYR,Y,E,0.36,-8.554,0,1.522054204,,,14.597,15.169,-8.554,-1.308023151,0.977079209
1KMO,A,304,TYR,Y,E,0.008,-10.845,0,-1.531002613,,,11.603,10.522,-10.845,-1.231542393,0.919948907
1KMO,A,305,ASP,D,E,0.063492063,-13.723,0,1.527992147,,,16.425,11.681,-13.723,0.643886628,0.400309246
1KMO,A,306,GLY,G,E,0.009615385,-15.894,1,-1.529908307,,,15.852,7.626,-15.894,0.023493134,0.960068352
1KMO,A,307,GLU,E,E,0.302325581,-19.864,0,1.397094843,,,17.943,6.811,-19.864,0.016948999,0.98077748
1KMO,A,308,ALA,A,E,0,-19.817,0,-1.307434128,,,15.481,1.916,-19.817,-2.15156E-05,2.99871E-05
1KMO,A,309,ASP,D,E,0.169312169,-24.195,0,1.488815973,,,18.499,-0.071,-24.195,0.011118912,0.989644282
1KMO,A,310,MET,M,,0.029411765,-25.294,0,-1.414820483,,,12.968,-0.688,-25.294,-0.78567387,0.380392531
1KMO,A,311,PRO,P,,0.021857923,-24.53,0,1.062510706,,,14.528,-6.193,-24.53,2.51073E-08,0.999999954
1KMO,A,312,GLY,G,,0,-27.531,1,1.096647644,,,11.428,-5.502,-27.531,3.35135E-13,1
1KMO,A,313,GLY,G,,0.038461538,-29.023,1,1.136148558,,,9.938,-8.653,-29.023,2.28259E-15,1
1KMO,A,314,LEU,L,B,0.004716981,-30.524,0,1.391673094,,,12.406,-12.384,-30.524,-0.255079637,0.128078189
1KMO,A,315,SER,S,,0.181818182,-35.553,0,0.450675049,,,10.339,-13.152,-35.553,0,0
1KMO,A,316,ARG,R,H,0.241007194,-33.912,0,1.475686281,,,8.411,-17.901,-33.912,0.134052175,0.897906832
1KMO,A,317,ALA,A,H,0.452830189,-37.234,0,-0.450442005,,,12.754,-17.274,-37.234,-9.57524E-08,1.33453E-07
1KMO,A,318,ASP,D,H,0.322751323,-33.902,0,-1.541075274,,,14.713,-13.675,-33.902,0.000586046,0.999454179
1KMO,A,319,TYR,Y,H,0.076,-30.048,0,-1.466000341,,,12.097,-16.35,-30.048,-1.67975E-07,1.25476E-07
1KMO,A,320,ASP,D,H,0.560846561,-32.402,0,1.09813888,,,13.76,-20.903,-32.402,0.000870678,0.999189085
1KMO,A,321,ALA,A,H,0.534591195,-33.698,0,-0.926814437,,,18.216,-18.17,-33.698,-2.25534E-07,3.14335E-07
1KMO,A,322,ASP,D,,0.291005291,-29.777,0,1.488094419,,,19.841,-15.989,-29.777,0.001822439,0.998302652
1KMO,A,323,ARG,R,S,0.097122302,-26.26,0,1.292209348,,,15.01,-16.622,-26.26,0.218619875,0.833500682
1KMO,A,324,TRP,W,S,0.2,-24.476,0,1.416712038,,,19.488,-13.612,-24.476,-0.002697898,0.002309604
1KMO,A,325,GLN,Q,,0.202531646,-29.501,0,0.668159412,,,19.339,-11.656,-29.501,3.85247E-05,0.999932792
1KMO,A,326,SER,S,,0.142045455,-28.401,0,-1.322823117,,,17.565,-6.623,-28.401,0,0
1KMO,A,327,THR,T,S,0.284946237,-33.665,0,-1.299207451,,,15.51,-8.149,-33.665,0,0
1KMO,A,328,ARG,R,,0.104316547,-30.861,0,-1.222368193,,,13.969,-3.531,-30.861,0.161206196,0.877226525
1KMO,A,329,PRO,P,T,0.43715847,-32.676,0,1.087897054,,,19.596,-2.03,-32.676,5.93308E-11,1
1KMO,A,330,TYR,Y,T,0.348,-33.118,0,-0.837244289,,,16.549,2.401,-33.118,-1.06343E-09,7.9437E-10
1KMO,A,331,ASP,D,,0,-28.987,0,-1.516043865,,,13.488,0.321,-28.987,0.002305049,0.997853168
1KMO,A,332,ARG,R,E,0.223021583,-26.266,0,1.520359497,,,16.507,4.305,-26.266,0.218528151,0.833570538
1KMO,A,333,PHE,F,E,0.037974684,-22.9,0,-1.411187443,,,12,4.537,-22.9,-0.657693792,0.273806335
1KMO,A,334,TRP,W,E,0.3625,-21.358,0,1.495889033,,,15.106,8.872,-21.358,-0.035158996,0.030098748
1KMO,A,335,GLY,G,E,0.019230769,-18.761,1,-1.380447205,,,12.039,10.606,-18.761,0.000495757,0.999157355
1KMO,A,336,ARG,R,E,0.381294964,-15.863,0,1.514379411,,,13.208,13.834,-15.863,0.495772368,0.622423344
1KMO,A,337,ARG,R,E,0.007194245,-12.681,0,-1.415766224,,,8.751,12.922,-12.681,0.65439489,0.501617577
1KMO,A,338,LYS,K,E,0.510822511,-11.212,0,1.474504663,,,10.228,18.31,-11.212,0.895641821,0.295863007
1KMO,A,339,LEU,L,E,0.033018868,-7.807,0,-1.500408611,,,6.558,15.404,-7.807,-1.834679794,0.92121217
1KMO,A,340,ALA,A,E,0.245283019,-5.567,0,1.54095717,,,6.42,20.69,-5.567,-0.444301032,0.619237344
1KMO,A,341,SER,S,E,0.039772727,-2.645,0,-1.513690193,,,3.125,16.983,-2.645,0,0
1KMO,A,342,LEU,L,E,0.528301887,0.099,0,1.520381531,,,2.649,21.977,0.099,-1.991592954,0.99999993
1KMO,A,343,GLY,G,E,0.038461538,2.656,1,-1.429257933,,,-0.366,19.633,2.656,0.004566796,0.992237746
1KMO,A,344,TYR,Y,E,0.216,5.816,0,1.526974787,,,-2.182,22.37,5.816,-0.843681965,0.630221343
1KMO,A,345,GLN,Q,E,0.185654008,8.864,0,-1.493594657,,,-3.667,17.771,8.864,0.49987747,0.127939713
1KMO,A,346,PHE,F,E,0.308016878,10.813,0,1.476953621,,,-6.833,22.197,10.813,-2.368502625,0.986037927
1KMO,A,347,GLN,Q,,0.185654008,14.041,0,-1.529843456,,,-6.731,17.268,14.041,0.043874783,0.923458331
1KMO,A,348,PRO,P,S,0.322404372,16.673,0,1.510516799,,,-10.143,21.384,16.673,8.63751E-05,0.999840499
1KMO,A,349,ASP,D,S,0.333333333,19.38,0,1.330850104,,,-11.326,17.625,19.38,0.073045644,0.931968152
1KMO,A,350,SER,S,T,0.261363636,19.081,0,-1.084338047,,,-10.32,12.608,19.081,0,0
1KMO,A,351,GLN,Q,T,0.227848101,17.096,0,1.289890305,,,-15.069,14.562,17.096,0.007108438,0.987598987
1KMO,A,352,HIS,H,E,0.28708134,13.89,0,1.500307302,,,-13.257,18.219,13.89,0.000481933,0.999597731
1KMO,A,353,LYS,K,E,0.134199134,10.899,0,-1.529015696,,,-9.602,15.273,10.899,0.922443219,0.274792245
1KMO,A,354,PHE,F,E,0.265822785,8.312,0,1.510317847,,,-9.747,20.614,8.312,-2.381625909,0.991501318
1KMO,A,355,ASN,N,E,0.196808511,5.154,0,-1.511366269,,,-6.952,16.771,5.154,0.698747131,3.92464E-13
1KMO,A,356,ILE,I,E,0.257894737,2.37,0,1.551533757,,,-6.171,21.749,2.37,-1.097555744,1
1KMO,A,357,GLN,Q,E,0.206751055,-0.224,0,-1.517296609,,,-3.35,17.379,-0.224,0.573214349,0
1KMO,A,358,GLY,G,E,0.211538462,-3.006,1,1.380636887,,,-1.804,20.714,-3.006,0.007197318,0.987766606
1KMO,A,359,PHE,F,E,0.097046414,-5.689,0,-1.534335687,,,0.326,17.806,-5.689,-2.17700429,0.906314721
1KMO,A,360,TYR,Y,E,0.364,-8.897,0,1.531040496,,,2.969,21.414,-8.897,-1.328790111,0.992591904
1KMO,A,361,THR,T,E,0,-11.34,0,-1.557904362,,,3.717,16.135,-11.34,0,0
1KMO,A,362,GLN,Q,E,0.156118143,-14.3,0,1.526329584,,,7.12,19.469,-14.3,0.037281558,0.934960528
1KMO,A,363,THR,T,E,0,-16.439,0,-1.569686911,,,6.041,14.167,-16.439,0,0
1KMO,A,364,LEU,L,E,0.150943396,-19.821,0,1.519813475,,,10.413,15.559,-19.821,-0.736982626,0.370046788
1KMO,A,365,ARG,R,E,0.057553957,-20.759,0,-1.464953924,,,7.684,10.498,-20.759,0.329735925,0.7488755
1KMO,A,366,SER,S,E,0.022727273,-24.853,0,1.514001321,,,11.406,11.851,-24.853,0,0
1KMO,A,367,GLY,G,E,0.057692308,-26.593,1,-1.52732612,,,12.399,8.076,-26.593,6.26799E-12,1
1KMO,A,368,TYR,Y,E,0.2,-30.214,0,1.488195216,,,14.957,6.221,-30.214,-1.30055E-07,9.71499E-08
1KMO,A,369,LEU,L,E,0.179245283,-31.089,0,-1.461835832,,,9.888,4.224,-31.089,-0.242269186,0.121645926
1KMO,A,370,GLU,E,E,0.195348837,-34.986,0,1.535525969,,,12.562,0.823,-34.986,2.21943E-05,0.999974829
1KMO,A,371,GLN,Q,E,0.181434599,-36.372,0,-1.489016118,,,7.604,3.646,-36.372,5.17688E-06,0.999990969
1KMO,A,372,GLY,G,T,0.605769231,-40.17,1,1.508074008,,,8.451,0.816,-40.17,3.86289E-37,1
1KMO,A,373,LYS,K,T,0.800865801,-43.861,0,-0.335168614,,,10.848,2.678,-43.861,0.020478338,0.98390031
1KMO,A,374,ARG,R,E,0.327338129,-39.918,0,-1.533773451,,,10.426,6.306,-39.918,0.096563248,0.926458128
1KMO,A,375,ILE,I,E,0.015789474,-36.153,0,1.522173775,,,14.453,5.769,-36.153,-5.78159E-06,5.2677E-06
1KMO,A,376,THR,T,E,0.021505376,-34.198,0,-1.540631364,,,9.395,8.134,-34.198,0,0
1KMO,A,377,LEU,L,E,0.08490566,-31.605,0,1.525936434,,,12.781,11.647,-31.605,-0.231247252,0.116111696
1KMO,A,378,SER,S,,0.0625,-29.117,0,-1.519547959,,,7.657,10.17,-29.117,0,0
1KMO,A,379,PRO,P,,0.136612022,-26.843,0,1.499544264,,,9.969,15.239,-26.843,3.75341E-09,0.999999993
1KMO,A,380,ARG,R,E,0.179856115,-24.361,0,-1.535453353,,,5.031,13.271,-24.361,0.250445477,0.809262533
1KMO,A,381,ASN,N,E,0.228723404,-22.035,0,1.51228734,,,6.372,18.469,-22.035,2.09646E-07,0.9999997
1KMO,A,382,TYR,Y,E,0,-18.528,0,-1.472843848,,,2.693,15.95,-18.528,-0.058727043,0.043868469
1KMO,A,383,TRP,W,E,0.39375,-16.537,0,1.491048289,,,2.136,21.17,-16.537,-0.468263838,0.400869106
1KMO,A,384,VAL,V,E,0,-13.082,0,-1.489839253,,,-0.434,17.158,-13.082,-1.132368718,0.943954081
1KMO,A,385,ARG,R,E,0.276978417,-10.857,0,1.520981591,,,-1.394,22.344,-10.857,0.765709489,0.416841181
1KMO,A,386,GLY,G,E,0.076923077,-8.043,1,-1.438275151,,,-4.13,19.953,-8.043,0.421755158,0.283136154
1KMO,A,387,ILE,I,E,0.4,-4.73,0,1.535626257,,,-5.918,22.665,-4.73,-1.09755549,0.999999769
1KMO,A,388,GLU,E,E,0.158139535,-2.931,0,-1.496755157,,,-7.597,17.533,-2.931,0.881726181,8.57609E-09
1KMO,A,389,PRO,P,E,0.213114754,0.671,0,1.512924651,,,-10.207,21.447,0.671,0.541535031,0
1KMO,A,390,ARG,R,E,0.129496403,2.642,0,-1.540418774,,,-10.505,15.965,2.642,1.272644798,0.03076291
1KMO,A,391,TYR,Y,E,0.292,6.038,0,1.532200052,,,-14.109,18.607,6.038,-0.892510021,0.666695375
1KMO,A,392,SER,S,E,0.045454545,8.377,0,-1.525741787,,,-13.274,13.426,8.377,0,0
1KMO,A,393,GLN,Q,E,0.274261603,11.583,0,1.524456952,,,-17.006,16.097,11.583,0.197194417,0.655984856
1KMO,A,394,ILE,I,E,0.063157895,14.231,0,-1.437061237,,,-16.863,10.979,14.231,-0.66284254,0.603926082
1KMO,A,395,PHE,F,E,0.308016878,15.461,0,1.488549966,,,-21.562,13.86,15.461,-1.850701718,0.770470788
1KMO,A,396,MET,M,E,0.485294118,18.96,0,-0.344061041,,,-23.584,10.104,18.96,-0.963637212,0.466555414
1KMO,A,397,ILE,I,E,0.484210526,14.79,0,0.284015845,,,-27.416,10.392,14.79,-0.521953287,0.475559706
1KMO,A,398,GLY,G,T,0.576923077,18.895,1,-0.752612546,,,-28.79,8.233,18.895,0.000399038,0.999321749
1KMO,A,399,PRO,P,T,0.601092896,19.393,0,1.520069077,,,-27.887,3.626,19.393,3.56624E-06,0.999993415
1KMO,A,400,SER,S,E,0.073863636,14.584,0,0.813454977,,,-26.048,4.922,14.584,0,0
1KMO,A,401,ALA,A,E,0.06918239,15.649,0,-1.433288875,,,-20.617,6.33,15.649,-0.000163356,0.000227675
1KMO,A,402,HIS,H,E,0.129186603,11.575,0,1.502265622,,,-22.952,9.722,11.575,0.006221373,0.994807023
1KMO,A,403,GLU,E,E,0.060465116,10.362,0,-1.537309663,,,-17.164,8.882,10.362,0.86089958,0.023620267
1KMO,A,404,VAL,V,E,0.176829268,7.741,0,1.53612532,,,-20.147,13.403,7.741,-1.199601392,0.999999922
1KMO,A,405,GLY,G,E,0,5.035,1,-1.298578734,,,-16.519,12.746,5.035,0.064739162,0.889961833
1KMO,A,406,VAL,V,E,0.396341463,2.728,0,1.51434012,,,-17.469,16.761,2.728,-1.199601486,1
1KMO,A,407,GLY,G,E,0.048076923,-0.178,1,-1.385701114,,,-14.055,16.272,-0.178,9.62035E-05,0.999836481
1KMO,A,408,TYR,Y,E,0.24,-3.125,0,1.527064177,,,-13.746,19.738,-3.125,-0.318990112,0.238282179
1KMO,A,409,ARG,R,E,0.035971223,-6.071,0,-1.517894594,,,-9.81,16.85,-6.071,1.095526719,0.16565476
1KMO,A,410,TYR,Y,E,0.236,-8.292,0,1.50110959,,,-9.556,22.149,-8.292,-1.284806509,0.959736627
1KMO,A,411,LEU,L,E,0,-10.989,0,-1.538461894,,,-7.033,17.661,-10.989,-1.585305518,0.795998703
1KMO,A,412,ASN,N,E,0.132978723,-14.029,0,1.540566454,,,-5.46,22.28,-14.029,0.130178513,0.813697248
1KMO,A,413,GLU,E,E,0.004651163,-16.641,0,-1.536340132,,,-3.561,17.414,-16.641,0.119802812,0.864126967
1KMO,A,414,SER,S,E,0.176136364,-19.576,0,1.545103556,,,-1.112,21.656,-19.576,0,0
1KMO,A,415,THR,T,E,0.005376344,-22.746,0,-1.478230361,,,-0.352,17.022,-22.746,0,0
1KMO,A,416,HIS,H,E,0.167464115,-25.215,0,1.523408022,,,3.45,19.933,-25.215,1.10463E-07,0.999999908
1KMO,A,417,GLU,E,E,0.013953488,-27.746,0,-1.525422237,,,2.287,14.705,-27.746,0.000339161,0.999615345
1KMO,A,418,MET,M,E,0.12254902,-30.708,0,1.529120008,,,6.645,16.986,-30.708,-0.67346861,0.326067137
1KMO,A,419,ARG,R,E,0.26618705,-33.32,0,-1.485127604,,,6.079,12.113,-33.32,0.138796233,0.894293791
1KMO,A,420,TYR,Y,E,0.136,-34.431,0,1.406630726,,,11.477,14.33,-34.431,-9.85735E-11,7.36334E-11
1KMO,A,421,TYR,Y,E,0.228,-38.204,0,-1.361600529,,,10.223,10.56,-38.204,-5.20631E-14,3.88906E-14
1KMO,A,422,THR,T,E,0.075268817,-39.305,0,1.440605775,,,15.688,10.045,-39.305,0,0
1KMO,A,423,ALA,A,E,0.289308176,-43.943,0,0.356203593,,,14.737,7.533,-43.943,-2.30895E-08,3.21806E-08
1KMO,A,424,THR,T,T,0.134408602,-40.654,0,-1.495699502,,,15.367,2.916,-40.654,0,0
1KMO,A,425,SER,S,T,0.681818182,-45.549,0,-0.658278057,,,17.268,3.913,-45.549,0,0
1KMO,A,426,SER,S,S,0.267045455,-42.95,0,-1.521402314,,,19.406,8.204,-42.95,0,0
1KMO,A,427,GLY,G,S,0.567307692,-40.226,1,1.513281348,,,22.365,6.703,-40.226,2.83581E-37,1
1KMO,A,428,GLN,Q,S,0.624472574,-38.272,0,1.348179513,,,21.438,10.599,-38.272,3.17743E-06,0.999994457
1KMO,A,429,LEU,L,,0.33490566,-33.483,0,0.345600926,,,18.936,8.833,-33.483,-0.195982515,0.098404898
1KMO,A,430,PRO,P,,0.010928962,-35.219,0,-1.52735654,,,14.477,11.405,-35.219,1.22124E-11,1
1KMO,A,431,SER,S,,0.267045455,-33.368,0,1.529910455,,,18.055,15.402,-33.368,0,0
1KMO,A,432,GLY,G,T,0.567307692,-32.646,1,1.449852488,,,15.165,18.363,-32.646,2.30395E-21,1
1KMO,A,433,SER,S,T,0.619318182,-36.468,0,1.490418733,,,17.855,19.429,-36.468,0,0
1KMO,A,434,SER,S,S,0.079545455,-37.372,0,-1.448942373,,,14.405,15.024,-37.372,0,0
1KMO,A,435,PRO,P,,0.393442623,-40.937,0,-0.536079285,,,10.828,16.497,-40.937,5.11352E-13,1
1KMO,A,436,TYR,Y,E,0.428,-35.984,0,0.729000686,,,8.099,16.841,-35.984,-5.01575E-12,3.74671E-12
1KMO,A,437,ASP,D,E,0.291005291,-38.873,0,-1.330045488,,,4.707,13.28,-38.873,0.000176982,0.999835166
1KMO,A,438,ARG,R,E,0.255395683,-33.888,0,-1.272118312,,,2.903,13.945,-33.888,0.134240081,0.897763724
1KMO,A,439,ASP,D,E,0.126984127,-33.356,0,1.351906802,,,3.052,19.574,-33.356,0.000675494,0.999370872
1KMO,A,440,THR,T,E,0.021505376,-30.294,0,-1.540743327,,,-1.311,16.946,-30.294,0,0
1KMO,A,441,ARG,R,E,0.392086331,-26.886,0,1.547457592,,,-1.003,21.358,-26.886,0.209322662,0.840581372
1KMO,A,442,SER,S,E,0,-24.766,0,-1.532945531,,,-4.341,17.071,-24.766,0,0
1KMO,A,443,GLY,G,E,0,-21.364,1,1.458594146,,,-5.474,19.376,-21.364,4.07063E-06,0.999993081
1KMO,A,444,THR,T,E,0.021505376,-18.314,0,-1.480984807,,,-8.209,17.268,-18.314,0,0
1KMO,A,445,GLU,E,E,0.334883721,-16.454,0,1.469555375,,,-10.457,22.029,-16.454,0.134240503,0.847752619
1KMO,A,446,ALA,A,E,0,-13.493,0,-1.550760459,,,-10.94,16.956,-13.493,-0.000582917,0.000812432
1KMO,A,447,HIS,H,E,0.224880383,-10.705,0,1.537153863,,,-14.863,20.262,-10.705,0.018466655,0.984585892
1KMO,A,448,ALA,A,E,0.018867925,-8.183,0,-1.514676203,,,-13.381,15.096,-8.183,-0.040327387,0.05620564
1KMO,A,449,TRP,W,E,0.75,-5.337,0,1.537797126,,,-18.046,17.121,-5.337,-0.296450905,0.253784298
1KMO,A,450,TYR,Y,E,0.032,-2.823,0,-1.541825217,,,-16.216,12.476,-2.823,-0.276578802,0.206601387
1KMO,A,451,LEU,L,E,0.45754717,0.209,0,1.53466511,,,-20.819,13.595,0.209,-1.991591565,0.999999233
1KMO,A,452,ASP,D,E,0.063492063,2.117,0,-1.518907502,,,-18.716,8.616,2.117,1.073697719,5.23413E-08
1KMO,A,453,ASP,D,E,0.164021164,6.112,0,1.524909506,,,-22.438,9.201,6.112,1.073094893,0.000561501
1KMO,A,454,LYS,K,E,0.268398268,8.045,0,-1.502120168,,,-18.003,5.691,8.045,1.130571678,0.11116551
1KMO,A,455,ILE,I,E,0.168421053,9.541,0,1.45348753,,,-23.775,4.761,9.541,-1.094291561,0.997025952
1KMO,A,456,ASP,D,E,0.328042328,13.989,0,-1.172951832,,,-20.392,2.639,13.989,0.599937179,0.44124204
1KMO,A,457,ILE,I,E,0.310526316,13.557,0,1.304851333,,,-25.948,0.963,13.557,-0.818550578,0.745794081
1KMO,A,458,GLY,G,T,0.721153846,16.506,1,0.95970782,,,-24.196,-2.364,16.506,0.011693229,0.980124835
1KMO,A,459,ASN,N,T,0.45212766,14.656,0,1.526896198,,,-21.973,-6.262,14.656,0.040590416,0.94190972
1KMO,A,460,TRP,W,E,0.76875,10.797,0,1.410532169,,,-23.972,-2.751,10.797,-1.147319492,0.982191879
1KMO,A,461,THR,T,E,0.053763441,9.776,0,-1.519447597,,,-19,-0.394,9.776,0,0
1KMO,A,462,ILE,I,E,0.263157895,6.815,0,1.541545329,,,-23.991,1.057,6.815,-1.097520748,0.999968115
1KMO,A,463,THR,T,E,0.102150538,4.155,0,-1.520239784,,,-19.519,3.596,4.155,0,0
1KMO,A,464,PRO,P,E,0.284153005,2.053,0,1.474329678,,,-24.631,5.745,2.053,0.541535031,4.44089E-16
1KMO,A,465,GLY,G,E,0.115384615,-0.604,1,-1.415561821,,,-21.204,7.406,-0.604,0.000202316,0.999656121
1KMO,A,466,MET,M,E,0.357843137,-3.619,0,1.541807381,,,-22.615,10.392,-3.619,-1.796575525,0.869831538
1KMO,A,467,ARG,R,E,0.010791367,-6.507,0,-1.466179389,,,-17.489,10.058,-6.507,1.066355775,0.18787114
1KMO,A,468,PHE,F,E,0.282700422,-8.481,0,1.505332189,,,-20.472,14.444,-8.481,-2.387422073,0.993914335
1KMO,A,469,GLU,E,E,0,-11.808,0,-1.468086169,,,-15.784,13.582,-11.808,0.792603398,0.101077626
1KMO,A,470,HIS,H,E,0.200956938,-13.662,0,1.489846301,,,-17.832,18.68,-13.662,0.000608101,0.999492418
1KMO,A,471,ILE,I,E,0,-16.821,0,-1.557107575,,,-14.097,15.481,-16.821,-0.151268845,0.137823382
1KMO,A,472,GLU,E,E,0.409302326,-19.316,0,1.521153838,,,-13.787,20.734,-19.316,0.023377654,0.973486493
1KMO,A,473,SER,S,E,0.017045455,-21.893,0,-1.538472294,,,-10.552,16.615,-21.893,0,0
1KMO,A,474,TYR,Y,E,0.28,-25.247,0,1.537127191,,,-9.332,20.863,-25.247,-0.00011349,8.47758E-05
1KMO,A,475,GLN,Q,E,0.122362869,-28.443,0,-1.392271525,,,-7.065,16.936,-28.443,5.46739E-05,0.999904619
1KMO,A,476,ASN,N,E,0.329787234,-29.41,0,1.395301401,,,-4.865,22.255,-29.41,3.63101E-11,1
1KMO,A,477,ASN,N,E,0.175531915,-34.062,0,-1.243281143,,,-4.217,18.612,-34.062,4.43377E-13,1
1KMO,A,478,ALA,A,T,0.389937107,-33.767,0,1.370172617,,,0.287,22.611,-33.767,-2.21608E-07,3.08863E-07
1KMO,A,479,ILE,I,T,0.473684211,-37.919,0,-1.540228879,,,0.223,19.04,-37.919,-3.03857E-06,2.76849E-06
1KMO,A,480,THR,T,T,0.47311828,-38.406,0,-1.483086309,,,-4.977,18.545,-38.406,0,0
1KMO,A,481,GLY,G,,0.605769231,-37.065,1,0.708566882,,,-5.38,22.892,-37.065,4.37414E-30,1
1KMO,A,482,THR,T,,0.295698925,-35.465,0,-1.528725286,,,-8.466,19.489,-35.465,0,0
1KMO,A,483,HIS,H,E,0.444976077,-31.559,0,1.500674848,,,-9.356,23.438,-31.559,4.71239E-09,0.999999996
1KMO,A,484,GLU,E,E,0.274418605,-30.608,0,-1.443198185,,,-11.549,18.072,-30.608,0.000106923,0.999878735
1KMO,A,485,GLU,E,E,0.595348837,-26.322,0,1.495481862,,,-13.748,21.02,-26.322,0.000630064,0.99928542
1KMO,A,486,VAL,V,E,0.048780488,-24.534,0,-1.556932882,,,-15.168,15.859,-24.534,-1.80685E-06,1.5062E-06
1KMO,A,487,SER,S,E,0.392045455,-21.457,0,1.525791598,,,-18.186,19.532,-21.457,0,0
1KMO,A,488,TYR,Y,E,0.016,-20.065,0,-1.357673378,,,-18.592,14.042,-20.065,-0.018891675,0.014111878
1KMO,A,489,ASN,N,E,0.335106383,-15.347,0,1.443324634,,,-21.232,14.837,-15.347,0.010653701,0.984753138
1KMO,A,490,ALA,A,E,0,-13.752,0,-1.514881514,,,-18.058,10.549,-13.752,-0.000495183,0.000690153
1KMO,A,491,PRO,P,E,0.387978142,-11.374,0,1.491314186,,,-23.548,10.79,-11.374,0.182491786,0.663010192
1KMO,A,492,LEU,L,E,0.056603774,-8.954,0,-1.527370616,,,-19.385,7.401,-8.954,-1.758110677,0.882766005
1KMO,A,493,PRO,P,E,0.371584699,-6.437,0,1.494096717,,,-24.692,6.407,-6.437,0.541528528,1.20093E-05
1KMO,A,494,ALA,A,E,0.081761006,-3.697,0,-1.543492792,,,-20.407,3.711,-3.697,-0.704601032,0.982026241
1KMO,A,495,LEU,L,E,0.358490566,-0.66,0,1.528599686,,,-24.258,1.216,-0.66,-1.991531856,0.999969253
1KMO,A,496,ASN,N,E,0.127659574,1.181,0,-1.526786495,,,-18.897,-0.352,1.181,0.698747131,0
1KMO,A,497,VAL,V,E,0.207317073,4.202,0,1.539893828,,,-22.544,-3.413,4.202,-1.199601486,1
1KMO,A,498,LEU,L,E,0.009433962,7.433,0,-1.423946628,,,-17.807,-3.429,7.433,-1.856000081,0.931917312
1KMO,A,499,TYR,Y,E,0.264,9.045,0,1.461391802,,,-21.41,-7.646,9.045,-1.33425275,0.996672437
1KMO,A,500,HIS,H,E,0.196172249,13.606,0,-1.032630137,,,-17.773,-6.793,13.606,0.000644223,0.999462267
1KMO,A,501,LEU,L,E,0.353773585,12.137,0,1.238826057,,,-18.334,-12.61,12.137,-1.472448729,0.739332113
1KMO,A,502,THR,T,E,0.327956989,16.009,0,1.529872217,,,-15.618,-12.976,16.009,0,0
1KMO,A,503,ASP,D,T,0.894179894,18.374,0,-0.566188131,,,-12.73,-9.371,18.374,0.11194929,0.895734822
1KMO,A,504,SER,S,T,0.1875,15.101,0,1.354424232,,,-10.318,-12.281,15.101,0,0
1KMO,A,505,TRP,W,E,0.65625,11.885,0,1.501767292,,,-14.308,-13.351,11.885,-1.161983134,0.99474506
1KMO,A,506,ASN,N,E,0.010638298,8.948,0,-1.510295997,,,-14.661,-8.155,8.948,0.698742909,6.04253E-06
1KMO,A,507,LEU,L,E,0.301886792,6.788,0,1.484977104,,,-19.164,-10.4,6.788,-1.88850091,0.948236322
1KMO,A,508,TYR,Y,E,0.06,3.49,0,-1.525309805,,,-16.906,-6.363,3.49,-0.375613024,0.280578884
1KMO,A,509,ALA,A,E,0.194968553,0.927,0,1.506535098,,,-21.759,-6.82,0.927,-0.717497062,0.999999873
1KMO,A,510,ASN,N,E,0.058510638,-1.34,0,-1.521119653,,,-19.11,-2.675,-1.34,0.698747131,0
1KMO,A,511,THR,T,E,0.107526882,-5.209,0,1.452198678,,,-22.796,-2.005,-5.209,0,0
1KMO,A,512,GLU,E,E,0.027906977,-6.125,0,-1.498706109,,,-18.204,1.223,-6.125,0.881682197,4.98925E-05
1KMO,A,513,GLY,G,E,0.019230769,-9.524,1,1.43146303,,,-19.905,3.319,-9.524,0.578536964,0.016651664
1KMO,A,514,SER,S,E,0.005681818,-11.31,0,-1.52791001,,,-15.793,2.15,-11.31,0,0
1KMO,A,515,PHE,F,E,0,-14.416,0,1.53148588,,,-16.029,6.583,-14.416,-2.009362774,0.836523415
1KMO,A,516,GLY,G,E,0,-17.122,1,1.020705575,,,-12.754,5.663,-17.122,0.005407186,0.990809321
1KMO,A,517,THR,T,,0,-18.526,0,-1.476085702,,,-11.216,10.007,-18.526,0,0
1KMO,A,518,VAL,V,,0,-23.111,0,1.410167721,,,-13.383,11.114,-23.111,-8.44646E-06,7.04105E-06
1KMO,A,519,GLN,Q,,0.012658228,-23.21,0,-1.524649796,,,-7.89,8.61,-23.21,0.000383719,0.999330584
1KMO,A,520,TYR,Y,G,0.02,-25.066,0,1.521912284,,,-5.676,13.237,-25.066,-0.00014032,0.000104818
1KMO,A,521,SER,S,G,0.460227273,-28.061,0,-1.515810344,,,-5.599,8.817,-28.061,0,0
1KMO,A,522,GLN,Q,G,0.084388186,-26.967,0,-1.098038706,,,-10.759,8.292,-26.967,9.1119E-05,0.999841039
1KMO,A,523,ILE,I,H,0,-27.793,0,1.4839252,,,-10.762,14.055,-27.793,-0.000200664,0.000182828
1KMO,A,524,GLY,G,H,0.211538462,-31.954,1,-1.480679637,,,-11.701,12.705,-31.954,3.87335E-20,1
1KMO,A,525,LYS,K,H,0.095238095,-31.369,0,-1.465778292,,,-13.201,8.178,-31.369,0.067035026,0.947298305
1KMO,A,526,ALA,A,H,0,-27.645,0,-0.647380105,,,-15.478,11.247,-27.645,-1.23444E-06,1.72047E-06
1KMO,A,527,VAL,V,H,0.274390244,-31.086,0,1.534648494,,,-15.959,15.319,-31.086,-4.01568E-09,3.34751E-09
1KMO,A,528,GLN,Q,H,0.632911392,-34.948,0,-1.360516446,,,-16.182,11.572,-34.948,7.59174E-06,0.999986756
1KMO,A,529,SER,S,T,0.181818182,-32.167,0,-1.313628562,,,-19.23,8.44,-32.167,0,0
1KMO,A,530,GLY,G,S,0.596153846,-31.169,1,1.478361138,,,-21.561,12.424,-31.169,8.55989E-19,1
1KMO,A,531,ASN,N,,0.388297872,-27.713,0,-1.514400211,,,-21.765,9.156,-27.713,2.15959E-10,1
1KMO,A,532,VAL,V,,0.219512195,-25.09,0,1.509814558,,,-19.036,13.588,-25.09,-1.01329E-06,8.44685E-07
1KMO,A,533,GLU,E,,0.339534884,-22.09,0,1.522737009,,,-21.185,9.28,-22.09,0.004927084,0.994412002
1KMO,A,534,PRO,P,,0.016393443,-18.019,0,0.362353419,,,-17.443,8.932,-18.019,1.68001E-05,0.999968977
1KMO,A,535,GLU,E,E,0,-19.85,0,-1.53087328,,,-15.105,4.285,-19.85,0.017087396,0.980620519
1KMO,A,536,LYS,K,E,0.380952381,-16.987,0,1.530705066,,,-20.322,3.978,-16.987,0.436362611,0.656939806
1KMO,A,537,ALA,A,E,0.050314465,-14.388,0,-1.543555959,,,-17.163,0.061,-14.388,-0.00033596,0.000468238
1KMO,A,538,ARG,R,E,0.269784173,-12.017,0,1.518884459,,,-22.23,-0.913,-12.017,0.693262083,0.472016602
1KMO,A,539,THR,T,E,0.021505376,-9.004,0,-1.47942962,,,-17.517,-2.721,-9.004,0,0
1KMO,A,540,TRP,W,E,0.8125,-7.11,0,1.488840153,,,-21.397,-6.391,-7.11,-0.582379887,0.498561036
1KMO,A,541,GLU,E,E,0.023255814,-3.588,0,-1.463757494,,,-16.833,-6.69,-3.588,0.881726107,9.25522E-08
1KMO,A,542,LEU,L,E,0.495283019,-1.707,0,1.471527438,,,-19.904,-10.945,-1.707,-1.990300307,0.999350879
1KMO,A,543,GLY,G,E,0.144230769,0.941,1,-1.528283861,,,-16.166,-11.26,0.941,0.000355821,0.999395205
1KMO,A,544,THR,T,E,0.204301075,4.894,0,1.465727123,,,-15.335,-13.3,4.894,0,0
1KMO,A,545,ARG,R,E,0.04676259,6.162,0,-1.531164916,,,-11.01,-9.806,6.162,1.089511168,0.170236161
1KMO,A,546,TYR,Y,E,0.252,9.01,0,1.521723037,,,-10.504,-14.696,9.01,-1.333154354,0.995851947
1KMO,A,547,ASP,D,E,0.354497354,11.285,0,-1.512703871,,,-6.586,-11.517,11.285,0.958260254,0.107513981
1KMO,A,548,ASP,D,,0.402116402,15.082,0,1.512473801,,,-7.489,-16.127,15.082,0.425116581,0.604063089
1KMO,A,549,GLY,G,S,0.625,14.936,1,0.902321031,,,-2.989,-14.376,14.936,0.061045368,0.896240232
1KMO,A,550,ALA,A,S,0.182389937,14.67,0,1.280581509,,,-2.542,-19.142,14.67,-0.00028441,0.000396391
1KMO,A,551,LEU,L,E,0.231132075,10.732,0,1.527092008,,,-5.36,-18.861,10.732,-1.609322071,0.808057669
1KMO,A,552,THR,T,E,0.26344086,8.275,0,-1.528144299,,,-3.812,-13.78,8.275,0,0
1KMO,A,553,ALA,A,E,0.163522013,5.592,0,1.522781665,,,-7.697,-16.85,5.592,-0.437763831,0.610126227
1KMO,A,554,GLU,E,E,0.125581395,2.845,0,-1.485048821,,,-9.094,-12.316,2.845,0.881726183,6.04186E-09
1KMO,A,555,MET,M,E,0.441176471,0.596,0,1.513647912,,,-12.469,-16.06,0.596,-2.032222124,0.983922396
1KMO,A,556,GLY,G,E,0.038461538,-1.723,1,-1.453925955,,,-14.064,-12.472,-1.723,0.001217698,0.99793026
1KMO,A,557,LEU,L,E,0.419811321,-4.953,0,1.522842736,,,-17.479,-13.148,-4.953,-1.952832401,0.980537846
1KMO,A,558,PHE,F,E,0.033755274,-7.556,0,-1.513844444,,,-15.003,-8.948,-7.556,-2.344176582,0.975910684
1KMO,A,559,LEU,L,E,0.240566038,-10.276,0,1.525196709,,,-19.834,-8.892,-10.276,-1.650539739,0.828753497
1KMO,A,560,ILE,I,E,0,-12.923,0,-1.527731979,,,-15.979,-5.326,-12.923,-0.931197003,0.84842798
1KMO,A,561,ASN,N,E,0.218085106,-15.588,0,1.524016076,,,-21.093,-4.548,-15.588,0.00671387,0.99039156
1KMO,A,562,PHE,F,E,0,-17.589,0,-1.532868227,,,-15.997,-2.261,-17.589,-1.491863768,0.621081962
1KMO,A,563,ASN,N,E,0.308510638,-20.226,0,1.536556214,,,-20.912,-0.042,-20.226,2.7389E-06,0.99999608
1KMO,A,564,ASN,N,E,0.170212766,-22.462,0,1.42724665,,,-19.621,3.644,-22.462,1.17876E-07,0.999999831
1KMO,A,565,GLN,Q,E,0.067510549,-22.975,0,-1.50590604,,,-14.331,0.663,-22.975,0.000423011,0.999262037
1KMO,A,566,TYR,Y,S,0,-25.948,0,-1.528803781,,,-13.009,5.473,-25.948,-4.87601E-05,3.64233E-05
1KMO,A,567,ASP,D,S,0.380952381,-25.938,0,-1.26031623,,,-10.058,0.746,-25.938,0.006076613,0.994340481
1KMO,A,568,SER,S,,0.056818182,-30.021,0,0.530684464,,,-13.934,-1.137,-30.021,0,0
1KMO,A,569,ASN,N,,0.090425532,-26.956,0,0.996953861,,,-13.169,-5.882,-26.956,4.95695E-10,0.999999999
1KMO,A,570,GLN,Q,S,0.160337553,-32.55,0,1.287259492,,,-14.669,-5.053,-32.55,1.50065E-05,0.99997382
1KMO,A,571,THR,T,S,0.467741935,-35.167,0,1.142043782,,,-10.893,-7.995,-35.167,0,0
1KMO,A,572,ASN,N,S,0.436170213,-37.389,0,0.659552879,,,-12.169,-3.782,-37.389,2.70746E-14,1
1KMO,A,573,ASP,D,,0.423280423,-33.08,0,-1.243627758,,,-11.142,0.266,-33.08,0.00072642,0.999323441
1KMO,A,574,THR,T,,0.290322581,-36.161,0,1.379254871,,,-15.884,1.247,-36.161,0,0
1KMO,A,575,VAL,V,T,0.292682927,-35.576,0,1.196635701,,,-16.212,6.522,-35.576,-1.23453E-10,1.02912E-10
1KMO,A,576,THR,T,T,0.553763441,-33.784,0,1.320456361,,,-20.449,4.006,-33.784,0,0
1KMO,A,577,ALA,A,,0.050314465,-31.948,0,-1.414253513,,,-16.857,0.053,-31.948,-3.565E-07,4.96866E-07
1KMO,A,578,ARG,R,,0.129496403,-26.863,0,1.352226682,,,-18.818,1.633,-26.863,0.209654722,0.840328478
1KMO,A,579,GLY,G,E,0,-25.606,1,-1.236443249,,,-15.935,-1.77,-25.606,1.14865E-10,1
1KMO,A,580,LYS,K,E,0.207792208,-23.433,0,1.479248796,,,-19.359,-3.882,-23.433,0.176726686,0.861060756
1KMO,A,581,THR,T,E,0.02688172,-20.646,0,-1.537127191,,,-14.819,-6.217,-20.646,0,0
1KMO,A,582,ARG,R,E,0.276978417,-17.808,0,1.538741369,,,-18.714,-9.077,-17.808,0.419899896,0.680207271
1KMO,A,583,HIS,H,E,0.009569378,-14.594,0,-1.495759673,,,-13.933,-8.287,-14.594,0.000240579,0.999799189
1KMO,A,584,THR,T,E,0.209677419,-12.689,0,1.528661179,,,-17.354,-12.687,-12.689,0,0
1KMO,A,585,GLY,G,E,0.105769231,-10.027,1,-1.529905313,,,-14.126,-14.104,-10.027,0.588039688,0.000499734
1KMO,A,586,LEU,L,E,0.226415094,-6.394,0,1.513231311,,,-13.122,-16.521,-6.394,-1.905730223,0.956887343
1KMO,A,587,GLU,E,E,0.013953488,-4.864,0,-1.517530889,,,-9.548,-12.191,-4.864,0.881723265,3.31569E-06
1KMO,A,588,THR,T,E,0.150537634,-1.618,0,1.58942757,,,-8.873,-16.748,-1.618,0,0
1KMO,A,589,GLN,Q,E,0.223628692,0.021,0,-1.523899275,,,-4.165,-14.353,0.021,0.573214349,0
1KMO,A,590,ALA,A,E,0.238993711,3.819,0,1.51352965,,,-4.859,-18.292,3.819,-0.700553152,0.976384573
1KMO,A,591,ARG,R,E,0.294964029,6.197,0,-1.505996348,,,-0.304,-16.046,6.197,1.087186615,0.172006523
1KMO,A,592,TYR,Y,E,0.304,8.339,0,1.486044414,,,-1.536,-21.19,8.339,-1.289423765,0.963185668
1KMO,A,593,ASP,D,E,0.349206349,12.822,0,-0.791252804,,,1.763,-19.808,12.822,0.78465036,0.269207427
1KMO,A,594,LEU,L,G,0.150943396,10.238,0,1.090075685,,,3.302,-25.066,10.238,-1.653888118,0.830434753
1KMO,A,595,GLY,G,G,0.144230769,14.677,1,-1.4935282,,,4.174,-24.037,14.677,0.076785874,0.869485848
1KMO,A,596,THR,T,G,0.365591398,15.598,0,-1.457842927,,,-0.592,-23.484,15.598,0,0
1KMO,A,597,LEU,L,T,0.5,13.488,0,0.40909901,,,0.59,-28.24,13.488,-1.332389643,0.669006961
1KMO,A,598,THR,T,,0.241935484,15.467,0,1.290678116,,,4.37,-30.315,15.467,0,0
1KMO,A,599,PRO,P,G,0.595628415,19.054,0,0.587981292,,,7.672,-27.766,19.054,5.17302E-06,0.999990447
1KMO,A,600,THR,T,G,0.655913978,14.351,0,1.428721456,,,8.504,-30.805,14.351,0,0
1KMO,A,601,LEU,L,G,0.264150943,11.943,0,-1.3318352,,,6.167,-26.972,11.943,-1.492055054,0.749176656
1KMO,A,602,ASP,D,T,0.428571429,16.222,0,0.696041665,,,8.862,-23.689,16.222,0.27621639,0.742742887
1KMO,A,603,ASN,N,T,0.441489362,13.242,0,1.50211917,,,10.301,-20.304,13.242,0.394155796,0.435910677
1KMO,A,604,VAL,V,E,0.097560976,9.694,0,1.515310199,,,7.469,-23.852,9.694,-1.199570374,0.999974065
1KMO,A,605,SER,S,E,0.073863636,8.331,0,-1.520322334,,,4.9,-18.829,8.331,0,0
1KMO,A,606,ILE,I,E,0.421052632,4.84,0,1.56248296,,,2.485,-22.826,4.84,-1.097555398,0.999999685
1KMO,A,607,TYR,Y,E,0.112,2.801,0,-1.53124949,,,1.529,-17.609,2.801,-0.273646941,0.204411319
1KMO,A,608,ALA,A,E,0.295597484,-0.853,0,1.531732679,,,-1.474,-20.209,-0.853,-0.717497109,0.999999938
1KMO,A,609,SER,S,E,0.022727273,-2.995,0,-1.507176499,,,-1.964,-14.96,-2.995,0,0
1KMO,A,610,TYR,Y,E,0.252,-5.329,0,1.5201569,,,-5.469,-18.527,-5.329,-0.736237176,0.549961243
1KMO,A,611,ALA,A,E,0.018867925,-8.203,0,-1.496203863,,,-7.307,-14.04,-8.203,-0.039537073,0.055104152
1KMO,A,612,TYR,Y,E,0.324,-10.04,0,1.495760676,,,-11.036,-17.992,-10.04,-1.31493584,0.982242914
1KMO,A,613,VAL,V,E,0.06097561,-13.01,0,-1.535464099,,,-9.458,-13.162,-13.01,-1.140857653,0.951030543
1KMO,A,614,ASN,N,E,0.127659574,-15.699,0,1.517926546,,,-14.121,-15.387,-15.699,0.005436583,0.992219528
1KMO,A,615,ALA,A,E,0.018867925,-17.983,0,-1.523918961,,,-11.36,-10.552,-17.983,-4.95271E-05,6.90275E-05
1KMO,A,616,GLU,E,E,0.065116279,-20.78,0,1.520441054,,,-16.088,-12.568,-20.78,0.010053453,0.988597987
1KMO,A,617,ILE,I,E,0,-25.248,0,-0.71942338,,,-15.09,-9.456,-25.248,-0.000732554,0.000667441
1KMO,A,618,ARG,R,,0.176258993,-22.617,0,0.758599367,,,-20.275,-8.548,-22.617,0.28530977,0.782710139
1KMO,A,619,GLU,E,S,0.037209302,-27.138,0,-1.476569673,,,-18.214,-5.251,-27.138,0.00044008,0.999500888
1KMO,A,620,LYS,K,S,0.662337662,-29.836,0,1.500568226,,,-23.157,-6.7,-29.836,0.079647641,0.937382501
1KMO,A,621,GLY,G,S,0.403846154,-32.569,1,-1.190523142,,,-19.575,-7.696,-32.569,3.16756E-21,1
1KMO,A,622,ASP,D,T,0.433862434,-35.139,0,-0.933227196,,,-15.991,-9.726,-35.139,0.000428304,0.999601094
1KMO,A,623,THR,T,T,0.005376344,-30.081,0,-1.474601302,,,-14.181,-9.999,-30.081,0,0
1KMO,A,624,TYR,Y,T,0.496,-28.965,0,1.45898355,,,-20.017,-11.156,-28.965,-8.48008E-07,6.33453E-07
1KMO,A,625,GLY,G,T,0.336538462,-25.99,1,0.603609358,,,-17.981,-14.179,-25.99,3.78409E-11,1
1KMO,A,626,ASN,N,,0.234042553,-27.459,0,-1.052893632,,,-13.454,-13.336,-27.459,2.84667E-10,1
1KMO,A,627,LEU,L,B,0.231132075,-23,0,1.451190201,,,-10.855,-14.804,-23,-0.531898284,0.267071766
1KMO,A,628,VAL,V,,0.073170732,-21.504,0,-0.913901526,,,-10.334,-9.417,-21.504,-5.42617E-05,4.52331E-05
1KMO,A,629,PRO,P,T,0.081967213,-24.906,0,-1.007908726,,,-5.886,-9.649,-24.906,1.82164E-08,0.999999966
1KMO,A,630,PHE,F,T,0.130801688,-21.229,0,-1.522306802,,,-2.893,-9.505,-21.229,-0.888657403,0.369959439
1KMO,A,631,SER,S,,0.090909091,-18.486,0,1.535308438,,,-7.398,-11.564,-18.486,0,0
1KMO,A,632,PRO,P,,0.038251366,-16.115,0,-1.320014015,,,-3.639,-15.601,-16.115,0.000177059,0.999673043
1KMO,A,633,LYS,K,S,0.246753247,-15.968,0,1.417275203,,,-8.77,-18.375,-15.968,0.503188311,0.60440268
1KMO,A,634,HIS,H,E,0.368421053,-12.591,0,1.532942595,,,-5.694,-20.178,-12.591,0.001913599,0.99840272
1KMO,A,635,LYS,K,E,0.108225108,-11.521,0,-1.398163438,,,-2.847,-15.467,-11.521,0.86881964,0.316950109
1KMO,A,636,GLY,G,E,0.038461538,-7.512,1,1.513152323,,,-1.3,-16.883,-7.512,0.341590759,0.419392839
1KMO,A,637,THR,T,E,0.02688172,-4.705,0,-1.385831159,,,2.254,-16.619,-4.705,0,0
1KMO,A,638,LEU,L,E,0.278301887,-2.861,0,1.501124912,,,1.994,-21.765,-2.861,-1.984827391,0.996602869
1KMO,A,639,GLY,G,E,0.057692308,-0.235,1,-1.469026827,,,5.319,-20.418,-0.235,0.000106469,0.999819034
1KMO,A,640,VAL,V,E,0.262195122,3.177,0,1.563662687,,,7.136,-22.875,3.177,-1.199601486,1
1KMO,A,641,ASP,D,E,0.010582011,5.55,0,-1.506196866,,,8.54,-17.682,5.55,1.073438551,0.000241431
1KMO,A,642,TYR,Y,E,0.396,7.568,0,1.488526788,,,11.784,-22.088,7.568,-1.190833009,0.889539435
1KMO,A,643,LYS,K,,0.337662338,10.735,0,-1.521724351,,,12.107,-17.137,10.735,0.936297509,0.263900259
1KMO,A,644,PRO,P,,0.163934426,12.7,0,1.474910506,,,15.6,-21.666,12.7,0.025621457,0.95268735
1KMO,A,645,GLY,G,T,0.730769231,15.2,1,1.302854356,,,16.875,-17.866,15.2,0.047712185,0.918902852
1KMO,A,646,ASN,N,T,0.329787234,13.258,0,1.498261659,,,19.837,-14.599,13.258,0.38791769,0.444838235
1KMO,A,647,TRP,W,E,0.725,9.549,0,1.50745116,,,18.335,-18.592,9.549,-1.017863374,0.871367694
1KMO,A,648,THR,T,E,0.155913978,6.715,0,-1.495351798,,,14.928,-15.251,6.715,0,0
1KMO,A,649,PHE,F,E,0.308016878,5.001,0,1.472387517,,,14.899,-20.891,5.001,-2.09212202,0.870977147
1KMO,A,650,ASN,N,E,0.04787234,1.373,0,-1.438603837,,,12.03,-17.22,1.373,0.698747131,0
1KMO,A,651,LEU,L,E,0.316037736,-0.308,0,1.477455245,,,10.386,-22.411,-0.308,-1.99158779,0.999997338
1KMO,A,652,ASN,N,E,0.058510638,-3.044,0,-1.540162654,,,8.186,-17.972,-3.044,0.698747131,0
1KMO,A,653,SER,S,E,0,-6.253,0,1.533833433,,,5.482,-21.646,-6.253,0,0
1KMO,A,654,ASP,D,E,0.26984127,-9.423,0,-1.401836296,,,5.146,-16.887,-9.423,1.047662506,0.024248229
1KMO,A,655,PHE,F,E,0.198312236,-10.547,0,1.413699049,,,1.391,-20.998,-10.547,-2.379940814,0.990799791
1KMO,A,656,GLN,Q,E,0.126582278,-14.191,0,-1.479208572,,,-0.328,-17.102,-14.191,0.039921383,0.930355227
1KMO,A,657,SER,S,,0.170454545,-16.356,0,1.527006221,,,-4.053,-20.545,-16.356,0,0
1KMO,A,658,SER,S,,0.261363636,-21.243,0,1.066317026,,,-2.979,-20.212,-21.243,0,0
1KMO,A,659,GLN,Q,B,0.037974684,-21.02,0,-1.344062871,,,-3.057,-14.851,-21.02,0.000991231,0.99827075
1KMO,A,660,PHE,F,,0.185654008,-25.824,0,1.414257756,,,-6.021,-14.751,-25.824,-0.353006365,0.146961063
1KMO,A,661,ALA,A,S,0.006289308,-27.605,0,1.319700724,,,-1.423,-12.218,-27.605,-1.24988E-06,1.742E-06
1KMO,A,662,ASP,D,S,0.042328042,-30.392,0,-0.364453015,,,-5.168,-10.541,-30.392,0.001524248,0.998580376
1KMO,A,663,ASN,N,T,0.196808511,-29.293,0,-1.474910506,,,-9.911,-8.458,-29.293,4.09225E-11,1
1KMO,A,664,ALA,A,T,0.283018868,-33.009,0,-0.662529999,,,-9.055,-12.365,-33.009,-2.69303E-07,3.75336E-07
1KMO,A,665,ASN,N,,0.10106383,-28.47,0,1.384431291,,,-9.449,-15.623,-28.47,9.62175E-11,1
1KMO,A,666,THR,T,,0.225806452,-32.898,0,-1.114143617,,,-5.161,-15.801,-32.898,0,0
1KMO,A,667,VAL,V,,0.548780488,-30.61,0,1.54570437,,,-5.306,-21.111,-30.61,-5.98032E-09,4.98526E-09
1KMO,A,668,LYS,K,S,0.792207792,-34.615,0,0.647871129,,,-2.225,-20.952,-34.615,0.04754976,0.96261726
1KMO,A,669,GLU,E,,0.279069767,-32.385,0,1.377348903,,,2.596,-18.83,-32.385,5.50594E-05,0.999937555
1KMO,A,670,SER,S,,0.1875,-35.766,0,-1.527877613,,,1.67,-14.266,-35.766,0,0
1KMO,A,671,ALA,A,T,0.547169811,-38.851,0,0.357716368,,,5.908,-15.905,-38.851,-6.64718E-08,9.2644E-08
1KMO,A,672,ASP,D,T,0.338624339,-36.429,0,-1.453306575,,,5.878,-11.054,-36.429,0.000312418,0.999709027
1KMO,A,673,GLY,G,S,0,-32.508,1,-1.503203877,,,5.462,-13.811,-32.508,4.07302E-21,1
1KMO,A,674,SER,S,S,0.028409091,-32.63,0,-1.190374731,,,2.736,-9.844,-32.63,0,0
1KMO,A,675,THR,T,S,0.107526882,-32.379,0,-1.239335709,,,-1.213,-12.752,-32.379,0,0
1KMO,A,676,GLY,G,S,0,-30.322,1,-1.528826179,,,-1.081,-16.671,-30.322,2.12938E-17,1
1KMO,A,677,ARG,R,,0.410071942,-26.998,0,1.530558722,,,-2.379,-19.815,-26.998,0.207715782,0.84180516
1KMO,A,678,ILE,I,B,0,-23.622,0,-1.409221771,,,0.71,-16.233,-23.622,-0.001796276,0.001636615
1KMO,A,679,PRO,P,,0.262295082,-22.365,0,1.478166432,,,2.279,-21.687,-22.365,1.76263E-07,0.999999675
1KMO,A,680,GLY,G,,0.269230769,-18.239,1,1.486528886,,,0.797,-20.605,-18.239,0.001119101,0.998097847
1KMO,A,681,PHE,F,E,0.147679325,-16.51,0,-1.468346008,,,4.904,-20.649,-16.51,-1.677606716,0.698409126
1KMO,A,682,MET,M,E,0.406862745,-11.922,0,1.43507282,,,4.115,-23.636,-11.922,-1.254182957,0.60722629
1KMO,A,683,LEU,L,E,0.056603774,-11.52,0,-1.494253325,,,8.39,-19.578,-11.52,-1.534116942,0.770296376
1KMO,A,684,TRP,W,E,0.45,-7.676,0,1.50341611,,,10.261,-23.156,-7.676,-0.688785841,0.589652546
1KMO,A,685,GLY,G,E,0.019230769,-6.099,1,-1.458728837,,,12.312,-19.452,-6.099,0.151714327,0.742128783
1KMO,A,686,ALA,A,E,0.176100629,-2.676,0,1.525488119,,,14.777,-21.047,-2.676,-0.71667919,0.998859977
1KMO,A,687,ARG,R,E,0.111510791,-0.6,0,-1.542460696,,,15.694,-16.085,-0.6,1.311450421,0.001208828
1KMO,A,688,VAL,V,E,0.298780488,2.483,0,1.565717727,,,19.721,-18.843,2.483,-1.199601486,1
1KMO,A,689,ALA,A,E,0.037735849,4.6,0,-1.513992404,,,18.031,-13.763,4.6,-0.640909289,0.893256908
1KMO,A,690,TYR,Y,E,0.272,8.048,0,1.521499918,,,22.206,-14.548,8.048,-1.257785014,0.939551862
1KMO,A,691,ASP,D,E,0.201058201,10.833,0,-1.398061515,,,18.945,-10.754,10.833,0.990287068,0.077685461
1KMO,A,692,PHE,F,,0.41350211,11.504,0,1.420211252,,,24.925,-9.875,11.504,-2.328065728,0.969203529
1KMO,A,693,GLY,G,,0.413461538,15.683,1,1.523774438,,,23.073,-9.451,15.683,0.029412194,0.950007633
1KMO,A,694,PRO,P,T,0.333333333,15.832,0,-1.357403772,,,18.64,-7.793,15.832,0.000257241,0.999524979
1KMO,A,695,GLN,Q,T,0.683544304,18.733,0,0.427042152,,,22.244,-5.133,18.733,0.00298007,0.994801125
1KMO,A,696,MET,M,T,0.803921569,15.903,0,1.467831053,,,26.104,-4.532,15.903,-1.074982234,0.520464315
1KMO,A,697,ALA,A,T,0.075471698,11.943,0,1.303233671,,,25.514,-2.256,11.943,-0.001659397,0.002312758
1KMO,A,698,ASP,D,,0.312169312,11.66,0,-1.526601454,,,19.954,-3.656,11.66,0.925301523,0.138210449
1KMO,A,699,LEU,L,,0.212264151,8.922,0,1.531192019,,,24.674,-6.444,8.922,-1.7604691,0.883950194
1KMO,A,700,ASN,N,E,0.271276596,6.526,0,-1.513549801,,,19.605,-8.022,6.526,0.698747131,4.66503E-10
1KMO,A,701,LEU,L,E,0.377358491,4.303,0,1.49934419,,,23.988,-11.099,4.303,-1.966742052,0.987522029
1KMO,A,702,ALA,A,E,0.050314465,1.478,0,-1.551330074,,,19.375,-12.378,1.478,-0.717492144,0.999993019
1KMO,A,703,PHE,F,E,0.47257384,-1.426,0,1.519400211,,,22.593,-15.991,-1.426,-1.526663994,0.635569741
1KMO,A,704,GLY,G,E,0.009615385,-3.553,1,-1.488222018,,,18.505,-16.154,-3.553,0.014011472,0.976184482
1KMO,A,705,VAL,V,E,0.152439024,-7,0,1.529400209,,,17.829,-19.122,-7,-1.199601479,0.999999994
1KMO,A,706,LYS,K,E,0.064935065,-9.544,0,-1.42419802,,,14.198,-15.424,-9.544,1.031293862,0.189215888
1KMO,A,707,ASN,N,S,0.031914894,-12.661,0,-0.628230053,,,13.02,-18.934,-12.661,0.581740229,0.167452426
1KMO,A,708,ILE,I,T,0.231578947,-8.364,0,0.788236005,,,14.785,-22.982,-8.364,-1.097001652,0.999495158
1KMO,A,709,PHE,F,T,0.578059072,-12.291,0,1.529620214,,,13.075,-25.75,-12.291,-2.26403589,0.942547089
1KMO,A,710,ASP,D,,0.185185185,-15.883,0,1.392943646,,,16.232,-22.855,-15.883,0.31580775,0.705869047
1KMO,A,711,GLN,Q,,0.400843882,-15.532,0,-1.228470594,,,10.111,-23.055,-15.532,0.017505008,0.969461671
1KMO,A,712,ASP,D,,0.476190476,-21.218,0,0.758601345,,,11.344,-22.184,-21.218,0.034325619,0.968030465
1KMO,A,713,TYR,Y,,0.072,-19.249,0,-0.856306604,,,7.207,-18.947,-19.249,-0.035257368,0.026336874
1KMO,A,714,PHE,F,E,0.097046414,-23.876,0,0.445458191,,,7.721,-16.244,-23.876,-0.541620452,0.225483519
1KMO,A,715,ILE,I,E,0.063157895,-21.811,0,-1.107618165,,,4.759,-12.093,-21.811,-0.005251161,0.004784414
1KMO,A,716,ARG,R,E,0.017985612,-27.02,0,1.1677367,,,2.981,-11.938,-27.02,0.207402105,0.842044054
1KMO,A,717,SER,S,E,0.017045455,-27.064,0,-1.520332858,,,4.47,-6.596,-27.064,0,0
1KMO,A,718,TYR,Y,,0.328,-29.288,0,1.488635617,,,-0.763,-8.013,-29.288,-5.28007E-07,3.94415E-07
1KMO,A,719,ASP,D,S,0.677248677,-30.171,0,-1.383020246,,,-1.13,-3.493,-30.171,0.001624652,0.998486863
1KMO,A,720,ASP,D,S,0.126984127,-28.822,0,0.669142735,,,3.767,-1.805,-28.822,0.002422893,0.997743413
1KMO,A,721,ASN,N,T,0.377659574,-33.09,0,1.497503589,,,6.584,-0.137,-33.09,1.05676E-12,1
1KMO,A,722,ASN,N,T,0.010638298,-29.673,0,1.027774294,,,9.154,-3.261,-29.673,2.77993E-11,1
1KMO,A,723,LYS,K,,0.411255411,-31.86,0,-1.200402016,,,4.525,-6.671,-31.86,0.063524386,0.950058306
1KMO,A,724,GLY,G,E,0,-30.582,1,-1.493773721,,,6.775,-10.209,-30.582,8.05086E-18,1
1KMO,A,725,ILE,I,E,0,-28.537,0,1.484924914,,,8.379,-14.212,-28.537,-0.000140521,0.000128031
1KMO,A,726,TYR,Y,E,0.02,-24.028,0,-1.326294462,,,8.924,-10.6,-24.028,-0.000452145,0.000337748
1KMO,A,727,ALA,A,E,0.012578616,-23.062,0,1.527572257,,,12.97,-14.84,-23.062,-5.85225E-06,8.15647E-06
1KMO,A,728,GLY,G,,0.009615385,-19.371,1,1.516299006,,,10.437,-14.803,-19.371,0.00017976,0.999694459
1KMO,A,729,GLN,Q,,0.071729958,-15.269,0,-0.719330939,,,12.658,-13.743,-15.269,0.020507368,0.96422391
1KMO,A,730,PRO,P,,0,-17.612,0,1.119787926,,,16.365,-17.5,-17.612,2.72002E-05,0.999949772
1KMO,A,731,ARG,R,S,0.323741007,-13.466,0,1.524001312,,,17.971,-20.105,-13.466,0.61101893,0.534652395
1KMO,A,732,THR,T,E,0.016129032,-12.012,0,-1.535969075,,,17.388,-14.503,-12.012,0,0
1KMO,A,733,LEU,L,E,0.254716981,-9.016,0,1.52962381,,,22.19,-16.061,-9.016,-1.753506224,0.88045406
1KMO,A,734,TYR,Y,E,0.02,-6.591,0,-1.543477243,,,19.405,-11.765,-6.591,-1.010597247,0.754905261
1KMO,A,735,MET,M,E,0.485294118,-3.373,0,1.527186302,,,23.902,-11.121,-3.373,-1.816150663,0.879309054
1KMO,A,736,GLN,Q,E,0.071729958,-0.576,0,-1.47931065,,,19.445,-8.876,-0.576,0.573214349,6.10068E-13
1KMO,A,737,GLY,G,E,0.153846154,1.649,1,1.241351052,,,22.523,-6.561,1.649,0.001089067,0.998148896
1KMO,A,738,SER,S,E,0.215909091,4.157,0,-1.531353976,,,19.534,-4.146,4.157,0,0
1KMO,A,739,LEU,L,E,0.273584906,6.721,0,1.515785275,,,23.59,-1.192,6.721,-1.891569644,0.949777167
1KMO,A,740,LYS,K,E,0.32034632,9.948,0,-1.45424379,,,19.06,-0.626,9.948,1.000362577,0.21353349
1KMO,A,741,PHE,F,,0.662447257,11.378,0,1.443895426,,,23.003,3.5,11.378,-2.336570584,0.97274421
