pdbID,ResIndex,1-Code,SecondaryStructure,zCoord of CB,vectProj,Ez,Ez_N,%SASA_ALL,SASA_MonoWithHet,%SASA_MonoWithHet,%burial
1P4T,1,E,,-14.793,-1.424214169,0.340070107,0.614313251,0.693023256,149,0.693023256,0
1P4T,2,G,,-15.567,1.194340093,0.033164519,0.943629748,0.557692308,58,0.557692308,0
1P4T,3,A,,-11.965,0.748281364,-0.001633442,0.002276584,0.333333333,53,0.333333333,0
1P4T,4,S,E,-15.829,-0.849843515,0,0,0.380681818,67,0.380681818,0
1P4T,5,G,E,-13.596,-1.487693904,0.175268385,0.702093582,0.307692308,32,0.307692308,0
1P4T,6,F,E,-10.498,1.525165565,-2.38179228,0.99157058,0.438818565,104,0.438818565,0
1P4T,7,Y,E,-8.629,-1.503020958,-1.313514607,0.981181268,0.02,5,0.02,0
1P4T,8,V,E,-4.83,1.477961434,-1.199601486,1,0.390243902,64,0.390243902,0
1P4T,9,Q,E,-3.278,-1.529785606,0.573208278,1.05907E-05,0.046413502,11,0.046413502,0
1P4T,10,A,E,-0.395,1.494020415,-0.717497153,1,0.352201258,56,0.352201258,0
1P4T,11,D,E,1.649,-1.504955149,1.073697769,5.8758E-09,0.052910053,10,0.052910053,0
1P4T,12,A,E,4.101,1.562564879,-0.686871152,0.957315508,0.41509434,66,0.41509434,0
1P4T,13,A,E,6.585,-1.49380889,-0.199300632,0.277772018,0.062893082,10,0.062893082,0
1P4T,14,H,E,8.936,1.513760879,0.198240572,0.834528694,0.454545455,95,0.454545455,0
1P4T,15,A,E,11.645,-1.512016204,-0.002060275,0.002871474,0.012578616,2,0.012578616,0
1P4T,16,K,E,14.205,1.510326124,0.637025239,0.499182569,0.428571429,99,0.428571429,0
1P4T,17,A,E,17.107,-1.421577293,-7.60386E-05,0.000105978,0.050314465,8,0.050314465,0
1P4T,18,S,E,18.513,1.44201595,0.35907387,0.612698232,0.085227273,15,0.085227273,0
1P4T,19,S,,22.243,-1.368912707,0,0,0.136363636,24,0.136363636,0
1P4T,20,S,S,25.388,1.338638861,0,0,0.426136364,75,0.426136364,0
1P4T,21,L,S,26.705,-1.531629851,-0.366600824,0.184074159,0.650943396,138,0.650943396,0
1P4T,22,G,,24.172,1.432452877,5.72396E-09,0.99999999,0.394230769,41,0.394230769,0
1P4T,23,S,E,19.9,1.148066636,0.278128755,0.700006691,0.426136364,75,0.426136364,0
1P4T,24,A,E,20.301,-1.38148688,-1.74897E-05,2.4376E-05,0.150943396,24,0.150943396,0
1P4T,25,K,E,16.436,1.520988166,0.471492969,0.62932097,0.54978355,127,0.54978355,0
1P4T,26,G,E,14.722,-1.51100458,0.073850417,0.87447529,0,0,0,
1P4T,27,F,E,11.226,1.494577532,-2.346166276,0.976739019,0.308016878,73,0.308016878,0
1P4T,28,S,,9.701,-1.523593778,0,0,0.017045455,3,0.017045455,0
1P4T,29,P,,7.293,1.489561009,0.54144452,0.000167138,0.300546448,55,0.300546448,0
1P4T,30,R,E,4.314,-1.439856243,1.200751879,0.085516038,0.097122302,27,0.097122302,0
1P4T,31,I,E,2.45,1.535552344,-1.097555744,1,0.536842105,102,0.536842105,0
1P4T,32,S,E,-0.203,-1.515533239,0,0,0.079545455,14,0.079545455,0
1P4T,33,A,E,-2.858,1.537870281,-0.716059342,0.997996074,0.333333333,53,0.333333333,0
1P4T,34,G,E,-5.368,-1.493015354,0.086410845,0.853126134,0.067307692,7,0.067307692,0
1P4T,35,Y,E,-9.215,1.458243121,-1.337870966,0.999375205,0.336,84,0.336,0
1P4T,36,R,E,-12.25,-1.02489658,0.679399569,0.482574193,0.230215827,64,0.230215827,0
1P4T,37,I,E,-11.493,1.346043461,-1.058669178,0.964569848,0.242105263,46,0.242105263,0
1P4T,38,N,T,-13.014,1.207942466,0.478938083,0.314575957,0.787234043,148,0.787234043,0
1P4T,39,D,T,-13.612,1.430639717,0.662074595,0.383369687,0.497354497,94,0.497354497,0
1P4T,40,L,E,-8.83,1.360671893,-1.767180567,0.887320092,0.287735849,61,0.287735849,0
1P4T,41,R,E,-7.219,-1.500774467,1.017217396,0.225294575,0.028776978,8,0.028776978,0
1P4T,42,F,E,-4.974,1.489830192,-2.088572334,0.869499367,0.261603376,62,0.261603376,0
1P4T,43,A,E,-2.445,-1.526109433,-0.717120118,0.999474513,0.06918239,11,0.06918239,0
1P4T,44,V,E,0.949,1.533354493,-1.199601486,1,0.512195122,84,0.512195122,0
1P4T,45,D,E,3.029,-1.52539077,1.073696482,1.20429E-06,0.026455026,5,0.026455026,0
1P4T,46,Y,E,6.352,1.512630821,-0.960424944,0.717427091,0.412,103,0.412,0
1P4T,47,T,E,8.269,-1.538209999,0,0,0.021505376,4,0.021505376,0
1P4T,48,R,E,11.68,1.515132007,0.713731331,0.456427371,0.251798561,70,0.251798561,0
1P4T,49,Y,E,14.064,-1.485153864,-0.586269198,0.437936778,0.032,8,0.032,0
1P4T,50,K,E,15.717,1.498713115,0.520881633,0.590492518,0.311688312,72,0.311688312,0
1P4T,51,N,E,19.688,-0.178241409,6.14931E-06,0.9999912,0.079787234,15,0.079787234,0
1P4T,52,Y,S,16.945,1.460998289,-0.15726168,0.117472782,0.504,126,0.504,0
1P4T,53,K,S,21.375,1.521001315,0.234222441,0.81585866,0.346320346,80,0.346320346,0
1P4T,54,A,,24.127,1.443629454,-3.97183E-06,5.53568E-06,0.427672956,68,0.427672956,0
1P4T,55,P,,25.777,-1.478879644,8.82275E-09,0.999999984,0.322404372,59,0.322404372,0
1P4T,56,S,S,30.969,-0.908489956,0,0,0.778409091,137,0.778409091,0
1P4T,57,T,S,28.499,-1.496565735,0,0,0.532258065,99,0.532258065,0
1P4T,58,D,,24.464,1.499749646,0.01010284,0.990590611,0.386243386,73,0.386243386,0
1P4T,59,F,,22.528,-1.524800643,-0.705693135,0.293789075,0.223628692,53,0.223628692,0
1P4T,60,K,E,18.1,1.425430812,0.372550641,0.707107594,0.19047619,44,0.19047619,0
1P4T,61,L,E,16.087,-1.48009324,-1.064415655,0.534454382,0.117924528,25,0.117924528,0
1P4T,62,Y,E,13.934,1.509824162,-0.613170458,0.45803173,0.124,31,0.124,0
1P4T,63,S,E,10.59,-1.499237473,0,0,0.068181818,12,0.068181818,0
1P4T,64,I,E,8.072,1.536273739,-1.097212581,0.999687339,0.5,95,0.5,0
1P4T,65,G,E,5.583,-1.41308944,0.103006363,0.824918472,0.028846154,3,0.028846154,0
1P4T,66,A,E,2.484,1.519358417,-0.717065281,0.999398084,0.333333333,53,0.333333333,0
1P4T,67,S,E,0.063,-1.520205578,0,0,0.073863636,13,0.073863636,0
1P4T,68,A,E,-2.732,1.464812957,-0.716520227,0.998638425,0.27672956,44,0.27672956,0
1P4T,69,I,E,-4.553,-1.512579585,-1.097555592,0.999999862,0.057894737,11,0.057894737,0
1P4T,70,Y,E,-7.689,1.517232349,-1.209312873,0.903343695,0.392,98,0.392,0
1P4T,71,D,E,-10.349,-1.381179206,1.016322071,0.053437481,0.142857143,27,0.142857143,0
1P4T,72,F,,-10.994,1.397369314,-2.359392341,0.982245199,0.392405063,93,0.392405063,0
1P4T,73,D,,-16.443,-0.947904004,0.252621314,0.764718416,0.740740741,140,0.740740741,0
1P4T,74,T,,-15.492,1.238153868,0,0,0.35483871,66,0.35483871,0
1P4T,75,Q,S,-20.586,1.215666484,0.001210232,0.997888692,0.759493671,180,0.759493671,0
1P4T,76,S,S,-16.796,1.186130263,0,0,0.340909091,60,0.340909091,0
1P4T,77,P,S,-15.896,1.528709587,0.000236267,0.999563709,0.344262295,63,0.344262295,0
1P4T,78,V,E,-12.335,1.529850319,-1.18418595,0.987149453,0.37195122,61,0.37195122,0
1P4T,79,K,E,-11.524,-1.489936911,0.868557848,0.317155924,0.108225108,25,0.108225108,0
1P4T,80,P,E,-8.003,1.539668796,0.540893499,0.001184656,0.278688525,51,0.278688525,0
1P4T,81,Y,E,-6.061,-1.51720961,-0.897540086,0.67045278,0.052,13,0.052,0
1P4T,82,L,E,-3.727,1.494811359,-1.975853218,0.992096842,0.41509434,88,0.41509434,0
1P4T,83,G,E,-1.517,-1.465155492,0.000890206,0.998486903,0.105769231,11,0.105769231,0
1P4T,84,A,E,1.541,1.539646713,-0.717489986,0.99999001,0.333333333,53,0.333333333,0
1P4T,85,R,E,4.147,-1.463027683,1.209369484,0.078952932,0.007194245,2,0.007194245,0
1P4T,86,L,E,5.631,1.43118168,-1.933654884,0.970908612,0.485849057,103,0.485849057,0
1P4T,87,S,E,8.988,-1.47802368,0,0,0.017045455,3,0.017045455,0
1P4T,88,L,E,11.144,1.490246959,-1.570570797,0.788600243,0.45754717,97,0.45754717,0
1P4T,89,N,E,14.354,-1.51192394,0.072168131,0.896717814,0.037234043,7,0.037234043,0
1P4T,90,R,E,17.058,1.516134559,0.447432791,0.659238417,0.417266187,116,0.417266187,0
1P4T,91,A,E,20.647,-1.175353564,-1.51276E-05,2.10839E-05,0.106918239,17,0.106918239,0
1P4T,92,S,E,20.286,1.092754776,0.258432027,0.721251839,0.017045455,3,0.017045455,0
1P4T,93,V,E,25.757,-1.092690258,-5.148E-07,4.29143E-07,0.256097561,42,0.256097561,0
1P4T,94,D,E,25.125,1.458451233,0.008015661,0.992534528,0.481481481,91,0.481481481,0
1P4T,95,L,E,29.033,-1.5288548,-0.293021999,0.147129451,0.518867925,110,0.518867925,0
1P4T,96,G,T,30.261,1.529984892,2.67043E-17,1,0.865384615,90,0.865384615,0
1P4T,97,G,T,26.779,1.449227861,3.55189E-12,1,0.576923077,60,0.576923077,0
1P4T,98,S,E,25.132,1.486753846,0.100870039,0.891200258,0.471590909,83,0.471590909,0
1P4T,99,D,E,21.38,-0.182726572,0.03218088,0.97002799,0.317460317,60,0.317460317,0
1P4T,100,S,E,25.768,0.326695577,0.089404315,0.903567337,0.289772727,51,0.289772727,0
1P4T,101,F,E,20.685,0.774312598,-0.971771794,0.404561023,0.447257384,106,0.447257384,0
1P4T,102,S,,22.042,-1.491336314,0,0,0.085227273,15,0.085227273,0
1P4T,103,Q,,21.623,1.440558919,0.000756138,0.998680881,0.687763713,163,0.687763713,0
1P4T,104,T,,16.331,1.131298811,0,0,0.392473118,73,0.392473118,0
1P4T,105,S,E,17.065,-1.385289139,0,0,0.130681818,23,0.130681818,0
1P4T,106,I,E,12.573,1.498164544,-0.977032384,0.890189304,0.663157895,126,0.663157895,0
1P4T,107,G,E,11.632,-1.377136571,0.454893681,0.226810088,0.019230769,2,0.019230769,0
1P4T,108,L,E,9.002,1.520031908,-1.754549964,0.880978133,0.537735849,114,0.537735849,0
1P4T,109,G,E,6.954,-1.42858585,0.258950242,0.559858219,0.076923077,8,0.076923077,0
1P4T,110,V,E,4.06,1.578973401,-1.199601486,1,0.420731707,69,0.420731707,0
1P4T,111,L,E,1.06,-1.416158183,-1.991312883,0.999859304,0.037735849,8,0.037735849,0
1P4T,112,T,E,-0.587,1.530294089,0,0.5,0.338709677,63,0.338709677,0
1P4T,113,G,E,-2.708,-1.521372844,0.004893023,0.991683252,0.125,13,0.125,0
1P4T,114,V,E,-6.127,1.538741369,-1.199601485,1,0.384146341,63,0.384146341,0
1P4T,115,S,E,-8.633,-1.421132647,0,0,0.028409091,5,0.028409091,0
1P4T,116,Y,E,-10.336,1.473611211,-1.290825245,0.964232558,0.44,110,0.44,0
1P4T,117,A,E,-14.728,-0.921926787,-0.00027494,0.000383193,0.201257862,32,0.201257862,0
1P4T,118,V,E,-12.877,1.136142597,-1.154022363,0.96200478,0.493902439,81,0.493902439,0
1P4T,119,T,E,-16.738,1.562141159,0,0.5,0.338709677,63,0.338709677,0
1P4T,120,P,T,-19.081,-0.613057909,5.02081E-06,0.999990729,0.62295082,114,0.62295082,0
1P4T,121,N,T,-15.19,1.500298637,0.014424006,0.979357331,0.478723404,90,0.478723404,0
1P4T,122,V,E,-12.027,1.537016916,-1.191525376,0.993267673,0.262195122,43,0.262195122,0
1P4T,123,D,E,-9.789,-1.502898866,1.037699762,0.033527138,0.047619048,9,0.047619048,0
1P4T,124,L,E,-7.345,1.505830336,-1.860752063,0.934303332,0.391509434,83,0.391509434,0
1P4T,125,D,E,-4.326,-1.473838526,1.073668496,2.72697E-05,0.052910053,10,0.052910053,0
1P4T,126,A,E,-2.501,1.468959496,-0.717039252,0.999361808,0.352201258,56,0.352201258,0
1P4T,127,G,E,0.241,-1.414477982,0.000107607,0.999817098,0.048076923,5,0.048076923,0
1P4T,128,Y,E,3.345,1.52964996,-0.35242226,0.263255633,0.396,99,0.396,0
1P4T,129,R,E,5.446,-1.500704168,1.135578454,0.135151648,0.028776978,8,0.028776978,0
1P4T,130,Y,E,8.06,1.518084319,-1.259230521,0.94063164,0.344,86,0.344,0
1P4T,131,N,E,10.188,-1.501156887,0.698539973,0.00029647,0.015957447,3,0.015957447,0
1P4T,132,Y,E,12.7,1.507430264,-0.881919743,0.658784551,0.384,96,0.384,0
1P4T,133,I,E,15.148,-1.498645055,-0.435082371,0.396410272,0.057894737,11,0.057894737,0
1P4T,134,G,E,17.758,-1.485041343,0.002267662,0.996145619,0.057692308,6,0.057692308,0
1P4T,135,K,E,21.875,1.299294039,0.218519456,0.828204056,0.480519481,111,0.480519481,0
1P4T,136,V,E,21.047,-1.403635993,-9.44626E-05,7.8745E-05,0.097560976,16,0.097560976,0
1P4T,137,N,T,25.078,1.546687105,4.32604E-09,0.999999994,0.638297872,120,0.638297872,0
1P4T,138,T,T,28.57,-1.065004225,0,0,0.666666667,124,0.666666667,0
1P4T,139,V,E,24.846,-1.449543721,-1.30399E-06,1.08702E-06,0.231707317,38,0.231707317,0
1P4T,140,K,E,24.418,1.274154229,0.155068186,0.878088267,0.510822511,118,0.510822511,0
1P4T,141,N,E,20.597,1.486890043,1.58766E-06,0.999997728,0.372340426,70,0.372340426,0
1P4T,142,V,E,18.944,-1.508029177,-0.001428122,0.001190497,0.073170732,12,0.073170732,0
1P4T,143,R,E,15.254,1.52384284,0.522660873,0.601945252,0.284172662,79,0.284172662,0
1P4T,144,S,E,12.929,-1.516086079,0,0,0.073863636,13,0.073863636,0
1P4T,145,G,E,10.385,1.332775372,0.578399304,0.016885646,0.182692308,19,0.182692308,0
1P4T,146,E,E,7.655,-1.482702937,0.881120746,0.000686656,0.018604651,4,0.018604651,0
1P4T,147,L,E,5.733,1.481116133,-1.930323675,0.969235976,0.547169811,116,0.547169811,0
1P4T,148,S,E,3.007,-1.501168878,0,0,0.073863636,13,0.073863636,0
1P4T,149,A,E,0.135,1.501825889,-0.717497153,1,0.396226415,63,0.396226415,0
1P4T,150,G,E,-1.839,-1.520194678,0.00144767,0.997539373,0.105769231,11,0.105769231,0
1P4T,151,V,E,-5.211,1.535597929,-1.199601486,1,0.414634146,68,0.414634146,0
1P4T,152,R,E,-7.033,-1.507052753,1.030191689,0.215413447,0.025179856,7,0.025179856,0
1P4T,153,V,E,-9.038,1.474148229,-1.199596386,0.999995749,0.390243902,64,0.390243902,0
1P4T,154,K,E,-12.383,-1.366649187,0.793067439,0.376505085,0.272727273,63,0.272727273,0
1P4T,155,F,,-11.915,1.253236211,-2.296928469,0.95624069,0.700421941,166,0.700421941,0
