pdbID,ResIndex,1-Code,SecondaryStructure,zCoord of CB,vectProj,Ez,Ez_N,%SASA_ALL,SASA_MonoWithHet,%SASA_MonoWithHet,%?SASA
3CSL,113,N,,-8.282,0.76836775,0.698746716,5.93607E-07,0.946808511,178,0.946808511,0
3CSL,114,D,,-5.115,1.534025424,1.073570883,0.000118182,0.169312169,32,0.169312169,0
3CSL,115,W,G,-5.599,-1.52927303,-0.332268327,0.284446708,0.7375,118,0.7375,0
3CSL,116,V,G,-1.161,-1.153889076,-1.199601486,1,0.018292683,3,0.018292683,0
3CSL,117,Y,G,-4.142,1.409607747,-0.490711292,0.366556051,0.096,24,0.096,0
3CSL,118,D,G,-6.906,-0.899193528,1.071943529,0.001633836,0.417989418,79,0.417989418,0
3CSL,119,E,S,-1.874,-1.295978781,0.881726188,4.45295E-11,0.213953488,46,0.213953488,0
3CSL,120,P,S,-1.333,1.452322623,0.541535031,0,0.054644809,10,0.054644809,0
3CSL,121,R,S,2.92,-1.500241647,1.26306036,0.038062349,0.241007194,67,0.241007194,0
3CSL,122,S,,6.227,0.638905314,0.922959916,0.004483374,0.011363636,2,0.011363636,0
3CSL,123,V,E,2.633,-1.126609959,-1.199601486,1,0.006097561,1,0.006097561,0
3CSL,124,S,E,4.644,1.026918205,0.926255549,0.00092866,0.079545455,14,0.079545455,0
3CSL,125,V,E,1.259,-0.636047954,-1.199601486,1,0.274390244,45,0.274390244,0
3CSL,126,I,E,5.463,0.506663596,-1.097553971,0.999998385,0.015789474,3,0.015789474,0
3CSL,127,S,,-0.273,0.966002588,0.927116526,2.22517E-10,0.181818182,32,0.181818182,0
3CSL,128,R,H,-0.307,1.148959964,1.312674797,0.000276351,0.136690647,38,0.136690647,0
3CSL,129,E,H,-1.742,0.984593825,0.881726188,1.88605E-11,0.558139535,120,0.558139535,0
3CSL,130,Q,H,3.142,-1.444090371,0.573210305,7.05523E-06,0.210970464,50,0.210970464,0
3CSL,131,M,H,4.842,-1.526675473,-1.701411924,0.823757048,0.049019608,10,0.049019608,0
3CSL,132,D,H,1.296,-0.44601009,1.073697775,7.13334E-10,0.142857143,27,0.142857143,0
3CSL,133,N,H,1.938,-1.272596165,0.698747131,0,0.111702128,21,0.111702128,0
3CSL,134,R,S,6.885,-1.484262106,1.040453963,0.207597773,0.071942446,20,0.071942446,0
3CSL,135,P,,8.135,1.530885365,0.540629602,0.001671968,0.131147541,24,0.131147541,0
3CSL,136,A,,11.281,-1.516154346,-0.002703625,0.003768133,0.050314465,8,0.050314465,0
3CSL,137,R,S,15.443,1.202448336,0.514147408,0.608429046,0.025179856,7,0.025179856,0
3CSL,138,H,S,17.251,-0.904442922,2.29243E-05,0.999980865,0.009569378,2,0.009569378,0
3CSL,139,A,G,14.33,-1.495035117,-0.000347809,0.000484754,0.050314465,8,0.050314465,0
3CSL,140,A,G,16.844,-0.386467334,-8.68554E-05,0.000121053,0.037735849,6,0.037735849,0
3CSL,141,D,G,13.386,1.529204368,0.698584373,0.349365912,0.047619048,9,0.047619048,0
3CSL,142,I,T,9.387,-1.37481817,-1.094933305,0.997610655,0.031578947,6,0.031578947,0
3CSL,143,L,T,12.673,-0.854892391,-1.417465444,0.711724423,0,0,0,
3CSL,144,E,T,12.348,1.398159504,0.740784943,0.159846954,0.037209302,8,0.037209302,0
3CSL,145,Q,T,7.065,1.110360302,0.563813555,0.016400138,0.037974684,9,0.037974684,0
3CSL,146,T,S,7.837,-1.535683561,0,0,0.037634409,7,0.037634409,0
3CSL,147,T,T,8.486,1.291421697,0,0.5,0.005376344,1,0.005376344,0
3CSL,148,G,T,12.249,-0.958880814,0.363680053,0.381847319,0,0,0,
3CSL,149,A,E,11.885,-1.018387942,-0.001730054,0.002411234,0.006289308,1,0.006289308,0
3CSL,150,Y,E,17.434,1.160430954,-0.118328919,0.088390428,0,0,0,
3CSL,151,S,,18.282,-1.338113598,0,0,0.039772727,7,0.039772727,0
3CSL,152,S,,23.765,-1.190850536,0,0,0.028409091,5,0.028409091,0
3CSL,153,V,,20.71,0.699488384,-0.000143276,0.000119436,0.042682927,7,0.042682927,0
3CSL,154,S,,25.79,-0.805563157,0,0,0.034090909,6,0.034090909,0
3CSL,155,Q,T,22.68,1.520463087,0.000478755,0.99916479,0.033755274,8,0.033755274,0
3CSL,156,Q,T,26.945,-0.319440135,9.18345E-05,0.99983979,0.021097046,5,0.021097046,0
3CSL,157,D,,25.024,-1.329750729,0.00830111,0.992268672,0.285714286,54,0.285714286,0
3CSL,158,P,,20.258,1.499064041,1.4207E-06,0.999997377,0.087431694,16,0.087431694,0
3CSL,159,A,,21.884,-0.886162513,-9.17947E-06,1.27937E-05,0,0,0,
3CSL,160,L,B,16.577,0.335276006,-1.016564479,0.510427799,0.004716981,1,0.004716981,0
3CSL,161,S,,20.41,-0.415870172,0,0,0,0,0,
3CSL,162,V,,14.817,-0.707764085,-0.484184425,0.403621061,0,0,0,
3CSL,163,N,E,18.533,0.98771099,3.77123E-05,0.999946029,0,0,0,
3CSL,164,I,E,13.942,-1.159864216,-0.733030262,0.6678752,0,0,0,
3CSL,165,R,T,15.168,1.250959632,0.526585692,0.598956139,0.014388489,4,0.014388489,0
3CSL,166,G,T,19.715,1.512497916,9.8454E-05,0.999832656,0.009615385,1,0.009615385,0
3CSL,167,I,B,18.374,1.209712776,-0.050844809,0.046325491,0.010526316,2,0.010526316,0
3CSL,168,Q,,20.4,-1.426318688,0.001319997,0.997697202,0.021097046,5,0.021097046,0
3CSL,169,D,S,23.85,0.47452924,0.012590969,0.988273265,0.042328042,8,0.042328042,0
3CSL,170,Y,G,22.549,1.174542038,-0.002086364,0.001558491,0.116,29,0.116,0
3CSL,171,G,G,18.549,1.423708835,0.000694194,0.998820068,0.096153846,10,0.096153846,0
3CSL,172,R,G,19.113,-1.12138575,0.376687678,0.713117384,0.007194245,2,0.007194245,0
3CSL,173,V,E,15.699,-1.529062785,-0.158432153,0.132070654,0.030487805,5,0.030487805,0
3CSL,174,N,E,12.336,1.131591799,0.639768362,0.084406456,0.031914894,6,0.031914894,0
3CSL,175,M,E,14.217,-1.029644599,-1.145604718,0.554656957,0.044117647,9,0.044117647,0
3CSL,176,N,E,9.898,1.384927796,0.698660008,0.000124684,0.031914894,6,0.031914894,0
3CSL,177,I,E,8.709,1.453827019,-1.096600306,0.999129485,0.021052632,4,0.021052632,0
3CSL,178,D,T,4.344,1.464104504,1.073667412,2.82791E-05,0.201058201,38,0.201058201,0
3CSL,179,G,T,6.447,1.251186802,0.191656532,0.674238391,0.134615385,14,0.134615385,0
3CSL,180,M,E,9.328,1.526402961,0,0.5,0.024509804,5,0.024509804,0
3CSL,181,R,E,13.143,1.42152383,0.62852578,0.521319304,0.003597122,1,0.003597122,0
3CSL,182,Q,,14.894,-1.498515599,0.025779438,0.95502653,0.05907173,14,0.05907173,0
3CSL,183,N,,18.488,1.531983355,4.05653E-05,0.999941946,0.170212766,32,0.170212766,0
3CSL,184,F,,20.556,1.491003018,-0.991982139,0.412974848,0.004219409,1,0.004219409,0
3CSL,185,Q,,24.496,1.509064942,0.000228885,0.9996007,0.054852321,13,0.054852321,0
3CSL,186,K,,27.039,1.50081911,0.11108112,0.912670083,0.272727273,63,0.272727273,0
3CSL,187,S,,31.638,1.11168071,0.031682387,0.965826963,0.096590909,17,0.096590909,0
3CSL,188,G,S,32.092,-0.827613093,2.22178E-20,1,0.394230769,41,0.394230769,0
3CSL,189,H,S,33.482,1.500726078,2.05193E-09,0.999999998,0.291866029,82,0.392344498,0.256097561
3CSL,190,G,S,30.514,1.185028885,1.03953E-17,1,0.009615385,1,0.009615385,0
3CSL,191,Q,S,28.078,1.52802356,6.18796E-05,0.999892048,0.101265823,24,0.101265823,0
3CSL,192,R,,23.922,0.912653275,0.258668404,0.803000011,0.082733813,23,0.082733813,0
3CSL,193,N,S,26.194,1.241974235,1.17172E-09,0.999999998,0.015957447,3,0.015957447,0
3CSL,194,G,,21.909,-1.49310035,1.27351E-06,0.999997835,0.105769231,11,0.105769231,0
3CSL,195,T,,21.218,1.182433508,0,0.5,0.043010753,8,0.043010753,0
3CSL,196,M,B,16.062,-0.776108884,-1.068683995,0.517414954,0.019607843,4,0.019607843,0
3CSL,197,Y,,16.93,1.279866399,-0.158595372,0.118469035,0.056,14,0.056,0
3CSL,198,I,,11.691,-1.307702183,-1.049039012,0.955795656,0.057894737,11,0.057894737,0
3CSL,199,D,,10.435,1.424171689,1.012258047,0.057222553,0.010582011,2,0.010582011,0
3CSL,200,S,S,9.258,1.317917296,0.893149092,0.036637718,0.051136364,9,0.051136364,0
3CSL,201,E,T,6.835,1.422992973,0.8815664,0.000181222,0.065116279,14,0.065116279,0
3CSL,202,L,T,5.408,1.373835871,-1.940522526,0.974356927,0.023584906,5,0.023584906,0
3CSL,203,L,E,5.19,-1.102740223,-1.94669913,0.977458266,0.004716981,1,0.004716981,0
3CSL,204,S,E,-0.391,-1.143401942,0,0,0.255681818,45,0.255681818,0
3CSL,205,G,E,2.147,-1.105835588,0.002264528,0.996150946,0.086538462,9,0.086538462,0
3CSL,206,V,E,6.173,0.664487773,-1.199601485,1,0,0,0,
3CSL,207,T,E,3.215,1.082295708,0,0.5,0.14516129,27,0.14516129,0
3CSL,208,I,E,8.077,1.269517231,-1.097209704,0.999684717,0.010526316,2,0.010526316,0
3CSL,209,D,E,5.975,1.419394589,1.07320336,0.00046048,0.105820106,20,0.105820106,0
3CSL,210,K,E,9.197,1.523294456,1.056576971,0.169338776,0.017316017,4,0.017316017,0
3CSL,211,G,S,10.585,-0.250883086,0.567276475,0.035791292,0.028846154,3,0.028846154,0
3CSL,212,T,S,11.293,1.443949099,0,0.5,0.134408602,25,0.134408602,0
3CSL,213,T,,7.501,-1.496371946,0,0,0.064516129,12,0.064516129,0
3CSL,214,G,,6.257,0.873739172,0.169160204,0.712475752,0.288461538,30,0.288461538,0
3CSL,215,G,S,4.55,-1.489862919,0.041001925,0.930308387,0.019230769,2,0.019230769,0
3CSL,216,M,T,4.149,-1.085808915,-1.754840438,0.849625043,0.161764706,33,0.161764706,0
3CSL,217,G,T,8.33,-1.124325482,0.46263803,0.213646896,0.067307692,7,0.067307692,0
3CSL,218,S,,8.927,1.286406234,0.899007804,0.030318434,0,0,0,
3CSL,219,A,T,12.378,1.518314855,-0.001221296,0.001702161,0,0,0,
3CSL,220,G,T,15.881,-1.52115464,0.023826233,0.959502178,0.028846154,3,0.028846154,0
3CSL,221,T,,12.913,-0.470111689,0,0,0,0,0,
3CSL,222,L,S,17.321,0.228232338,-0.946436262,0.475215678,0,0,0,
3CSL,223,G,S,14.685,-1.411578339,0.076257677,0.870383633,0.019230769,2,0.019230769,0
3CSL,224,G,E,11.526,-1.493590657,0.469429245,0.202103762,0,0,0,
3CSL,225,I,E,8.812,1.046252838,-1.096436274,0.998980034,0.073684211,14,0.073684211,0
3CSL,226,A,E,11.046,-0.870933407,-0.003236808,0.004511248,0,0,0,
3CSL,227,T,E,5.813,0.875027428,0,0.5,0.150537634,28,0.150537634,0
3CSL,228,F,E,8.232,0.875811053,-2.378549931,0.990220748,0.004219409,1,0.004219409,0
3CSL,229,N,E,2.332,-0.806132743,0.698747131,0,0.265957447,50,0.265957447,0
3CSL,230,T,E,4.051,1.377192071,0,0.5,0.016129032,3,0.016129032,0
3CSL,231,V,,0.475,1.540055194,-1.199601486,1,0.042682927,7,0.042682927,0
3CSL,232,S,,-2.726,-1.488000336,0,0,0.136363636,24,0.136363636,0
3CSL,233,A,G,-5.676,1.481059081,-0.415634354,0.579283627,0.018867925,3,0.018867925,0
3CSL,234,S,G,-7.887,-1.528000327,0,0,0.477272727,84,0.477272727,0
3CSL,235,D,G,-5.162,-0.431018561,1.073560307,0.000128033,0.35978836,68,0.35978836,0
3CSL,236,F,T,-7.022,1.135472148,-2.306745886,0.960327807,0.054852321,13,0.054852321,0
3CSL,237,L,,-10.596,1.500356291,-1.621809078,0.814327527,0.132075472,28,0.132075472,0
3CSL,238,A,,-15.007,-1.380878706,-0.000234039,0.000326188,0.308176101,49,0.308176101,0
3CSL,239,P,S,-18.429,-1.101040417,1.04528E-05,0.999980698,0.633879781,116,0.633879781,0
3CSL,240,G,S,-18.818,-1.529918691,0.000452219,0.999231356,0.721153846,75,0.721153846,0
3CSL,241,K,,-14.661,-1.274156976,0.600381084,0.527991524,0.385281385,89,0.385281385,0
3CSL,242,E,,-14.572,1.292603961,0.377718646,0.571614577,0.581395349,125,0.581395349,0
3CSL,243,L,E,-11.422,1.501161217,-1.543709669,0.775112986,0.495283019,105,0.495283019,0
3CSL,244,G,E,-8.878,-1.501597091,0.529456512,0.100074476,0,0,0,
3CSL,245,G,E,-5.392,1.511669653,0.088158998,0.850154771,0,0,0,
3CSL,246,K,E,-2.972,-1.504753136,1.267789588,0.003287334,0.043290043,10,0.043290043,0
3CSL,247,L,E,-1.229,1.488194208,-1.991142604,0.999773805,0.419811321,89,0.419811321,0
3CSL,248,H,E,1.853,-1.509470437,1.198035938,1.25482E-09,0.114832536,24,0.114832536,0
3CSL,249,A,E,4.117,1.51408124,-0.685875858,0.955928333,0.314465409,50,0.314465409,0
3CSL,250,S,E,6.26,-1.527347046,0,0,0.068181818,12,0.068181818,0
3CSL,251,T,E,9.602,1.537415038,0,0.5,0.408602151,76,0.408602151,0
3CSL,252,G,E,11.36,-1.450624118,0.491103834,0.165263124,0.192307692,20,0.192307692,0
3CSL,253,D,S,14.536,1.530777907,0.510124384,0.524890154,0.439153439,83,0.439153439,0
3CSL,254,N,T,17.38,-1.503835762,0.000258955,0.999629401,0.132978723,25,0.132978723,0
3CSL,255,G,T,18.185,-1.528149375,0.001213992,0.997936558,0.105769231,11,0.105769231,0
3CSL,256,T,,13.433,-1.048645317,0,0,0.010752688,2,0.010752688,0
3CSL,257,H,,15.788,1.043036433,7.96633E-05,0.999933505,0.56937799,119,0.56937799,0
3CSL,258,F,E,11.796,1.532110962,-2.306470969,0.960213355,0.35443038,84,0.35443038,0
3CSL,259,I,E,9.86,-1.534906186,-1.092477548,0.995373177,0.026315789,5,0.026315789,0
3CSL,260,G,E,6.645,1.46787401,0.216764358,0.631562227,0.028846154,3,0.028846154,0
3CSL,261,S,E,4.726,-1.529497303,0,0,0.068181818,12,0.068181818,0
3CSL,262,G,E,1.91,1.34350549,0.001607416,0.99726785,0.211538462,22,0.211538462,0
3CSL,263,I,E,-0.767,-1.510299639,-1.097555744,1,0,0,0,
3CSL,264,L,E,-2.747,1.492188996,-1.985652838,0.997017335,0.41509434,88,0.41509434,0
3CSL,265,A,E,-5.809,-1.5123895,-0.380422109,0.530207134,0,0,0,
3CSL,266,L,E,-8.628,1.531913836,-1.781553403,0.894536846,0.410377358,87,0.410377358,0
3CSL,267,G,,-10.591,-1.47278188,0.566882179,0.036461483,0.163461538,17,0.163461538,0
3CSL,268,N,,-14.79,1.330816667,0.031326528,0.955167575,0.441489362,83,0.441489362,0
3CSL,269,E,S,-16.695,-0.351489687,0.115912498,0.868539123,0.627906977,135,0.627906977,0
3CSL,270,T,S,-13.566,1.496532659,0,0.5,0.5,93,0.5,0
3CSL,271,G,E,-9.83,1.525412085,0.587522279,0.001379182,0.076923077,8,0.076923077,0
3CSL,272,D,E,-7.963,-1.518829154,1.067619886,0.005660708,0.142857143,27,0.142857143,0
3CSL,273,I,E,-4.436,1.536629103,-1.097555637,0.999999903,0.257894737,49,0.257894737,0
3CSL,274,L,E,-2.153,-1.526434407,-1.988871459,0.998633439,0,0,0,
3CSL,275,L,E,0.349,1.523943569,-1.991585173,0.999996023,0.443396226,94,0.443396226,0
3CSL,276,A,E,2.421,-1.503558446,-0.71715072,0.999517164,0.06918239,11,0.06918239,0
3CSL,277,A,E,6.262,1.493024112,-0.266895127,0.371980747,0.213836478,34,0.213836478,0
3CSL,278,S,E,7.764,-1.524483519,0,0,0,0,0,
3CSL,279,E,E,10.719,1.529373728,0.851060866,0.034778736,0.213953488,46,0.213953488,0
3CSL,280,R,E,13.057,-1.531784907,0.633267505,0.51770804,0.032374101,9,0.032374101,0
3CSL,281,H,E,15.63,1.526843148,9.176E-05,0.999923408,0.291866029,61,0.291866029,0
3CSL,282,L,E,17.439,-1.517341095,-0.935617507,0.469783466,0.033018868,7,0.033018868,0
3CSL,283,G,,20.715,1.418507524,1.51326E-05,0.999974279,0.076923077,8,0.076923077,0
3CSL,284,D,,24.745,0.543398565,0.009149855,0.991478184,0.253968254,48,0.253968254,0
3CSL,285,Y,,20.608,-1.034463146,-0.012135781,0.009065298,0.004,1,0.004,0
3CSL,286,W,,22.367,1.482107958,-0.01654048,0.014159896,0.775,124,0.775,0
3CSL,287,P,,24.518,-0.596560978,2.53677E-08,0.999999953,0.027322404,5,0.027322404,0
3CSL,288,G,,21.807,1.357154297,1.58944E-06,0.999997298,0,0,0,
3CSL,289,N,,22.759,1.428543314,7.94845E-08,0.999999886,0.228723404,43,0.228723404,0
3CSL,290,K,B,21.141,0.837338641,0.241999485,0.809744492,0.471861472,109,0.471861472,0
3CSL,291,G,S,23.339,-1.40663423,4.66588E-08,0.999999921,0.259615385,27,0.259615385,0
3CSL,292,D,,26.623,1.453876542,0.004842471,0.995489913,0.751322751,142,0.751322751,0
3CSL,293,I,,27.319,-1.501195857,-0.000253055,0.000230563,0.047368421,9,0.047368421,0
3CSL,294,G,,29.233,1.325782682,1.09468E-15,1,0,0,0,
3CSL,295,N,S,31.382,1.442508925,5.18155E-12,1,0.39893617,75,0.39893617,0
3CSL,296,I,S,32.688,-1.344412511,-2.2503E-05,2.05028E-05,0.042105263,8,0.042105263,0
3CSL,297,R,S,32.784,-1.041556528,0.143295122,0.89086747,0.043165468,49,0.176258993,0.755102041
3CSL,298,I,S,34.154,1.268908192,-1.24522E-05,1.13454E-05,0.015789474,3,0.015789474,0
3CSL,299,N,,36.859,-1.427723363,4.155E-14,1,0.14893617,35,0.186170213,0.2
3CSL,300,N,S,41.584,-1.368112568,1.11453E-15,1,0.319148936,99,0.526595745,0.393939394
3CSL,301,D,,41.5,1.528131212,9.98515E-05,0.999907002,0.534391534,101,0.534391534,0
3CSL,302,T,T,44.892,-1.482120778,0,0,0.150537634,114,0.612903226,0.754385965
3CSL,303,G,T,43.82,-1.170006233,2.07848E-46,1,0.230769231,26,0.25,0.076923077
3CSL,304,N,,41.472,1.519532165,1.20845E-15,1,0.531914894,100,0.531914894,0
3CSL,305,Y,H,37.393,-1.458230777,-2.88167E-13,2.15257E-13,0.144,36,0.144,0
3CSL,306,D,H,36.29,1.491346372,0.000323046,0.999699127,0.656084656,124,0.656084656,0
3CSL,307,R,H,38.514,0.533233532,0.103864117,0.920897838,0.320143885,89,0.320143885,0
3CSL,308,Y,H,36.775,-1.425846065,-1.02729E-12,7.67375E-13,0.02,22,0.088,0.772727273
3CSL,309,A,H,32.398,1.486354601,-3.16159E-07,4.40642E-07,0.050314465,8,0.050314465,0
3CSL,310,E,H,32.308,1.427631605,5.66226E-05,0.999935782,0.56744186,122,0.56744186,0
3CSL,311,S,H,34.521,-0.535201831,0,0,0.136363636,24,0.136363636,0
3CSL,312,I,H,30.946,-1.537045543,-4.71018E-05,4.29151E-05,0.031578947,6,0.031578947,0
3CSL,313,K,H,27.652,1.526456026,0.103059326,0.918976669,0.16017316,37,0.16017316,0
3CSL,314,N,T,28.855,1.361890231,6.43051E-11,1,0.345744681,65,0.345744681,0
3CSL,315,N,S,30.269,-0.310692774,1.53086E-11,1,0.478723404,90,0.478723404,0
3CSL,316,K,,26.511,1.518331321,0.118600161,0.906758752,0.359307359,83,0.359307359,0
3CSL,317,I,,26.152,-1.196772744,-0.000455905,0.000415382,0,0,0,
3CSL,318,P,G,30.408,-0.907397377,2.70515E-10,1,0.18579235,34,0.18579235,0
3CSL,319,D,G,28.557,-1.237109534,0.00262644,0.997553837,0.063492063,12,0.063492063,0
3CSL,320,T,G,23.634,1.443972991,0,0.5,0,0,0,
3CSL,321,H,,22.968,1.465013993,4.102E-07,0.999999658,0.229665072,48,0.229665072,0
3CSL,322,Y,E,21.092,-1.529042184,-0.008030551,0.005998735,0.04,10,0.04,0
3CSL,323,R,E,18.74,1.504325098,0.388461543,0.704150493,0.273381295,76,0.273381295,0
3CSL,324,M,E,16.029,-1.529027469,-1.069986269,0.518045465,0.024509804,5,0.024509804,0
3CSL,325,H,E,13.929,1.475891595,0.000463316,0.999613271,0.167464115,35,0.167464115,0
3CSL,326,S,E,10.382,-1.474992881,0,0,0,0,0,
3CSL,327,R,E,8.072,1.518162376,0.957048323,0.271118906,0.413669065,115,0.413669065,0
3CSL,328,L,E,4.687,-1.402587609,-1.959023783,0.983646604,0.033018868,7,0.033018868,0
3CSL,329,A,E,3.337,1.429314871,-0.712089014,0.992462493,0.20754717,33,0.20754717,0
3CSL,330,K,E,-0.288,-1.462449999,1.271970145,6.57123E-07,0.043290043,10,0.043290043,0
3CSL,331,V,E,-1.879,1.481320019,-1.199601486,1,0.31097561,51,0.31097561,0
3CSL,332,G,E,-5.013,-1.283064996,0.063470631,0.892117975,0.028846154,3,0.028846154,0
3CSL,333,W,E,-7.397,1.490912808,-0.635937833,0.544410672,0.75625,121,0.75625,0
3CSL,334,N,E,-11.788,-1.222005319,0.682646539,0.023042086,0.313829787,59,0.313829787,0
3CSL,335,L,E,-11.095,1.13996228,-1.575248362,0.790948898,0.33490566,71,0.33490566,0
3CSL,336,P,T,-15.83,1.420535814,0.000257927,0.999523712,0.56284153,103,0.56284153,0
3CSL,337,A,T,-14.672,1.207908109,-0.000284077,0.000395928,0.465408805,74,0.465408805,0
3CSL,338,N,T,-13.204,-1.51486039,0.408878248,0.414840892,0.473404255,89,0.473404255,0
3CSL,339,Q,E,-9.78,1.528555527,0.416397181,0.273575092,0.215189873,51,0.215189873,0
3CSL,340,R,E,-7.092,-1.526345308,1.026084825,0.218541205,0.205035971,57,0.205035971,0
3CSL,341,L,E,-4.49,1.525726384,-1.96315768,0.985722278,0.141509434,30,0.141509434,0
3CSL,342,Q,E,-2.107,-1.523499262,0.573214261,1.53064E-07,0.105485232,25,0.105485232,0
3CSL,343,L,E,1.384,1.521058842,-1.99093357,0.999668847,0.396226415,84,0.396226415,0
3CSL,344,S,E,3.075,-1.512196085,0,0,0.0625,11,0.0625,0
3CSL,345,Y,E,6.784,1.511191583,-1.04976945,0.784166476,0.324,81,0.324,0
3CSL,346,L,E,8.338,-1.52440021,-1.801299714,0.904451678,0.051886792,11,0.051886792,0
3CSL,347,Q,E,11.649,1.526651565,0.190209647,0.668170124,0.223628692,53,0.223628692,0
3CSL,348,T,E,13.342,-1.511191583,0,0,0.010752688,2,0.010752688,0
3CSL,349,Q,E,17.082,1.52044533,0.007163784,0.987502434,0.210970464,50,0.210970464,0
3CSL,350,T,E,19.093,-1.547324142,0,0,0.016129032,3,0.016129032,0
3CSL,351,A,E,22.312,1.517031971,-7.77316E-06,1.08337E-05,0,0,0,
3CSL,352,S,E,23.819,-1.396566146,0,0,0.017045455,3,0.017045455,0
3CSL,353,P,E,28.465,1.486625709,1.08898E-09,0.999999998,0.010928962,2,0.010928962,0
3CSL,354,I,E,30.765,-1.345402914,-5.09799E-05,4.64485E-05,0.210526316,40,0.210526316,0
3CSL,355,A,E,30.568,1.2402532,-5.20838E-07,7.2591E-07,0.113207547,18,0.113207547,0
3CSL,356,G,,34.456,1.212709745,9.49053E-25,1,0.134615385,14,0.134615385,0
3CSL,357,T,,35.405,-1.277098273,0,0,0.129032258,49,0.26344086,0.510204082
3CSL,358,L,S,33.79,1.235395483,-0.190866034,0.095835859,0.014150943,7,0.033018868,0.571428571
3CSL,359,T,E,39.135,-1.363916786,0,0,0.064516129,41,0.220430108,0.707317073
3CSL,360,N,E,42.35,0.796172092,6.44578E-16,1,0.079787234,65,0.345744681,0.769230769
3CSL,361,L,,40.176,1.138163872,-0.114159594,0.057320742,0.349056604,74,0.349056604,0
3CSL,362,G,S,44.453,1.524407145,4.0069E-48,1,0.211538462,22,0.211538462,0
3CSL,363,T,S,48.614,1.324016994,0,0.5,0.575268817,118,0.634408602,0.093220339
3CSL,364,R,S,50.785,0.783843097,0.05857754,0.955387768,0.478417266,149,0.535971223,0.10738255
3CSL,365,P,S,48.941,-1.370726085,1.18291E-14,1,0.360655738,93,0.508196721,0.290322581
3CSL,366,P,S,45.425,1.376215826,5.69955E-14,1,0.595628415,109,0.595628415,0
3CSL,367,Y,,43.755,-1.52833406,-1.15227E-19,8.60732E-20,0.028,68,0.272,0.897058824
3CSL,368,E,,40.102,1.524551737,4.45781E-06,0.999994944,0.423255814,91,0.423255814,0
3CSL,369,L,E,37.249,1.471272239,-0.143279179,0.071941994,0.061320755,27,0.127358491,0.518518519
3CSL,370,G,E,35.148,1.240714185,4.11581E-26,1,0.096153846,10,0.096153846,0
3CSL,371,W,,32.765,-0.362779547,-9.67573E-08,8.28315E-08,0.14375,23,0.14375,0
3CSL,372,K,,37.216,-0.657816084,0.03681843,0.971054033,0.463203463,107,0.463203463,0
3CSL,373,R,E,33.721,1.438538494,0.135557797,0.896760161,0.399280576,111,0.399280576,0
3CSL,374,T,E,35.481,-1.538218775,0,0,0.301075269,56,0.301075269,0
3CSL,375,G,E,33.327,-1.424300451,1.3161E-22,1,0,0,0,
3CSL,376,Y,E,29.858,1.529154014,-2.24563E-07,1.67746E-07,0.272,68,0.272,0
3CSL,377,T,E,26.542,-1.47173503,0,0,0.069892473,13,0.069892473,0
3CSL,378,D,E,24.7,1.489041638,0.009295539,0.991342499,0.328042328,62,0.328042328,0
3CSL,379,V,E,21.535,-1.521852161,-5.22813E-05,4.35823E-05,0,0,0,
3CSL,380,M,E,19.161,1.518275667,0,0.5,0.181372549,37,0.181372549,0
3CSL,381,A,E,16.205,-1.500243314,-0.000121055,0.000168718,0.012578616,2,0.012578616,0
3CSL,382,R,E,14.243,1.489765082,0.570856694,0.565239663,0.237410072,66,0.237410072,0
3CSL,383,N,E,10.5,-1.455299626,0.698235304,0.000732492,0.015957447,3,0.015957447,0
3CSL,384,A,E,9.042,1.442931045,-0.017687996,0.024652357,0.238993711,38,0.238993711,0
3CSL,385,A,E,5.512,-1.496111293,-0.458568499,0.639122395,0.050314465,8,0.050314465,0
3CSL,386,F,E,3.221,1.506461417,-1.829470145,0.761631813,0.337552743,80,0.337552743,0
3CSL,387,D,E,-0.029,-1.496944221,1.073697775,0,0.148148148,28,0.148148148,0
3CSL,388,Y,E,-2.475,1.508865799,-0.232691779,0.173818253,0.2,50,0.2,0
3CSL,389,S,E,-5.831,-1.497602417,0,0,0.215909091,38,0.215909091,0
3CSL,390,L,E,-8.083,1.496113632,-1.81778217,0.912727694,0.174528302,37,0.174528302,0
3CSL,391,A,,-10.376,-1.440281223,-0.00552129,0.007695209,0.157232704,25,0.157232704,0
3CSL,392,P,,-14.673,1.510273154,0.001276109,0.997643533,0.136612022,25,0.136612022,0
3CSL,393,E,T,-18.249,-1.099734513,0.04448772,0.949544745,0.730232558,157,0.730232558,0
3CSL,394,D,T,-20.015,0.887571969,0.056021304,0.947823955,0.740740741,140,0.740740741,0
3CSL,395,V,,-15.027,1.390457838,-0.383908827,0.320030303,0.256097561,42,0.256097561,0
3CSL,396,D,T,-14.597,1.385081225,0.500318954,0.534022548,0.534391534,101,0.534391534,0
3CSL,397,W,T,-11.506,1.510880869,-1.168121112,0.999999632,1.06875,171,1.06875,0
3CSL,398,L,,-10.852,1.353106795,-1.598174616,0.802460413,0.16509434,35,0.16509434,0
3CSL,399,D,,-8.216,-1.52566379,1.065719905,0.007430275,0.211640212,40,0.211640212,0
3CSL,400,F,E,-5.264,1.527036673,-2.125861802,0.88502345,0.248945148,59,0.248945148,0
3CSL,401,Q,E,-2.565,-1.530728585,0.573213771,1.00872E-06,0.35021097,83,0.35021097,0
3CSL,402,A,E,0.413,1.515388399,-0.717497153,1,0.125786164,20,0.125786164,0
3CSL,403,K,E,3.628,-1.509955297,1.263340827,0.006784867,0.12987013,30,0.12987013,0
3CSL,404,L,E,6.08,1.518205849,-1.918072915,0.96308474,0.45754717,97,0.45754717,0
3CSL,405,Y,E,8.499,-1.512683047,-1.303665049,0.973823754,0.048,12,0.048,0
3CSL,406,Y,E,12.228,1.524939999,-0.983648155,0.73477458,0.284,71,0.284,0
3CSL,407,V,E,14.412,-1.541833324,-0.696388432,0.58051648,0,0,0,
3CSL,408,D,E,17.144,1.527698923,0.188894362,0.8240712,0.037037037,7,0.037037037,0
3CSL,409,T,E,18.867,-1.517756568,0,0,0.016129032,3,0.016129032,0
3CSL,410,Q,E,22.522,1.529167421,0.000511909,0.999106949,0.122362869,29,0.122362869,0
3CSL,411,D,E,25.369,-1.500121662,0.007369885,0.993135978,0,0,0,
3CSL,412,D,E,27.2,1.490613967,0.004016878,0.996258837,0.312169312,59,0.312169312,0
3CSL,413,S,E,29.878,-1.530002941,0,0,0.011363636,2,0.011363636,0
3CSL,414,D,E,33.135,1.529042184,0.00071594,0.999333201,0.433862434,82,0.433862434,0
3CSL,415,T,E,36.311,-1.463110727,0,0,0.188172043,35,0.188172043,0
3CSL,416,Y,,37.608,1.471206987,-1.83952E-13,1.3741E-13,0.416,104,0.416,0
3CSL,417,S,,42.753,1.229115129,0.006448474,0.993044592,0.261363636,46,0.261363636,0
3CSL,418,T,S,44.671,-1.179993644,0,0,0.634408602,118,0.634408602,0
3CSL,419,S,,47.578,-0.462913599,0,0,0.340909091,60,0.340909091,0
3CSL,420,S,S,45.661,1.468563924,0.004535386,0.995108073,0.704545455,124,0.704545455,0
3CSL,421,L,S,50.74,-1.080518394,-0.055640037,0.027937453,0.632075472,134,0.632075472,0
3CSL,422,L,S,49.935,-1.255026693,-0.058484989,0.029365933,0.669811321,142,0.669811321,0
3CSL,423,D,,45.655,1.499357196,4.33134E-05,0.99995966,0.793650794,150,0.793650794,0
3CSL,424,N,,45.57,-1.308350488,7.15331E-17,1,0.436170213,82,0.436170213,0
3CSL,425,G,,41.047,1.524368851,2.85854E-39,1,0.269230769,28,0.269230769,0
3CSL,426,Y,E,39.04,-1.465165178,-8.47888E-15,6.33363E-15,0.128,32,0.128,0
3CSL,427,A,E,34.53,1.440780344,-1.82924E-07,2.54947E-07,0.283018868,45,0.283018868,0
3CSL,428,T,E,33.682,-1.449651337,0,0,0.069892473,13,0.069892473,0
3CSL,429,R,E,29.379,1.475379273,0.177180657,0.865060491,0.316546763,88,0.316546763,0
3CSL,430,T,E,28.292,-1.485213789,0,0,0.043010753,8,0.043010753,0
3CSL,431,R,E,24.258,1.507551657,0.252343369,0.807817112,0.190647482,53,0.190647482,0
3CSL,432,L,E,22.19,-1.527697614,-0.577949527,0.290194583,0.066037736,14,0.066037736,0
3CSL,433,R,E,19.278,1.527681904,0.371619856,0.716977001,0.18705036,52,0.18705036,0
3CSL,434,T,E,15.912,-1.439293229,0,0,0,0,0,
3CSL,435,Y,E,14.665,1.440376687,-0.468755621,0.350155401,0.38,95,0.38,0
3CSL,436,G,E,11.155,-1.330094972,0.515665641,0.123515035,0.086538462,9,0.086538462,0
3CSL,437,A,E,8.567,1.477804114,-0.027709263,0.038619335,0.194968553,31,0.194968553,0
3CSL,438,Q,E,5.837,-1.515288751,0.571685876,0.002666495,0.080168776,19,0.080168776,0
3CSL,439,A,E,2.003,1.50722427,-0.717429065,0.999905103,0.169811321,27,0.169811321,0
3CSL,440,Q,E,0.485,-1.460154101,0.573214349,1.17351E-13,0.101265823,24,0.101265823,0
3CSL,441,N,E,-4.073,1.419738004,0.698747131,3.33067E-16,0.10106383,19,0.10106383,0
3CSL,442,T,E,-5.225,-1.537796475,0,0,0.069892473,13,0.069892473,0
3CSL,443,S,E,-8.179,1.525008197,0.90936,0.019152421,0.0625,11,0.0625,0
3CSL,444,R,E,-11.378,-1.445034602,0.732485145,0.442144601,0.381294964,106,0.381294964,0
3CSL,445,F,E,-12.958,1.479046314,-2.195944677,0.914199847,0.358649789,85,0.358649789,0
3CSL,446,S,E,-16.26,-1.071097568,0,0,0.431818182,76,0.431818182,0
3CSL,447,L,E,-14.508,0.999254222,-1.22544276,0.615307798,0.599056604,127,0.599056604,0
3CSL,448,A,E,-17.724,1.461799234,-5.60959E-05,7.81828E-05,0.20754717,33,0.20754717,0
3CSL,449,P,T,-21.38,0.913757079,4.55756E-07,0.999999158,0.781420765,143,0.781420765,0
3CSL,450,G,T,-17.344,1.529999303,0.004026075,0.993156817,0.192307692,20,0.192307692,0
3CSL,451,H,E,-14.243,1.527124422,0.000338717,0.999717273,0.306220096,64,0.306220096,0
3CSL,452,D,E,-13.123,-1.502399414,0.739795844,0.310983164,0.428571429,81,0.428571429,0
3CSL,453,F,E,-9.554,1.524568464,-2.401672032,0.999846775,0.17721519,42,0.17721519,0
3CSL,454,R,E,-7.268,-1.526103535,1.013787015,0.227907128,0.291366906,81,0.291366906,0
3CSL,455,A,E,-5.074,1.494118135,-0.561702087,0.782863157,0.132075472,21,0.132075472,0
3CSL,456,N,E,-1.737,-1.474721669,0.698747131,0,0.186170213,35,0.186170213,0
3CSL,457,Y,E,-0.277,1.478137341,-0.063493511,0.047428969,0.392,98,0.392,0
3CSL,458,G,E,2.255,-1.514851595,0.002638344,0.995515566,0.144230769,15,0.144230769,0
3CSL,459,L,E,6.135,1.494450066,-1.91599839,0.962043099,0.391509434,83,0.391509434,0
3CSL,460,E,E,8.48,-1.524535667,0.879711594,0.00228483,0.013953488,3,0.013953488,0
3CSL,461,F,E,11.344,1.525092784,-2.338780337,0.973664158,0.316455696,75,0.316455696,0
3CSL,462,Y,E,13.888,-1.530130713,-0.622795197,0.465221306,0.012,3,0.012,0
3CSL,463,Y,E,17.15,1.526384617,-0.139885561,0.104493008,0.196,49,0.196,0
3CSL,464,D,E,20.547,-1.411904034,0.045008876,0.958080498,0.047619048,9,0.047619048,0
3CSL,465,K,E,21.659,1.386668309,0.225154098,0.822988023,0.272727273,63,0.272727273,0
3CSL,466,A,E,25.955,-1.379023205,-2.12166E-06,2.95703E-06,0.100628931,16,0.100628931,0
3CSL,467,T,E,26.967,1.413707537,0,0.5,0.220430108,41,0.220430108,0
3CSL,468,S,E,30.821,-1.476764368,0,0,0.125,22,0.125,0
3CSL,469,D,E,32.861,1.508721976,0.000769879,0.999282965,0.417989418,79,0.417989418,0
3CSL,470,S,E,35.891,-1.507534411,0,0,0.102272727,18,0.102272727,0
3CSL,471,S,S,38.493,1.52922791,0.011282395,0.987830662,0.505681818,89,0.505681818,0
3CSL,472,R,S,40.228,-1.490292924,0.095049172,0.927611237,0.223021583,66,0.237410072,0.060606061
3CSL,473,Q,T,43.896,-0.691122276,8.53624E-07,0.999998511,0.742616034,176,0.742616034,0
3CSL,474,G,T,40.541,1.315279886,4.93136E-38,1,0.230769231,24,0.230769231,0
3CSL,475,M,,37.217,1.519659501,0,0.5,0.088235294,18,0.088235294,0
3CSL,476,E,T,35.661,1.474648772,1.77269E-05,0.999979895,0.302325581,65,0.302325581,0
3CSL,477,G,T,35.482,0.355271353,8.77186E-27,1,0.076923077,8,0.076923077,0
3CSL,478,V,S,35.109,-1.526540206,-1.73626E-10,1.44737E-10,0.097560976,16,0.097560976,0
3CSL,479,T,S,30.206,1.167424944,0,0.5,0.064516129,12,0.064516129,0
3CSL,480,P,,32.804,0.996122984,5.46348E-11,1,0.027322404,5,0.027322404,0
3CSL,481,A,,30.532,1.405436587,-5.26134E-07,7.33291E-07,0.289308176,46,0.289308176,0
3CSL,482,G,E,27.827,-1.527549952,1.2864E-13,1,0.125,13,0.125,0
3CSL,483,N,E,23.815,1.450671569,2.03873E-08,0.999999971,0.127659574,24,0.127659574,0
3CSL,484,R,E,22.582,-1.464984642,0.286072657,0.78212913,0.032374101,9,0.032374101,0
3CSL,485,S,E,18.3,1.476905549,0.372862287,0.597825864,0.0625,11,0.0625,0
3CSL,486,V,E,16.625,-1.529314879,-0.040193838,0.033505992,0.024390244,4,0.024390244,0
3CSL,487,A,E,13.188,1.51810935,-0.000709222,0.000988467,0.264150943,42,0.264150943,0
3CSL,488,S,E,10.65,-1.526604729,0,0,0.028409091,5,0.028409091,0
3CSL,489,L,E,7.813,1.521783493,-1.834322937,0.921032988,0.495283019,105,0.495283019,0
3CSL,490,F,E,5.504,-1.524405786,-2.155273529,0.897267928,0.029535865,7,0.029535865,0
3CSL,491,A,E,1.895,1.50521261,-0.717454846,0.999941035,0.308176101,49,0.308176101,0
3CSL,492,N,E,0.596,-1.515404236,0.698747131,0,0.10106383,19,0.10106383,0
3CSL,493,L,E,-2.873,1.517756568,-1.984736187,0.996557075,0.367924528,78,0.367924528,0
3CSL,494,T,E,-4.6,-1.536544174,0,0,0.048387097,9,0.048387097,0
3CSL,495,Y,E,-7.068,1.508274842,-1.104627277,0.825144681,0.16,40,0.16,0
3CSL,496,D,E,-10.069,-1.487537899,1.028048305,0.042516126,0.306878307,58,0.306878307,0
3CSL,497,Y,E,-11.746,1.454302582,-1.081063097,0.807542493,0.276,69,0.276,0
3CSL,498,D,T,-15.425,1.50983211,0.375737036,0.65005326,0.476190476,90,0.476190476,0
3CSL,499,G,T,-13.221,0.850698082,0.222026058,0.622618833,0.557692308,58,0.557692308,0
3CSL,500,W,T,-11.864,1.338788258,-1.16263762,0.99530535,0.68125,109,0.68125,0
3CSL,501,L,E,-9.004,1.491767073,-1.754401002,0.880903337,0.146226415,31,0.146226415,0
3CSL,502,T,E,-5.576,-1.46398429,0,0,0.080645161,15,0.080645161,0
3CSL,503,L,E,-4.257,1.460978097,-1.96757467,0.987940096,0.339622642,72,0.339622642,0
3CSL,504,E,E,-0.921,-1.473295625,0.881726188,1.04361E-14,0.251162791,54,0.251162791,0
3CSL,505,G,E,1.147,1.192963706,0.000497376,0.999154602,0.25,26,0.25,0
3CSL,506,G,E,3.117,-1.518575292,0.00827556,0.985933901,0.163461538,17,0.163461538,0
3CSL,507,L,E,6.849,1.478067996,-1.885657066,0.946808398,0.372641509,79,0.372641509,0
3CSL,508,R,E,8.763,-1.525401586,0.908191171,0.308328161,0.010791367,3,0.010791367,0
3CSL,509,Y,E,11.018,1.506150059,-1.206729342,0.901413824,0.46,115,0.46,0
3CSL,510,D,E,14.611,-1.421026741,0.49807751,0.53611014,0.005291005,1,0.005291005,0
3CSL,511,R,E,16.496,1.485268999,0.469458184,0.642464036,0.309352518,86,0.309352518,0
3CSL,512,Y,E,20.118,-1.420420008,-0.018110419,0.013528288,0,0,0,
3CSL,513,R,E,21.406,1.40384757,0.313317395,0.761379734,0.23381295,65,0.23381295,0
3CSL,514,L,E,25.628,-1.440817823,-0.407787807,0.20475458,0,0,0,
3CSL,515,R,E,26.883,1.406204821,0.209365933,0.840548417,0.28057554,78,0.28057554,0
3CSL,516,G,E,30.517,-1.529956604,1.02789E-17,1,0.048076923,5,0.048076923,0
3CSL,517,Q,E,34.904,1.394696383,7.68398E-06,0.999986595,0.544303797,129,0.544303797,0
3CSL,518,T,E,36.094,-1.345430786,0,0,0.048387097,9,0.048387097,0
3CSL,519,G,,40.569,1.432397798,4.21751E-38,1,0.067307692,7,0.067307692,0
3CSL,520,L,,42.564,-1.384144501,-0.095774145,0.048089213,0.033018868,7,0.033018868,0
3CSL,521,S,E,47.817,-1.303696667,0,0,0.232954545,41,0.232954545,0
3CSL,522,Y,E,48.287,1.322860537,-5.1155E-25,3.82122E-25,0.084,21,0.084,0
3CSL,523,P,E,53.202,-1.468371206,2.03369E-15,1,0.027322404,26,0.142076503,0.807692308
3CSL,524,D,E,53.191,1.305085821,1.13718E-05,0.999989409,0.026455026,5,0.026455026,0
3CSL,525,L,,57.897,1.417881518,-0.036782293,0.018468779,0.009433962,2,0.009433962,0
3CSL,526,A,B,55.837,0.546374414,-2.95278E-09,4.11539E-09,0.025157233,4,0.025157233,0
3CSL,527,K,S,59.815,0.827957124,0.006670921,0.994755446,0.541125541,125,0.541125541,0
3CSL,528,D,S,57.502,1.309189444,5.74863E-06,0.999994646,0.682539683,129,0.682539683,0
3CSL,529,G,S,53.586,1.519818556,2.11337E-76,1,0.759615385,79,0.759615385,0
3CSL,530,Q,,57.096,0.903606662,6.86569E-08,0.99999988,0.540084388,128,0.540084388,0
3CSL,531,R,B,54.411,-0.91154594,0.050636961,0.961435256,0.28057554,78,0.28057554,0
3CSL,532,Y,,60.048,-1.077802394,-5.40475E-42,4.03729E-42,0.092,23,0.092,0
3CSL,533,T,,57.122,0.985276103,0,0.5,0.204301075,38,0.204301075,0
3CSL,534,I,T,59.989,1.473086895,-6.24564E-09,5.6905E-09,0.552631579,105,0.552631579,0
3CSL,535,D,T,59.996,1.237825917,3.96417E-06,0.999996308,0.703703704,133,0.703703704,0
3CSL,536,N,S,60.07,0.858696687,1.79949E-20,1,0.276595745,52,0.276595745,0
3CSL,537,P,,65.188,0.727835833,2.80028E-17,1,0.136612022,25,0.136612022,0
3CSL,538,C,,64.354,-1.488806569,0,0,0.111111111,16,0.111111111,0
3CSL,539,K,,68.685,1.522598437,0.004035099,0.99682768,0.593073593,137,0.593073593,0
3CSL,540,A,,67.767,-1.005397931,-5.60033E-10,7.80536E-10,0.157232704,25,0.157232704,0
3CSL,541,L,S,72.513,-0.879860216,-0.018028662,0.009052382,0.570754717,121,0.570754717,0
3CSL,542,R,S,68.932,-1.518437355,0.030544236,0.97673773,0.561151079,162,0.582733813,0.037037037
3CSL,543,L,G,64.285,-1.354606954,-0.026425406,0.013268477,0.009433962,63,0.297169811,0.968253968
3CSL,544,T,G,65.45,-1.258809358,0,0,0.284946237,110,0.591397849,0.518181818
3CSL,545,G,G,65.355,0.989872455,1.3717E-122,1,0.5,52,0.5,0
3CSL,546,C,T,62.99,1.489234031,0,0.5,0.020833333,3,0.020833333,0
3CSL,547,S,,59.838,-1.522498604,0,0,0.107954545,65,0.369318182,0.707692308
3CSL,548,T,E,56.823,1.544503156,0,0.5,0.268817204,59,0.317204301,0.152542373
3CSL,549,T,E,52.83,-1.491027163,0,0,0.446236559,94,0.505376344,0.117021277
3CSL,550,T,E,50.568,1.54042202,0,0.5,0.198924731,37,0.198924731,0
3CSL,551,R,E,47.057,1.528071006,0.068733483,0.947653076,0.514388489,143,0.514388489,0
3CSL,552,E,,43.92,-1.525123274,1.52962E-06,0.999998265,0.334883721,72,0.334883721,0
3CSL,553,D,,41.114,1.521699708,0.000108362,0.999899076,0.576719577,109,0.576719577,0
3CSL,554,W,E,36.965,-1.44444453,-8.15764E-11,6.98356E-11,0.38125,61,0.38125,0
3CSL,555,D,E,34.769,1.522736024,0.000469871,0.999562381,0.619047619,117,0.619047619,0
3CSL,556,V,E,31.619,-1.522926131,-2.58939E-09,2.15854E-09,0.048780488,8,0.048780488,0
3CSL,557,D,E,28.839,1.519584812,0.002410447,0.997755004,0.407407407,77,0.407407407,0
3CSL,558,R,E,27.785,-1.374445706,0.196881928,0.850056145,0.215827338,60,0.215827338,0
3CSL,559,D,E,22.848,1.376661542,0.018235323,0.983016335,0.417989418,79,0.417989418,0
3CSL,560,Q,E,22.295,-1.243067979,0.000564064,0.999015962,0.308016878,73,0.308016878,0
3CSL,561,G,E,17.951,1.497879209,0.00171678,0.997081962,0.230769231,24,0.230769231,0
3CSL,562,K,E,17.319,-1.255205561,0.416336308,0.672684114,0.316017316,73,0.316017316,0
3CSL,563,L,E,12.352,1.385897543,-1.450523639,0.728323293,0.382075472,81,0.382075472,0
3CSL,564,S,E,12.225,-1.448790185,0,0,0.005681818,1,0.005681818,0
3CSL,565,P,E,8.844,1.53407464,0.536301564,0.009664135,0.245901639,45,0.245901639,0
3CSL,566,T,E,6.255,-1.523335813,0,0,0.107526882,20,0.107526882,0
3CSL,567,L,E,4.345,1.498384463,-1.965965093,0.98713191,0.443396226,94,0.443396226,0
3CSL,568,A,E,1.426,-1.494977257,-0.71749347,0.999994867,0.056603774,9,0.056603774,0
3CSL,569,V,E,-0.612,1.514849828,-1.199601486,1,0.43902439,72,0.43902439,0
3CSL,570,A,E,-3.418,-1.518823558,-0.710863899,0.99075501,0.006289308,1,0.006289308,0
3CSL,571,V,E,-6.042,1.545318737,-1.199601485,1,0.274390244,45,0.274390244,0
3CSL,572,R,,-9.635,-1.044276304,0.847438821,0.354596712,0.147482014,41,0.147482014,0
3CSL,573,P,,-8.09,1.427068674,0.540729421,0.001487643,0.420765027,77,0.420765027,0
3CSL,574,G,S,-12.231,1.516687261,0.366422492,0.377185953,0.740384615,77,0.740384615,0
3CSL,575,V,S,-12.956,1.542015888,-1.146572826,0.95579477,0.493902439,81,0.493902439,0
3CSL,576,E,T,-13.524,-1.050315191,0.567149592,0.356773566,0.734883721,158,0.734883721,0
3CSL,577,W,T,-10.801,1.528379861,-1.147552524,0.982391372,0.68125,109,0.68125,0
3CSL,578,L,E,-6.625,1.372169815,-1.895866984,0.951934906,0.16509434,35,0.16509434,0
3CSL,579,E,E,-5.818,-1.509344228,0.88170216,2.72509E-05,0.023255814,5,0.023255814,0
3CSL,580,L,E,-2.478,1.527791871,-1.987322451,0.997855666,0.367924528,78,0.367924528,0
3CSL,581,Y,E,-0.391,-1.522057161,-0.068518745,0.051182765,0.02,5,0.02,0
3CSL,582,T,E,3.261,1.525463864,0,0.5,0.290322581,54,0.290322581,0
3CSL,583,T,E,4.982,-1.54384358,0,0,0.139784946,26,0.139784946,0
3CSL,584,Y,E,7.958,1.527989529,-1.246572129,0.931175957,0.256,64,0.256,0
3CSL,585,G,E,9.817,-1.529725166,0.587341826,0.001685902,0,0,0,
3CSL,586,K,E,13.641,1.435656296,0.683967411,0.462277504,0.281385281,65,0.281385281,0
3CSL,587,S,E,14.36,-1.50416289,0,0,0,0,0,
3CSL,588,W,E,17.509,1.524039698,-0.317970253,0.27220648,0.03125,5,0.03125,0
3CSL,589,R,E,19.513,-1.529243277,0.364546977,0.722363654,0.007194245,2,0.007194245,0
3CSL,590,P,,22.061,1.483401497,2.35246E-07,0.999999566,0.021857923,4,0.021857923,0
3CSL,591,P,,26.932,0.806533942,3.50031E-09,0.999999994,0.010928962,2,0.010928962,0
3CSL,592,A,,25.083,-1.50105896,-2.84511E-06,3.96533E-06,0.044025157,7,0.044025157,0
3CSL,593,I,H,26.517,1.421825939,-0.000378191,0.000344576,0.063157895,12,0.063157895,0
3CSL,594,T,H,28.608,-1.436858379,0,0,0.059139785,11,0.059139785,0
3CSL,595,E,H,29.49,-1.272190237,0.000165619,0.999812165,0,0,0,
3CSL,596,T,H,30.142,1.111901524,0,0.5,0,0,0,
3CSL,597,L,H,32.384,1.335222828,-0.215743886,0.108327292,0,0,0,
3CSL,598,T,,34.029,-1.502623373,0,0,0,0,0,
3CSL,599,N,,38.291,1.479412045,1.32427E-14,1,0.265957447,50,0.265957447,0
3CSL,600,G,B,39.96,-0.58822639,1.22486E-36,1,0.144230769,15,0.144230769,0
3CSL,601,S,,42.134,-0.418905717,0,0,0.119318182,28,0.159090909,0.25
3CSL,602,A,S,38.184,-0.835159865,-7.71273E-08,1.07495E-07,0.20754717,33,0.20754717,0
3CSL,603,H,S,42.335,-1.489420021,7.58585E-11,1,0.392344498,82,0.392344498,0
3CSL,604,S,T,47.314,0.878410496,0.003748864,0.995956426,0.301136364,93,0.528409091,0.430107527
3CSL,605,S,T,47.064,-1.504846836,0,0,0.125,105,0.596590909,0.79047619
3CSL,606,S,,42.384,-1.033029041,0,0,0.204545455,38,0.215909091,0.052631579
3CSL,607,T,E,43.492,0.958555684,0,0.5,0.166666667,41,0.220430108,0.243902439
3CSL,608,Q,E,37.698,-0.669746967,3.67274E-06,0.999993593,0.084388186,20,0.084388186,0
3CSL,609,Y,,40.34,1.002672429,-4.54958E-16,3.39849E-16,0.128,34,0.136,0.058823529
3CSL,610,P,,36.728,1.528177019,5.04095E-12,1,0.005464481,1,0.005464481,0
3CSL,611,N,,34.538,-1.453374694,2.9239E-13,1,0.063829787,12,0.063829787,0
3CSL,612,P,T,34.606,1.197898159,1.76862E-11,1,0.032786885,6,0.032786885,0
3CSL,613,F,T,34.271,0.883126831,-0.029532111,0.012294596,0.493670886,117,0.493670886,0
3CSL,614,L,,30.116,-1.429529293,-0.264842544,0.132980249,0,0,0,
3CSL,615,Q,,28.373,1.503835762,5.59807E-05,0.999902339,0.41350211,98,0.41350211,0
3CSL,616,P,,23.41,1.09548026,6.72776E-08,0.999999876,0.092896175,17,0.092896175,0
3CSL,617,E,E,23.4,-1.52085042,0.002509052,0.997154387,0.004651163,1,0.004651163,0
3CSL,618,R,E,20.411,1.522322568,0.339020539,0.741804405,0.154676259,43,0.154676259,0
3CSL,619,S,E,17.218,-1.423539954,0,0,0.005681818,1,0.005681818,0
3CSL,620,R,E,16.046,1.412075423,0.487996832,0.628345136,0.165467626,46,0.165467626,0
3CSL,621,A,E,12.531,-1.490526417,-0.001099229,0.001532033,0.037735849,6,0.037735849,0
3CSL,622,W,E,10.857,1.484143524,-1.150680476,0.985069135,0.8125,130,0.8125,0
3CSL,623,E,E,7.729,-1.508641773,0.881048269,0.000768855,0.051162791,11,0.051162791,0
3CSL,624,V,E,5.524,1.519842097,-1.199601486,1,0.432926829,71,0.432926829,0
3CSL,625,G,E,3.022,-1.529966838,0.00734463,0.987516217,0.067307692,7,0.067307692,0
3CSL,626,F,E,-1.065,1.420798719,-1.463977836,0.609472692,0.286919831,68,0.286919831,0
3CSL,627,N,E,-2.617,-1.532659127,0.698747131,0,0.005319149,1,0.005319149,0
3CSL,628,V,E,-5.293,1.518960171,-1.199601486,1,0.067073171,11,0.067073171,0
3CSL,629,Q,E,-8.913,-1.493085731,0.496430679,0.133952805,0.257383966,61,0.257383966,0
3CSL,630,Q,E,-10.661,1.48875317,0.308020455,0.462643503,0.223628692,53,0.223628692,0
3CSL,631,P,E,-14.508,-1.1740362,0.001618822,0.997010678,0.398907104,73,0.398907104,0
3CSL,632,D,S,-16.782,-0.540142574,0.219753126,0.795330557,0.492063492,93,0.492063492,0
3CSL,633,L,S,-11.258,-0.260188393,-1.559620848,0.783102158,0.301886792,64,0.301886792,0
3CSL,634,W,S,-11.725,0.964771994,-1.166043234,0.998220813,1.24375,199,1.24375,0
3CSL,635,F,S,-14.796,1.458079902,-1.953661941,0.813334446,0.607594937,144,0.607594937,0
3CSL,636,E,T,-19.498,0.353005666,0.020994317,0.976189527,0.888372093,191,0.888372093,0
3CSL,637,G,T,-16.836,1.514529018,0.007802432,0.986738085,0.625,65,0.625,0
3CSL,638,D,,-12.408,1.363868029,0.841200725,0.216538635,0.042328042,8,0.042328042,0
3CSL,639,R,E,-10.851,-1.533008154,0.766098272,0.416545087,0.183453237,51,0.183453237,0
3CSL,640,L,E,-7.847,1.530377731,-1.83229193,0.920013198,0.103773585,22,0.103773585,0
3CSL,641,V,E,-5.399,-1.5390013,-1.199601486,1,0.018292683,3,0.018292683,0
3CSL,642,A,E,-1.921,1.522230272,-0.717449595,0.999933717,0.062893082,10,0.062893082,0
3CSL,643,K,E,0.772,-1.521566627,1.271940399,2.40429E-05,0.008658009,2,0.008658009,0
3CSL,644,V,E,3.327,1.531170794,-1.199601486,1,0.176829268,29,0.176829268,0
3CSL,645,A,E,5.726,-1.517975626,-0.402394336,0.560830568,0.012578616,2,0.012578616,0
3CSL,646,Y,E,9.084,1.528152479,-1.335334856,0.997480759,0.304,76,0.304,0
3CSL,647,F,E,11.227,-1.526080601,-2.346105538,0.976713733,0,0,0,
3CSL,648,D,E,14.016,1.529818944,0.59546465,0.445407578,0.111111111,21,0.111111111,0
3CSL,649,T,E,15.724,-1.536235659,0,0,0.02688172,5,0.02688172,0
3CSL,650,K,E,19.011,1.529424728,0.327131792,0.742815051,0.246753247,57,0.246753247,0
3CSL,651,V,E,21.057,-1.540166874,-9.33117E-05,7.77856E-05,0,0,0,
3CSL,652,D,E,24.414,1.528407341,0.010283656,0.990422206,0.264550265,50,0.264550265,0
3CSL,653,N,S,26.703,1.494804335,6.57773E-10,0.999999999,0.20212766,38,0.20212766,0
3CSL,654,Y,,25.773,-1.480324627,-6.04142E-05,4.51288E-05,0.004,1,0.004,0
3CSL,655,I,,28.419,1.551126043,-0.000148597,0.000135389,0.015789474,3,0.015789474,0
3CSL,656,N,E,30.54,1.52541437,1.17167E-11,1,0.015957447,3,0.015957447,0
3CSL,657,L,E,32.693,-1.503311012,-0.209949026,0.105417631,0.023584906,5,0.023584906,0
3CSL,658,A,E,36.191,1.512262213,-1.22205E-07,1.70321E-07,0,0,0,
3CSL,659,I,,39.558,-1.533303949,-1.71707E-06,1.56444E-06,0.057894737,27,0.142105263,0.592592593
3CSL,660,D,S,42.879,1.530728585,7.50054E-05,0.999930143,0.037037037,43,0.227513228,0.837209302
3CSL,661,R,,41.305,0.979114906,0.090041839,0.931424786,0.003597122,1,0.003597122,0
3CSL,662,N,,46.628,0.98334226,3.59314E-17,1,0.026595745,13,0.069148936,0.615384615
3CSL,663,K,,45.408,-1.529929737,0.018078753,0.985786819,0.064935065,15,0.064935065,0
3CSL,664,P,S,46.339,1.409059615,3.74425E-14,1,0.043715847,8,0.043715847,0
3CSL,665,G,B,50.661,-1.499727065,1.26186E-66,1,0,0,0,
3CSL,666,L,S,54.974,-0.861150974,-0.04329262,0.021737683,0.023584906,16,0.075471698,0.6875
3CSL,667,V,,54.098,1.34265595,-2.47449E-15,2.06276E-15,0.067073171,100,0.609756098,0.89
3CSL,668,Q,,52.314,1.525234408,1.588E-07,0.999999723,0.097046414,100,0.421940928,0.77
3CSL,669,P,,51.258,1.330540116,4.45916E-15,1,0.043715847,113,0.617486339,0.92920354
3CSL,670,S,,48.011,-1.527592223,0,0,0.028409091,41,0.232954545,0.87804878
3CSL,671,I,T,45.353,-1.539259562,-2.71617E-07,2.47474E-07,0.057894737,111,0.584210526,0.900900901
3CSL,672,G,T,43.862,0.971296736,1.60303E-46,1,0.096153846,12,0.115384615,0.166666667
3CSL,673,N,E,43.943,1.222800065,2.12905E-16,1,0.015957447,7,0.037234043,0.571428571
3CSL,674,A,E,38.48,-1.323294374,-7.21797E-08,1.00599E-07,0.025157233,4,0.025157233,0
3CSL,675,A,E,37.656,1.236051779,-8.69216E-08,1.21146E-07,0,0,0,
3CSL,676,Y,E,32.053,-0.879081907,-6.66461E-09,4.97839E-09,0.016,4,0.016,0
3CSL,677,V,E,34.663,0.831531719,-2.41501E-10,2.01318E-10,0.036585366,6,0.036585366,0
3CSL,678,N,,30.778,1.508418046,9.28252E-12,1,0.122340426,23,0.122340426,0
3CSL,679,N,,29.812,-1.167839886,2.41626E-11,1,0,0,0,
3CSL,680,L,S,33.261,0.545618915,-0.199788333,0.10031584,0.45754717,97,0.45754717,0
3CSL,681,S,S,30.103,-1.479009466,0,0,0.147727273,26,0.147727273,0
3CSL,682,K,E,25.018,1.236693171,0.143399651,0.887261853,0.476190476,110,0.476190476,0
3CSL,683,T,E,24.627,-1.521034188,0,0,0.032258065,6,0.032258065,0
3CSL,684,R,E,20.809,1.509510185,0.328428557,0.749871182,0.273381295,76,0.273381295,0
3CSL,685,F,E,18.246,-1.490130867,-1.377763923,0.573580737,0.016877637,4,0.016877637,0
3CSL,686,R,E,16.278,1.514360591,0.478336897,0.635702073,0.255395683,71,0.255395683,0
3CSL,687,G,E,14.024,-1.526127564,0.129678762,0.779582978,0,0,0,
3CSL,688,L,E,10.345,1.50255316,-1.644424649,0.825683045,0.216981132,46,0.216981132,0
3CSL,689,E,E,8.144,-1.519039828,0.880472896,0.001421408,0.009302326,2,0.009302326,0
3CSL,690,Y,E,5.838,1.516695421,-0.848537485,0.633848365,0.364,91,0.364,0
3CSL,691,Q,E,3.44,-1.512309823,0.573204709,1.68172E-05,0.033755274,8,0.033755274,0
3CSL,692,L,E,-0.221,1.528445616,-1.991591265,0.999999083,0.320754717,68,0.320754717,0
3CSL,693,N,E,-2.482,-1.531292918,0.698747131,0,0.207446809,39,0.207446809,0
3CSL,694,Y,E,-5.463,1.52892544,-0.765698451,0.571968498,0.104,26,0.104,0
3CSL,695,D,E,-7.814,-1.529421132,1.068541711,0.004802156,0.211640212,40,0.211640212,0
3CSL,696,A,,-10.523,1.513477122,-0.004897407,0.006825681,0.182389937,29,0.182389937,0
3CSL,697,G,S,-11.397,1.053024186,0.486399459,0.173259223,0.038461538,4,0.038461538,0
3CSL,698,V,S,-11.729,1.233773075,-1.195361488,0.996465495,0.62195122,102,0.62195122,0
3CSL,699,F,E,-7.752,1.530040849,-2.355667693,0.98069458,0.426160338,101,0.426160338,0
3CSL,700,Y,E,-5.508,-1.52222206,-0.775622622,0.579381747,0.092,23,0.092,0
3CSL,701,A,E,-1.929,1.522277898,-0.717447868,0.999931309,0.13836478,22,0.13836478,0
3CSL,702,D,E,0.835,-1.489934562,1.073697775,1.52073E-11,0.074074074,14,0.074074074,0
3CSL,703,L,E,2.875,1.484156663,-1.984720905,0.996549402,0.386792453,82,0.386792453,0
3CSL,704,T,E,6.21,-1.522574793,0,0,0.043010753,8,0.043010753,0
3CSL,705,Y,E,8.999,1.525073769,-1.332784328,0.995575541,0.184,46,0.184,0
3CSL,706,T,E,11.993,-1.489936911,0,0,0.016129032,3,0.016129032,0
3CSL,707,H,E,13.293,1.406694352,0.000893343,0.999254327,0.339712919,71,0.339712919,0
3CSL,708,M,E,17.845,-1.198859458,-1.001968461,0.485113905,0.078431373,16,0.078431373,0
3CSL,709,I,E,17.674,1.183642683,-0.083203758,0.075808229,0.284210526,54,0.284210526,0
3CSL,710,G,,22.054,-1.386202114,9.26341E-07,0.999998425,0.278846154,29,0.278846154,0
3CSL,711,K,,26.327,1.323755642,0.121363004,0.904586656,0.670995671,155,0.670995671,0
3CSL,712,N,,25.944,-1.279220466,1.56232E-09,0.999999998,0.159574468,30,0.159574468,0
3CSL,713,E,,31.326,1.199260189,8.14036E-05,0.999907677,0.441860465,95,0.441860465,0
3CSL,714,F,,32.253,-1.527619062,-0.058586463,0.024390294,0,0,0,
3CSL,715,C,E,34.546,1.528746218,0,0.5,0.048611111,7,0.048611111,0
3CSL,716,S,E,36.366,-1.525916446,0,0,0,0,0,
3CSL,717,N,,39.08,1.519901313,7.18193E-15,1,0.35106383,66,0.35106383,0
3CSL,718,K,S,42.417,1.156415583,0.023092117,0.981845406,0.051948052,36,0.155844156,0.666666667
3CSL,719,A,S,44.127,1.036706323,-2.22758E-08,3.10466E-08,0.012578616,2,0.012578616,0
3CSL,720,W,T,38.73,-1.058047258,-2.84957E-12,2.43944E-12,0.06875,11,0.06875,0
3CSL,721,L,T,40.908,-1.456332723,-0.108079704,0.054267965,0.259433962,55,0.259433962,0
3CSL,722,G,,43.137,1.446110344,1.35684E-44,1,0.163461538,17,0.163461538,0
3CSL,723,G,,46.152,-1.453969351,6.96357E-53,1,0.403846154,42,0.403846154,0
3CSL,724,R,B,48.191,-1.497534307,0.065394621,0.950195929,0.025179856,14,0.050359712,0.5
3CSL,725,L,E,52.771,-1.39957172,-0.049216395,0.024712074,0.04245283,9,0.04245283,0
3CSL,726,R,E,54.745,1.461428411,0.049984475,0.961932185,0.356115108,108,0.388489209,0.083333333
3CSL,727,Y,E,60.027,-1.068550888,-5.84867E-42,4.36889E-42,0.056,101,0.404,0.861386139
3CSL,728,G,,59.996,1.33506718,3.3888E-100,1,0.048076923,13,0.125,0.615384615
3CSL,729,D,S,63.832,1.479075725,2.30429E-06,0.999997854,0.767195767,145,0.767195767,0
3CSL,730,G,,64.991,-1.180148467,5.3741E-121,1,0.144230769,32,0.307692308,0.53125
3CSL,731,S,,69.471,0.981583415,0.00047647,0.999486074,0.329545455,58,0.329545455,0
3CSL,732,R,S,71.451,-0.944806859,0.028271448,0.978468669,0.417266187,200,0.71942446,0.42
3CSL,733,R,S,71.682,1.478055818,0.028075349,0.978618017,0.517985612,144,0.517985612,0
3CSL,734,G,S,69.289,1.488738832,1.779E-140,1,0.105769231,11,0.105769231,0
3CSL,735,N,,67.255,1.483577433,6.06933E-22,1,0.239361702,45,0.239361702,0
3CSL,736,F,,64.805,-1.49866207,-7.89776E-10,3.28794E-10,0.029535865,23,0.097046414,0.695652174
3CSL,737,Y,,61.227,1.531676859,-6.1E-44,4.55663E-44,0.084,21,0.084,0
3CSL,738,V,E,56.869,-1.338769958,-6.81643E-16,5.68224E-16,0.006097561,1,0.006097561,0
3CSL,739,E,E,55.679,1.433042218,9.39291E-08,0.999999893,0.358139535,77,0.358139535,0
3CSL,740,P,E,50.423,1.175195728,6.30516E-15,1,0.535519126,98,0.535519126,0
3CSL,741,D,,51.294,-1.444737346,1.56274E-05,0.999985445,0.08994709,21,0.111111111,0.19047619
3CSL,742,A,H,47.561,1.515005281,-1.17058E-08,1.63148E-08,0.383647799,61,0.383647799,0
3CSL,743,A,H,49.473,0.77606443,-8.34524E-09,1.1631E-08,0.27672956,67,0.421383648,0.343283582
3CSL,744,S,H,48.727,-1.151420861,0,0,0.011363636,20,0.113636364,0.9
3CSL,745,N,H,44.774,1.529353131,1.21367E-16,1,0.196808511,37,0.196808511,0
3CSL,746,D,S,43.219,1.503149361,6.99953E-05,0.999934809,0.650793651,123,0.650793651,0
3CSL,747,F,,44.961,-0.946510433,-0.000298228,0.000124156,0.206751055,106,0.447257384,0.537735849
3CSL,748,V,,39.636,1.078131717,-7.58883E-12,6.32613E-12,0.414634146,68,0.414634146,0
3CSL,749,T,E,40.99,-1.392173121,0,0,0.129032258,24,0.129032258,0
3CSL,750,C,E,36.993,1.46937878,0,0.5,0.451388889,65,0.451388889,0
3CSL,751,D,,35.722,1.423711347,0.000370867,0.999654589,0.296296296,56,0.296296296,0
3CSL,752,G,T,39.155,1.419778731,9.48128E-35,1,0.182692308,44,0.423076923,0.568181818
3CSL,753,G,T,37.761,0.412843331,1.33707E-31,1,0.067307692,14,0.134615385,0.5
3CSL,754,T,,38.657,1.392010417,0,0.5,0.005376344,11,0.059139785,0.909090909
3CSL,755,Q,,33.175,1.099887722,1.25055E-05,0.999978184,0.063291139,15,0.063291139,0
3CSL,756,F,,35.177,-1.038819522,-0.02130796,0.008870776,0.075949367,33,0.139240506,0.454545455
3CSL,757,G,S,30.278,1.518227959,2.50731E-17,1,0.028846154,3,0.028846154,0
3CSL,758,S,G,25.98,-1.015503816,0,0,0.034090909,6,0.034090909,0
3CSL,759,A,G,25.975,1.501195857,-2.10768E-06,2.93754E-06,0.044025157,7,0.044025157,0
3CSL,760,A,G,30.209,-1.008758643,-5.76438E-07,8.03401E-07,0.094339623,15,0.094339623,0
3CSL,761,Y,S,26.735,1.502209706,-1.80845E-05,1.35089E-05,0.112,28,0.112,0
3CSL,762,L,,21.982,1.361241345,-0.59043002,0.296461171,0.033018868,7,0.033018868,0
3CSL,763,P,,19.342,-0.847680364,3.76991E-06,0.999993038,0.010928962,2,0.010928962,0
3CSL,764,G,,20.079,-1.528930568,5.0858E-05,0.999913556,0.028846154,3,0.028846154,0
3CSL,765,D,,16.408,1.500185655,0.256242491,0.761345793,0.153439153,29,0.153439153,0
3CSL,766,R,E,15.118,-1.347902074,0.528882305,0.597207055,0.050359712,14,0.050359712,0
3CSL,767,G,E,10.709,1.503575126,0.558437073,0.050815763,0.028846154,3,0.028846154,0
3CSL,768,S,E,7.964,-1.508432962,0,0,0,0,0,
3CSL,769,V,E,5.312,1.538272083,-1.199601486,1,0.25,41,0.25,0
3CSL,770,T,E,2.412,-1.506309397,0,0,0.043010753,8,0.043010753,0
3CSL,771,L,E,0.277,1.494151933,-1.99158932,0.999998106,0.419811321,89,0.419811321,0
3CSL,772,G,E,-2.414,-1.397224943,0.003291064,0.994406127,0.038461538,4,0.038461538,0
3CSL,773,G,E,-5.701,1.400000603,0.113026661,0.807886814,0.221153846,23,0.221153846,0
3CSL,774,R,,-9.084,-1.371393817,0.885660154,0.325487621,0.201438849,56,0.201438849,0
3CSL,775,A,,-9.935,1.364330239,-0.007988692,0.01113411,0.257861635,41,0.257861635,0
3CSL,776,F,T,-11.7,1.169109062,-2.313858175,0.963288744,0.64978903,154,0.64978903,0
3CSL,777,D,T,-15.725,1.450980358,0.335661655,0.687377899,0.878306878,166,0.878306878,0
3CSL,778,R,T,-13.865,-1.192825637,0.590051654,0.55062092,0.564748201,157,0.564748201,0
3CSL,779,K,,-10.598,-1.45968113,0.947754816,0.254892737,0.203463203,47,0.203463203,0
3CSL,780,L,,-7.712,1.457577442,-1.840267736,0.924017935,0.221698113,47,0.221698113,0
3CSL,781,D,,-4.806,-1.522136985,1.073624228,6.84987E-05,0.111111111,21,0.111111111,0
3CSL,782,A,E,-2.166,1.513248162,-0.717363878,0.999814249,0.201257862,32,0.201257862,0
3CSL,783,G,E,0.175,-1.529836917,9.569E-05,0.999837354,0.153846154,16,0.153846154,0
3CSL,784,V,E,4.134,1.474511445,-1.199601486,1,0.213414634,35,0.213414634,0
3CSL,785,T,E,5.984,-1.532359292,0,0,0.037634409,7,0.037634409,0
3CSL,786,V,E,8.429,1.520462101,-1.199600643,0.999999298,0.12804878,21,0.12804878,0
3CSL,787,R,E,12.191,-1.391408279,0.68288714,0.479918084,0.025179856,7,0.025179856,0
3CSL,788,F,E,12.856,1.337120039,-2.207128062,0.918855633,0.223628692,53,0.223628692,0
3CSL,789,A,E,17.328,-1.17690314,-6.81048E-05,9.49199E-05,0.025157233,4,0.025157233,0
3CSL,790,P,,17.487,1.495831876,3.1609E-05,0.999941631,0.371584699,68,0.371584699,0
3CSL,791,G,,21.303,1.511350562,4.62042E-06,0.999992147,0.375,39,0.375,0
3CSL,792,Y,E,23.022,-1.389050035,-0.001302152,0.000972693,0.132,33,0.132,0
3CSL,793,Q,E,27.907,1.46057831,6.56111E-05,0.999885538,0.345991561,82,0.345991561,0
3CSL,794,D,,30.29,-1.529949346,0.001569703,0.99853804,0.174603175,33,0.174603175,0
3CSL,795,S,,33.376,1.527313,0.023966267,0.974149671,0.494318182,87,0.494318182,0
3CSL,796,S,S,34.456,1.349403572,0.02027533,0.978130764,0.585227273,103,0.585227273,0
3CSL,797,V,S,35.877,-1.309132919,-9.9326E-11,8.27991E-11,0.152439024,25,0.152439024,0
3CSL,798,P,,40.634,-0.816818829,5.98094E-13,1,0.366120219,67,0.366120219,0
3CSL,799,S,T,38.127,1.528177019,0.011869803,0.987197076,0.068181818,26,0.147727273,0.538461538
3CSL,800,N,T,41.717,0.424199246,1.01271E-15,1,0.053191489,132,0.70212766,0.924242424
3CSL,801,Y,S,36.712,1.20067481,-1.16756E-12,8.72156E-13,0.188,51,0.204,0.078431373
3CSL,802,P,S,35.86,-1.532567127,8.34808E-12,1,0.010928962,23,0.12568306,0.913043478
3CSL,803,Y,S,31.496,-1.238794575,-1.68305E-08,1.25722E-08,0.076,19,0.076,0
3CSL,804,L,,32.311,1.338769958,-0.217141481,0.109029039,0.014150943,3,0.014150943,0
3CSL,805,A,,28.051,1.457930382,-1.0892E-06,1.51805E-06,0,0,0,
3CSL,806,D,E,29.576,-0.887426053,0.001933557,0.998199161,0,0,0,
3CSL,807,W,E,23.721,-1.155692433,-0.005357524,0.004586444,0.075,12,0.075,0
3CSL,808,P,,25.008,1.305729298,1.67119E-08,0.999999969,0.131147541,24,0.131147541,0
3CSL,809,K,,20.275,1.469863939,0.273343018,0.785102788,0.614718615,142,0.614718615,0
3CSL,810,Y,E,19.028,-1.454965635,-0.041395206,0.030921773,0.016,4,0.016,0
3CSL,811,T,E,14.573,1.462357343,0,0.5,0.26344086,49,0.26344086,0
3CSL,812,L,E,14.005,-1.479021974,-1.278097287,0.641746194,0,0,0,
3CSL,813,F,E,10.143,1.508164779,-2.392806071,0.996155762,0.333333333,79,0.333333333,0
3CSL,814,D,E,8.649,-1.529405767,1.061243619,0.011599312,0.015873016,3,0.015873016,0
3CSL,815,L,E,5.722,1.527037983,-1.930688738,0.969419278,0.33490566,71,0.33490566,0
3CSL,816,Y,E,3.09,-1.531213898,-0.313868035,0.234456042,0.064,16,0.064,0
3CSL,817,A,E,-0.221,1.515647716,-0.717497153,1,0.27672956,44,0.27672956,0
3CSL,818,S,E,-2.766,-1.530905941,0,0,0.028409091,5,0.028409091,0
3CSL,819,Y,E,-5.715,1.529628059,-0.821366459,0.6135519,0.388,97,0.388,0
3CSL,820,K,E,-9.154,-1.183520173,1.059620807,0.166945769,0.316017316,73,0.316017316,0
3CSL,821,L,S,-7.884,1.187619468,-1.83006469,0.918894877,0.490566038,104,0.490566038,0
3CSL,822,T,S,-11.497,1.539704192,0,0.5,0.370967742,69,0.370967742,0
3CSL,823,D,S,-13.755,-0.73149231,0.638620879,0.405213559,0.798941799,151,0.798941799,0
3CSL,824,S,S,-9.928,1.487075654,0.878463922,0.052477334,0.198863636,35,0.198863636,0
3CSL,825,L,E,-7.388,1.510390678,-1.858442662,0.933143758,0.198113208,42,0.198113208,0
3CSL,826,T,E,-5.109,-1.540905253,0,0,0.043010753,8,0.043010753,0
3CSL,827,L,E,-2.096,1.532788961,-1.989095787,0.998746076,0.325471698,69,0.325471698,0
3CSL,828,R,E,0.213,-1.529852607,1.312875496,0.000123501,0.14028777,39,0.14028777,0
3CSL,829,G,E,3.247,1.386983956,0.009717624,0.983482803,0.25,26,0.25,0
3CSL,830,S,E,5.966,-1.521854132,0,0,0.085227273,15,0.085227273,0
3CSL,831,V,E,8.983,1.53886874,-1.19959713,0.999996369,0.134146341,22,0.134146341,0
3CSL,832,E,S,13.003,-0.919132743,0.653407465,0.258945154,0.027906977,6,0.027906977,0
3CSL,833,N,,15.345,-0.286513525,0.010694798,0.984694323,0.010638298,2,0.010638298,0
3CSL,834,L,T,10.705,0.766542889,-1.611813702,0.809308743,0.301886792,64,0.301886792,0
3CSL,835,T,T,14.701,-1.537546097,0,0,0.23655914,44,0.23655914,0
3CSL,836,N,,17.815,1.49031037,0.000123375,0.999823434,0.127659574,24,0.127659574,0
3CSL,837,R,B,18.691,-1.361221878,0.390041603,0.702947131,0.276978417,77,0.276978417,0
3CSL,838,A,,23.942,0.574042681,-4.24318E-06,5.91387E-06,0.012578616,2,0.012578616,0
3CSL,839,Y,,20.715,0.454138745,-0.011093629,0.008286822,0.048,12,0.048,0
3CSL,840,V,,24.303,-0.592162984,-2.30653E-06,1.92275E-06,0.036585366,6,0.036585366,0
3CSL,841,V,,19.291,-1.394436087,-0.000894331,0.000745523,0.067073171,11,0.067073171,0
3CSL,842,S,T,19.318,1.133922396,0.310172737,0.665443633,0.039772727,7,0.039772727,0
3CSL,843,Y,T,21.194,-1.113593283,-0.007345001,0.005486636,0.016,4,0.016,0
3CSL,844,G,,23.212,1.493203237,6.35375E-08,0.999999892,0.009615385,1,0.009615385,0
3CSL,845,E,,26.668,-1.516852003,0.000540408,0.999387102,0.065116279,14,0.065116279,0
3CSL,846,T,T,29.507,1.477324947,0,0.5,0.016129032,3,0.016129032,0
3CSL,847,L,T,31.81,-1.527524141,-0.227038743,0.113998559,0.004716981,20,0.094339623,0.95
3CSL,848,A,T,29.216,-1.098351947,-7.6803E-07,1.07043E-06,0.012578616,2,0.012578616,0
3CSL,849,N,,29.853,0.964543415,2.31867E-11,1,0,0,0,
3CSL,850,T,,25.767,-1.44166605,0,0,0.016129032,3,0.016129032,0
3CSL,851,L,,24.863,1.445425889,-0.440242167,0.221050258,0,0,0,
3CSL,852,G,,20.638,1.406980214,1.75937E-05,0.999970096,0.019230769,2,0.019230769,0
3CSL,853,R,,17.712,-0.999650439,0.42330946,0.677610571,0.028776978,8,0.028776978,0
3CSL,854,G,,18.419,1.433462455,0.000849919,0.99855538,0.009615385,1,0.009615385,0
3CSL,855,R,S,15.147,1.524795724,0.527548946,0.598222531,0.449640288,125,0.449640288,0
3CSL,856,T,,14.257,-1.460800123,0,0,0,0,0,
3CSL,857,V,E,10.171,1.504980066,-1.199494012,0.999910409,0.445121951,73,0.445121951,0
3CSL,858,Q,E,9.361,-1.335013109,0.459488439,0.19840032,0.042194093,10,0.042194093,0
3CSL,859,G,E,5.125,1.526271553,0.070133569,0.880792875,0.298076923,31,0.298076923,0
3CSL,860,G,E,3.296,-1.526944553,0.010315913,0.982465881,0.134615385,14,0.134615385,0
3CSL,861,V,E,-0.267,1.509410812,-1.199601486,1,0.420731707,69,0.420731707,0
3CSL,862,E,E,-1.944,-1.529923201,0.881726188,6.85441E-11,0.060465116,13,0.060465116,0
3CSL,863,Y,E,-4.763,1.530140516,-0.614700119,0.459174369,0.424,106,0.424,0
3CSL,864,R,E,-7.249,-1.481021607,1.015117726,0.226893668,0.352517986,98,0.352517986,0
3CSL,865,F,,-9.341,1.517429405,-2.401965084,0.999968776,0.261603376,62,0.261603376,0
