2POR,2,3,4,5,7,10,11,12,14,19,20,21,23,24,25,26,27,28,29,30,31,32,34,40,41,44,45,46,61,62,63,65,69,70,72,119,121,123,124,125,128,130,132,134,150,152,154,156,157,158,161,163,165,167,169,171,182,184,186,188,191,192,195,196,197,199,201,203,205,226,228,230,232,234,236,239,240,243,245,249,253,258,259,261,263,265,267,269,270,271,272,277,281,295,298,299,300
1THQ,23,25,27,29,30,31,32,33,53,55,57,60,71,75,81,82,85,89,91,93,101,103,105,107,111,123,125,127,129,131,133,136,138,142,153,157,159,161
1QFG,32,127,162,166,168,169,174,176,178,180,182,190,192,194,200,202,209,211,213,215,219,221,229,231,235,237,274,280,282,284,286,287,288,289,294,298,302,304,306,308,310,340,347,349,351,355,359,361,364,365,366,367,370,371,376,378,380,382,384,386,388,390,393,394,398,401,433,434,435,439,441,443,445,447,452,453,456,458,460,464,466,468,470,472,473,478,479,480,481,482,483,485,487,489,493,495,503,505,528,530,532,534,536,538,547,551,553,562,570,571,572,573,575,577,579,581,583,585,589,590,595,599,601,605,607,608,623,627,629,631,633,643,645,647,648,649,654,662,667,673,675,687,689,692,704,717,719,723,724
1KMO,108,190,225,227,229,231,233,244,248,250,253,258,260,262,268,283,285,288,289,295,297,298,301,303,307,332,334,336,338,340,342,344,346,352,354,356,357,358,360,368,374,381,383,385,387,389,391,393,395,396,397,406,408,410,419,421,423,436,437,438,441,445,447,449,451,454,456,457,460,462,464,466,468,470,472,474,476,483,484,485,487,489,491,493,495,497,499,501,502,505,507,536,538,540,542,544,546,547,551,552,555,557,559,561,563,580,582,584,586,589,590,591,592,593,606,608,610,612,634,638,640,642,647,649,651,654,682,684,688,690,691,700,701,703,733,735,738,739,740
1A0S,73,74,75,76,81,83,85,117,119,121,123,125,126,127,128,134,135,137,141,144,159,160,161,163,165,167,182,184,185,186,194,201,208,209,210,216,217,221,222,225,227,230,231,233,243,245,247,249,253,256,258,260,262,264,286,288,290,292,294,295,296,297,304,305,306,308,309,311,313,315,335,337,339,346,351,357,361,373,375,377,379,393,397,399,401,403,414,418,420,422,426,440,442,444,446,448,473,475,477,479,482
3EMN,26,27,28,29,30,31,32,39,41,42,44,45,54,55,57,58,60,62,63,64,71,73,74,75,76,81,83,85,87,88,95,96,97,99,103,109,110,113,114,115,116,117,118,119,120,123,125,126,127,128,131,138,139,142,144,146,149,151,153,155,157,158,163,164,165,169,171,173,174,178,180,182,185,189,190,194,196,197,202,203,206,207,208,210,214,215,216,217,218,219,221,225,233,235,237,238,242,243,245,247,249,251,252,255,256,257,259,264,274,275,277,279,280,281,282
3DWO,47,49,51,53,57,59,61,94,96,98,102,104,105,110,112,114,123,125,138,140,142,144,146,150,152,158,160,162,164,166,168,204,206,208,210,212,214,216,220,228,230,232,239,241,243,245,247,248,275,277,281,290,292,295,302,304,308,316,320,324,325,328,330,337,339,341,345,346,351,353,355,357,359,379,381,383,388,397,399,401,403,405,423,425,427,429,431,433,435,437,439,441
2WJR,3,5,7,9,16,18,20,22,24,25,30,31,34,36,38,39,40,41,55,57,59,61,63,64,69,71,72,73,75,79,83,86,88,90,92,94,95,97,100,102,104,106,108,110,115,116,122,128,130,134,136,137,142,144,146,147,148,150,152,165,168,171,173,174,175,181,183,185,187,189,195,196,199,201,205,207,209,213
2F1V,6,8,10,11,12,16,32,33,37,38,39,43,45,51,53,55,62,64,67,71,72,79,83,85,87,96,98,100,102,103,104,106,110,111,113,124,125,127,132,134,136,138,142,148,150,152,154,156,160,162,166,167,174,175,177,181,183,185,187,189,191
2ERV,3,5,7,9,15,17,19,21,23,24,29,30,31,32,36,41,45,47,58,60,62,66,70,75,76,77,79,81,83,85,87,92,102,104,106,108,110,112,113,114,120,122,126,142,144,146,148,149
1E54,4,5,6,10,12,14,16,18,27,28,29,39,41,42,44,45,46,47,48,49,52,55,56,57,77,79,81,84,87,88,90,91,135,138,140,152,154,156,172,176,178,179,180,181,185,187,189,191,193,197,204,206,208,210,212,213,214,219,223,225,227,229,230,231,237,241,243,245,247,248,249,254,255,257,259,265,270,272,274,276,278,280,282,288,290,292,294,296,298,322,324,326,328,330,332
1TLY,13,14,15,17,19,21,23,35,37,39,40,42,44,45,51,56,57,78,80,84,99,100,102,104,108,123,126,127,138,141,143,145,149,150,159,160,163,165,167,168,169,170,171,172,173,174,175,176,180,183,184,189,191,214,218,220,223,227,229,231,233,235,237,247,249,254,256,262,266,268,270,272
1I78,12,14,16,18,19,20,26,29,31,38,45,47,48,50,52,53,54,56,58,64,66,69,70,72,77,78,80,100,102,103,105,107,108,110,112,114,116,118,120,121,122,126,128,130,132,134,138,144,147,149,173,175,177,179,181,183,187,189,192,194,198,200,203,205,212,213,221,222,224,226,227,229,231,233,235,237,239,241,242,247,249,251,253,255,257,258,259,260,262,264,265,272,273,274,275,277,278,285,287,289,291,293,295,296
1QJ8,5,7,8,9,13,18,19,20,22,23,24,26,28,30,37,39,41,43,47,48,49,50,51,57,58,59,63,65,67,69,71,73,74,79,81,83,84,85,89,90,92,94,98,99,100,101,102,103,104,105,107,109,111,113,115,121,123,125,127,131,135,140,142,144,146
2F1C,6,7,8,10,12,13,14,16,17,18,29,32,34,35,36,40,43,44,45,47,49,51,52,65,71,73,75,77,78,79,83,85,87,89,91,97,106,108,112,114,116,117,118,119,120,121,126,128,131,134,136,138,151,157,159,160,167,168,169,171,175,177,191,193,200,201,204,205,206,208,210,211,212,214,215,216,217,236,238,239,240,242,243,248,250,252,253,254,256,258,269,270,272,274,276,278,280,281
3JTY,38,39,40,43,47,51,61,65,69,71,72,74,82,84,86,92,94,95,96,97,119,121,122,123,125,127,129,130,131,135,136,137,138,139,144,149,165,173,175,178,181,199,200,201,202,203,210,214,215,216,222,223,225,227,229,237,239,241,242,243,244,245,246,247,250,251,252,255,256,258,260,262,263,273,275,277,281,284,285,288,290,292,294,296,298,329,331,333,335,338,347,348,349,351,353,358,368,370,376,378,379,390,391,392,394,396,398,407,409,411,413,415,416,417,418
1T16,45,48,51,53,55,59,60,77,78,80,82,84,92,94,98,105,107,122,124,126,128,130,132,134,140,142,144,146,150,152,154,196,201,203,204,205,207,209,213,215,217,218,223,225,232,234,236,238,263,266,268,275,277,282,283,284,287,289,291,293,295,303,305,313,316,318,325,327,329,331,333,339,341,343,345,347,367,369,371,375,385,387,389,391,396,398,403,405,407,409,411,413,415,417,419
3CSL,125,204,229,243,247,249,251,258,262,264,266,273,275,277,279,281,323,327,329,331,333,334,335,339,340,343,345,347,349,354,359,360,373,374,376,378,382,384,386,388,389,400,401,404,406,412,414,427,429,435,444,445,446,447,448,451,452,454,457,459,461,465,467,469,487,489,491,493,496,497,503,504,505,507,509,511,513,515,517,521,548,549,551,554,555,557,558,559,560,561,562,563,565,567,569,571,580,582,584,586,607,622,624,626,629,630,631,646,650,652,682,684,686,688,690,692,693,695,699,703,707,709,726,727,739,740,750,769,771,773,782,784,788,793,811,813,815,817,819,820,827,829,857,859,861,863,864
1QJP,7,9,11,13,15,35,39,41,43,45,46,49,51,53,55,57,60,72,73,74,75,77,79,83,85,86,93,95,97,98,99,101,102,103,104,106,107,113,114,115,116,117,118,119,121,123,125,129,131,132,135,137,139,141,143,144,162,164,166,168
1AF6,2,3,4,9,10,11,13,44,46,48,49,50,51,52,53,56,58,60,64,66,67,80,81,82,86,89,100,102,103,104,111,125,127,131,133,138,139,141,143,145,147,149,165,166,172,174,178,180,181,182,186,189,191,193,195,211,213,215,217,222,223,230,232,234,262,268,270,272,274,280,284,290,296,297,304,306,308,310,314,320,324,326,328,332,339,341,343,345,347,349,351,363,365,367,369,378,395,407,408,409,411,413,415,417,419,420
2J1N,2,3,4,5,6,9,10,11,13,17,19,21,23,32,36,38,40,41,43,44,45,50,55,56,58,60,72,73,76,78,80,81,82,88,90,126,131,132,134,143,144,145,147,149,180,184,186,187,188,191,193,195,197,201,217,219,221,223,225,227,228,232,234,238,240,242,255,257,259,263,265,271,273,275,277,281,283,292,293,296,298,300,304,305,310,312,314,316,318,338,340,342,344,345
1P4T,4,5,6,8,10,12,14,16,23,25,27,31,33,35,36,37,40,42,44,46,48,50,64,66,68,70,78,80,82,84,86,88,90,93,94,95,98,99,100,101,106,108,110,112,114,116,117,118,119,122,124,126,128,130,132,135,139,140,141,143,147,149,151,153,154
3PRN,2,3,4,5,10,12,14,15,25,26,27,31,33,35,37,39,46,47,49,51,53,55,71,72,73,75,78,80,82,131,133,135,136,137,138,142,143,144,146,148,164,166,168,170,171,175,177,179,181,183,196,198,200,208,210,212,214,224,226,230,231,232,235,237,239,241,243,253,255,257,259,260,261,262,265,266,267,271,279,283,285,286,287,288
1UYN,819,821,823,825,827,831,833,838,840,842,846,848,850,853,854,855,860,862,864,866,868,870,872,877,879,881,883,885,887,889,891,893,899,901,903,905,907,909,913,915,921,923,925,927,931,933,935,937,939,948,949,951,953,955,957,959,961,966,968,975,980,984,988,989,990,992,994,995,1002,1004,1006,1007,1008,1010,1041,1043,1045,1047,1051,1052,1053,1054,1057,1061,1063,1065,1074,1076,1078,1080,1082
2QDZ,65,67,114,117,118,119,120,122,123,126,128,130,132,135,137,144,145,185,187,189,190,191,192,200,202,204,206,207,212,213,215,217,230,232,233,236,247,250,251,252,254,266,268,270,276,279,280,281,283,284,285,287,291,308,310,312,313,314,316,318,319,326,328,330,332,333,334,336,338,340,349,350,351,352,353,354,356,358,360,362,371,375,377,379,403,407,409,410,411,412,413,414,415,418,419,422,426,428,430,472,474,476,478,487,489,491,493,495,497,505,507,511,513,515,517,522,523,524,526,528,530,545,546,550,551,552
3DZM,3,4,6,8,10,12,16,18,20,22,33,35,37,39,41,43,69,70,71,73,77,79,81,83,93,94,96,98,100,102,104,110,122,124,126,128,130,132,134,136,138,139,140,141,144,146,148,150,152,154,161,162,163,164,165,171,172,173,174,175,176,195,197,199,201,203,205,206
2O4V,3,4,10,11,12,13,18,19,20,21,28,29,30,31,35,37,39,41,43,54,56,58,63,65,69,73,74,75,76,77,79,98,100,109,110,149,151,153,156,157,163,167,169,171,172,173,181,183,185,187,189,191,192,193,194,197,199,201,203,205,207,209,256,261,263,265,267,269,272,276,278,280,284,293,297,299,301,303,313,318,332,334,336,342,344,361,363,365,367,369,371,379,383,385,387,389,399,401,403,405,407,409
2GUF,8,18,55,65,137,140,144,150,152,154,158,159,168,172,175,200,202,204,206,208,209,214,218,224,228,244,246,248,250,252,254,255,256,257,261,265,267,269,271,273,276,289,294,296,298,300,302,304,305,309,311,313,315,317,319,333,334,336,338,340,342,344,346,347,348,351,353,355,357,359,361,366,367,368,369,371,373,375,377,378,379,380,383,385,387,414,416,418,420,422,423,425,426,429,430,431,433,435,437,441,442,446,452,454,455,457,458,460,462,464,470,471,472,475,476,479,481,483,501,503,505,509,510,511,514,516,518,522,527,529,530,537,538,539,540,541,545,547,549,551,553,554,559,561,565,585,586,588,592,593
3BS0,48,50,52,54,56,58,66,68,80,82,84,86,90,93,95,97,99,104,106,108,131,132,139,141,143,151,155,159,183,217,219,223,225,227,228,235,239,240,244,245,249,251,263,264,265,267,271,281,283,285,287,288,293,294,297,299,301,316,323,334,336,338,340,342,343,350,352,354,356,376,378,380,384,391,392,394,396,398,400,401,402,403,404,405,417,423,427,429,431,433
3FHH,4,24,26,98,99,123,137,139,141,143,152,154,156,158,160,161,165,167,169,171,175,190,192,194,196,198,200,202,203,208,210,212,214,216,220,239,241,247,249,251,253,254,255,267,269,271,275,277,287,289,293,295,297,302,303,311,315,317,319,321,323,349,351,353,358,359,366,368,370,372,374,376,386,388,390,392,394,396,398,406,410,427,428,429,438,439,451,453,455,457,460,461,471,472,473,477,481,483,484,487,488,489,490,491,498,500,503,504,506,508,510,513,515,516,517,523,524,525,527,529,533,549,553,554,555,556,562,564,566,570,592,594,597,605,607,609,611,632,633,634,636,638
1QD6,33,34,40,42,44,71,73,75,76,77,78,79,87,88,92,98,109,114,116,118,120,122,123,125,126,127,128,131,134,135,138,140,142,158,160,162,165,166,169,171,173,175,177,179,195,197,199,201,203,208,210,214,223,225,227,229,231,232,235,237,239,241,243,245,255,257,259,261,263
1K24,9,10,12,14,16,18,30,32,34,36,38,42,48,50,52,54,56,58,88,89,90,92,94,96,98,99,100,101,102,103,107,108,110,112,114,116,120,124,129,131,135,137,141,145,148,149,150,153,155,157,159,161,163,165,166,168,170,183,185,189,193,197,199,200,201,205,207,209,211,225,227,231,232,234,243,245,247,249,251
1FEP,30,32,88,147,148,149,157,159,161,163,165,166,167,175,177,179,182,183,184,185,191,195,197,199,216,217,231,233,235,237,238,239,240,241,242,243,244,249,251,253,287,289,291,293,294,297,298,299,307,309,313,318,319,343,345,347,349,351,353,354,355,356,357,358,359,360,365,367,369,373,375,377,379,380,410,412,414,419,420,421,422,423,430,434,436,437,438,439,440,446,448,450,451,452,453,454,455,456,464,493,503,512,514,515,517,518,519,520,521,523,525,529,533,540,541,542,543,544,545,559,560,566,569,570,571,574,575,576,577,580,581,586,588,589,591,593,594,595,614,615,616,617,623,625,630,632,635,636,638,664,665,666,667,668,669,671,673,679,680,681,684
2VQI,149,150,152,154,156,158,159,160,166,168,170,183,184,191,194,195,196,201,202,203,204,205,206,207,208,211,213,214,215,216,224,226,227,228,242,244,246,248,269,279,280,289,294,296,297,309,314,326,340,342,344,347,348,360,364,365,366,367,378,380,381,385,387,389,391,393,394,395,401,403,405,407,409,411,412,413,417,419,421,423,425,427,429,439,441,443,445,446,447,473,475,477,478,479,480,481,482,483,490,492,496,497,498,499,500,508,509,510,511,512,513,514,515,517,518,519,524,528,530,531,532,533,534,535,537,541,542,543,545,546,547,548,549,552,556,560,561,562,563,565,567,571,572,573,574,575,576,577,580,586,588,589,592,593,594,595,596,598,604,605,607,608,609,611,617,619,620,623,625,632,633,634,635,636,637
3EFM,82,165,167,169,170,175,177,181,183,191,195,197,199,201,211,212,214,216,220,224,225,229,230,232,234,238,261,264,268,270,272,273,274,275,281,282,286,288,290,292,294,296,297,303,304,305,307,309,313,315,317,320,321,322,327,329,330,332,334,342,344,346,347,368,370,372,374,378,380,384,386,392,394,396,398,400,402,404,406,407,410,411,412,413,415,417,418,420,424,426,428,434,436,438,461,465,467,469,473,480,482,484,486,488,492,494,495,511,512,517,519,521,523,528,529,530,533,539,541,543,545,561,563,567,568,576,578,582,584,597,598,599,600,602,604,606,608,609,612,616,618,643,644,646,648,649,651
1QD5,33,34,40,42,44,71,73,75,76,77,78,79,87,88,92,98,109,114,116,118,120,122,123,125,126,127,128,131,134,135,138,140,142,158,160,162,165,166,169,171,173,175,177,179,195,197,199,201,203,208,210,214,223,225,227,229,231,232,235,237,239,241,243,245,255,257,259,261,263
