2POR,1,2,3,4,5,7,10,11,12,14,15,17,18,19,20,21,23,24,25,26,27,28,29,30,31,32,34,35,36,37,38,39,40,41,44,45,46,47,48,50,51,54,57,61,62,63,65,66,67,69,70,72,76,81,84,85,88,93,95,96,98,101,103,108,109,110,113,114,115,119,121,123,124,125,126,127,128,130,132,134,136,138,139,141,142,143,144,145,146,150,152,154,156,157,158,159,160,161,163,165,167,169,171,173,174,175,176,177,178,180,182,184,186,188,191,192,193,194,195,196,197,199,201,203,205,209,210,212,213,214,216,217,218,219,220,221,222,223,225,226,228,230,232,234,236,239,240,241,242,243,245,249,253,255,256,258,259,261,263,265,267,269,270,271,272,273,274,277,281,285,286,287,288,290,291,295,298,299,300,301
1THQ,7,8,9,10,11,12,13,14,15,17,18,19,20,21,23,25,27,29,30,31,32,33,35,36,37,48,49,51,53,55,57,60,62,63,71,75,77,78,79,80,81,82,85,89,91,93,94,95,96,97,98,99,100,101,103,105,107,111,115,116,117,118,119,120,121,123,125,127,129,131,133,135,136,138,142,145,146,147,148,149,151,153,157,159,161,162,163
1QFG,19,21,25,28,29,32,34,40,45,56,59,61,64,68,79,82,98,99,100,115,116,127,158,159,160,162,166,168,169,170,171,172,174,176,178,180,182,184,186,187,190,192,194,200,202,206,207,209,211,213,215,219,221,222,223,224,225,226,229,231,235,237,239,244,246,254,255,257,258,259,260,261,271,272,273,274,280,282,284,286,287,288,289,290,291,292,293,294,298,302,304,306,308,310,319,321,324,325,327,328,330,331,333,334,335,336,337,340,347,349,351,355,359,361,364,365,366,367,368,369,370,371,376,378,380,382,384,386,388,390,393,394,398,401,403,404,408,409,411,412,413,414,416,417,419,420,422,424,425,426,427,428,429,433,434,435,439,441,443,445,447,452,453,454,455,456,458,460,464,466,468,470,472,473,474,475,476,477,478,479,480,481,482,483,485,487,489,493,495,497,498,499,501,503,505,515,516,517,519,520,521,522,528,530,532,534,536,538,541,542,543,547,551,553,562,564,565,566,568,569,570,571,572,573,575,577,579,581,583,585,589,590,591,595,599,601,605,607,608,610,611,612,613,614,622,623,627,629,631,633,634,635,636,637,638,643,645,647,648,649,652,654,658,660,662,664,665,667,673,675,676,679,680,681,682,683,684,687,689,692,694,695,696,697,698,704,713,714,715,717,719,723,724,725
1KMO,81,82,83,85,87,88,91,93,94,95,99,108,110,111,113,153,155,165,166,190,218,221,222,223,225,227,229,231,233,235,236,238,240,241,242,244,248,250,253,254,255,256,257,258,260,262,268,274,277,283,285,288,289,291,292,293,294,295,297,298,301,303,307,316,317,318,320,321,322,324,325,327,329,330,332,334,336,338,340,342,344,346,348,349,350,351,352,354,356,357,358,360,368,372,373,374,381,383,385,387,389,391,393,395,396,397,398,399,406,408,410,419,421,423,425,426,427,428,429,431,432,433,435,436,437,438,441,445,447,449,451,454,456,457,458,459,460,462,464,466,468,470,472,474,476,478,479,480,481,482,483,484,485,487,489,491,493,495,497,499,501,502,503,505,507,521,524,527,528,530,531,532,533,536,538,540,542,544,546,547,548,549,551,552,555,557,559,561,563,567,571,572,573,574,575,576,580,582,584,586,589,590,591,592,593,596,597,598,599,600,601,602,603,606,608,610,612,620,621,622,624,625,626,627,633,634,638,640,642,643,645,646,647,649,651,654,658,664,666,667,668,669,671,672,677,679,680,682,684,688,690,691,692,693,694,695,696,698,699,700,701,703,708,709,711,712,718,719,721,723,731,733,735,738,739,740,741
1A0S,71,72,73,74,75,76,81,83,85,87,88,89,90,91,93,97,103,116,117,119,121,123,125,126,127,128,129,130,131,132,134,135,137,141,144,146,147,148,149,150,151,153,154,155,156,157,158,159,160,161,163,165,167,169,171,172,174,175,176,177,178,179,182,184,185,186,190,194,199,201,208,209,210,216,217,218,219,220,221,222,225,227,230,231,233,234,235,236,237,238,239,243,245,247,249,253,254,255,256,258,260,262,264,266,267,269,270,272,273,274,275,276,277,278,279,280,281,282,285,286,288,290,292,294,295,296,297,300,301,302,303,304,305,306,308,309,311,313,315,326,332,333,335,337,339,346,347,348,349,350,351,357,361,364,368,369,373,375,377,379,385,386,387,388,393,397,399,401,403,405,406,407,408,409,411,412,414,418,420,422,426,428,429,430,432,433,435,438,440,442,444,446,448,450,451,452,455,458,459,463,465,466,468,469,470,471,473,475,477,479,482,483
3EMN,1,2,3,6,8,9,12,15,19,20,26,27,28,29,30,31,32,34,35,36,37,39,41,42,44,45,49,50,51,52,53,54,55,57,58,60,62,63,64,65,66,67,71,73,74,75,76,77,78,79,81,83,85,87,88,89,90,91,92,93,95,96,97,99,103,105,106,107,108,109,110,113,114,115,116,117,118,119,120,121,122,123,125,126,127,128,131,132,133,134,136,138,139,142,144,146,147,148,149,151,153,155,157,158,159,160,162,163,164,165,169,171,173,174,175,176,177,178,180,182,185,186,187,188,189,190,194,196,197,198,199,200,201,202,203,206,207,208,210,212,213,214,215,216,217,218,219,221,225,226,227,228,229,230,233,235,237,238,239,240,241,242,243,245,247,249,251,252,253,254,255,256,257,259,264,265,266,267,268,269,270,271,272,274,275,277,279,280,281,282,283
3DWO,5,6,24,25,39,41,43,47,49,51,53,57,59,61,66,67,68,69,71,74,75,76,78,79,80,81,82,83,84,85,86,87,89,90,94,96,98,102,104,105,106,107,108,109,110,112,114,123,125,127,128,131,138,140,142,144,146,150,152,154,155,156,157,158,160,162,164,166,168,180,185,187,188,189,190,191,192,193,195,204,206,208,210,212,214,216,220,222,223,224,225,228,230,232,234,235,237,239,241,243,245,247,248,249,251,252,253,255,256,259,260,261,262,264,265,268,269,271,273,275,277,281,290,292,295,296,297,298,299,302,304,308,310,312,313,315,316,320,322,323,324,325,328,330,332,334,335,337,339,341,345,346,347,348,349,350,351,353,355,357,359,365,366,367,379,381,383,388,389,390,391,392,393,394,397,399,401,403,405,407,408,412,414,416,417,418,423,425,427,429,431,433,435,437,439,441,443,444
2WJR,2,3,5,7,9,11,14,16,18,20,22,24,25,26,27,28,30,31,34,36,38,39,40,41,42,53,55,57,59,61,63,64,65,66,67,68,69,71,72,73,75,79,81,82,83,86,88,90,92,94,95,97,98,99,100,102,104,106,108,110,112,114,115,116,118,119,120,121,122,124,128,130,134,136,137,138,139,140,141,142,144,146,147,148,150,152,154,155,156,158,162,163,164,165,168,171,173,174,175,176,177,178,179,180,181,183,185,187,189,192,195,196,197,198,199,201,203,205,207,209,213,214,215
2F1V,3,4,6,8,10,11,12,16,18,19,29,30,31,32,33,34,35,37,38,39,43,45,47,48,49,51,53,55,59,60,62,64,67,68,69,70,71,72,79,81,83,85,87,89,90,91,92,93,95,96,98,100,102,103,104,106,110,111,113,115,116,117,119,120,121,122,124,125,127,129,130,132,134,136,138,142,144,145,146,147,148,150,152,154,156,158,160,162,166,167,168,169,170,171,172,173,174,175,177,181,183,185,187,189,191,192
2ERV,1,3,5,7,9,11,12,13,15,17,19,21,23,24,25,26,27,29,30,31,32,33,34,36,41,45,47,49,50,51,52,53,55,56,58,60,62,66,70,71,72,73,74,75,76,77,79,81,83,85,87,89,91,92,95,101,102,104,106,108,110,112,113,114,115,116,118,120,122,126,130,131,132,133,134,135,137,142,144,146,148,149,150
1E54,2,3,4,5,6,10,12,14,16,18,21,22,23,24,25,26,27,28,29,39,41,42,44,45,46,47,48,49,50,51,52,55,56,57,62,63,64,65,66,68,69,70,71,72,73,74,77,79,81,84,85,87,88,90,91,99,103,108,109,119,120,123,125,127,130,132,135,136,138,140,144,145,146,148,152,154,156,158,159,160,161,162,163,164,166,169,170,172,176,178,179,180,181,182,183,185,187,189,191,193,197,199,204,206,208,210,212,213,214,215,216,217,218,219,223,225,227,229,230,231,232,233,234,235,237,241,243,245,247,248,249,250,251,252,254,255,257,259,265,266,267,268,270,272,274,276,278,280,282,283,284,285,288,290,292,294,296,298,299,300,302,306,308,309,312,313,314,316,317,318,319,320,322,324,326,328,330,332
1TLY,9,10,11,12,13,14,15,17,19,21,23,24,27,30,31,32,33,34,35,37,39,40,42,44,45,46,47,51,56,57,58,75,76,78,80,84,86,88,89,90,91,92,93,94,95,96,97,98,99,100,102,104,108,112,114,115,116,117,123,126,127,132,133,134,135,136,137,138,141,143,145,149,150,152,153,155,157,158,159,160,163,165,167,168,169,170,171,172,173,174,175,176,177,178,180,183,184,189,191,192,197,198,200,201,203,204,205,206,207,211,212,214,218,220,223,224,225,226,227,229,231,233,235,237,240,242,243,244,245,247,249,250,251,252,253,254,256,258,262,266,268,270,272,273,274,275
1I78,1,2,3,4,5,6,7,8,9,10,11,12,14,16,18,19,20,26,29,31,32,33,34,35,38,45,47,48,50,52,53,54,56,58,61,63,64,66,69,70,72,74,75,76,77,78,80,87,88,89,90,91,92,93,94,95,100,102,103,105,107,108,110,112,114,116,118,120,121,122,123,124,125,126,128,130,132,134,138,144,147,149,150,152,153,154,155,156,157,158,159,160,161,162,163,164,165,166,167,173,175,177,179,181,183,187,189,190,191,192,194,198,200,203,205,212,213,214,215,216,217,221,222,224,226,227,229,231,233,235,237,239,241,242,243,244,247,249,251,253,255,257,258,259,260,262,264,265,268,269,270,271,272,273,274,275,277,278,285,287,289,291,293,295,296,297
1QJ8,1,5,7,8,9,13,15,16,17,18,19,20,22,23,24,26,28,30,32,33,34,35,36,37,39,41,43,47,48,49,50,51,52,53,54,55,56,57,58,59,63,65,67,69,71,73,74,75,76,79,81,83,84,85,89,90,92,94,95,96,97,98,99,100,101,102,103,104,105,107,109,111,113,115,117,118,119,120,121,123,125,127,131,133,134,135,140,142,144,146,148
2F1C,4,5,6,7,8,10,12,13,14,16,17,18,19,28,29,32,34,35,36,40,41,42,43,44,45,47,49,51,52,55,56,57,58,61,62,64,65,69,71,73,75,77,78,79,80,81,82,83,85,87,89,91,97,99,100,101,102,103,104,105,106,108,112,114,116,117,118,119,120,121,122,123,124,125,126,128,131,134,136,138,139,140,142,143,145,146,151,157,159,160,161,162,163,164,165,167,168,169,171,175,177,179,180,181,182,184,185,186,187,191,193,197,200,201,202,203,204,205,206,208,210,211,212,214,215,216,217,218,219,232,236,238,239,240,242,243,244,245,246,248,250,252,253,254,256,258,259,260,267,268,269,270,272,274,276,278,280,281,282,283
3JTY,33,34,35,36,37,38,39,40,43,47,51,53,55,56,57,58,59,60,61,65,69,71,72,74,78,79,80,81,82,84,86,92,94,95,96,97,99,100,101,102,104,106,110,111,112,113,114,117,118,119,121,122,123,125,127,129,130,131,132,133,135,136,137,138,139,142,144,149,152,153,165,168,169,170,171,172,173,175,178,181,187,188,189,190,191,192,193,197,198,199,200,201,202,203,205,206,210,214,215,216,217,218,219,222,223,225,227,229,231,237,239,241,242,243,244,245,246,247,248,249,250,251,252,255,256,258,260,262,263,265,266,268,270,271,273,275,277,281,284,285,286,288,290,292,294,296,298,300,308,312,325,327,329,331,333,335,338,339,340,341,342,343,344,345,347,348,349,351,353,358,360,361,362,363,365,366,368,370,376,378,379,381,382,383,384,385,387,388,390,391,392,394,396,398,400,401,402,403,404,407,409,411,413,415,416,417,418,419
1T16,25,41,42,45,48,51,53,55,59,60,61,63,64,65,66,67,69,71,72,75,76,77,78,80,82,84,88,89,90,91,92,94,98,105,107,109,110,111,122,124,126,128,130,132,134,136,137,138,140,142,144,146,150,152,154,162,164,166,168,169,171,172,174,175,177,178,179,180,182,183,184,186,187,189,190,192,194,196,201,203,204,205,207,209,213,215,217,218,219,220,223,225,230,232,234,236,238,242,244,245,246,247,249,250,251,252,253,254,256,259,260,261,262,263,266,268,273,275,277,282,283,284,285,286,287,289,291,293,295,299,302,303,305,309,310,311,312,313,316,318,322,323,325,327,329,331,333,335,336,337,338,339,341,343,345,347,349,354,355,357,365,367,369,371,375,377,378,379,380,385,387,389,391,393,394,396,398,400,401,403,405,407,409,411,413,415,417,419,421,422,423,424,425,426,427
3CSL,113,115,118,119,121,125,129,130,157,178,186,188,189,204,214,229,234,235,238,239,240,241,242,243,247,249,251,253,257,258,262,264,266,268,269,270,273,275,277,279,281,284,286,289,290,291,292,295,300,301,302,303,304,306,307,310,314,315,316,321,323,327,329,331,333,334,335,336,337,338,339,340,343,345,347,349,354,357,359,360,361,362,363,364,365,366,367,368,372,373,374,376,378,382,384,386,388,389,393,394,395,396,397,399,400,401,404,406,412,414,416,417,418,419,420,421,422,423,424,425,427,429,435,444,445,446,447,448,449,451,452,454,457,459,461,465,467,469,471,472,473,474,476,481,487,489,491,493,496,497,498,499,500,503,504,505,507,509,511,513,515,517,521,527,528,529,530,531,533,534,535,536,539,541,542,543,544,545,547,548,549,551,552,553,554,555,557,558,559,560,561,562,563,565,567,569,571,573,574,575,576,577,580,582,584,586,599,602,603,604,605,606,607,613,615,622,624,626,629,630,631,632,633,634,635,636,637,646,650,652,653,660,667,668,669,670,671,680,682,684,686,688,690,692,693,695,698,699,703,707,709,710,711,713,717,721,723,726,727,729,730,731,732,733,735,739,740,742,743,746,747,748,750,751,752,769,771,773,774,775,776,777,778,779,780,782,784,788,790,791,793,795,796,798,800,801,809,811,813,815,817,819,820,821,822,823,827,829,834,835,837,855,857,859,861,863,864,865
1QJP,1,3,4,5,7,9,11,13,15,17,31,32,33,35,39,41,43,45,46,47,48,49,51,53,55,57,60,61,62,63,71,72,73,74,75,77,79,83,85,86,87,88,89,90,93,95,97,98,99,101,102,103,104,106,107,108,109,110,111,112,113,114,115,116,117,118,119,121,123,125,129,131,132,133,134,135,137,139,141,143,144,145,160,162,164,166,168,170,171
1AF6,1,2,3,4,9,10,11,13,15,16,17,18,19,21,22,24,29,38,39,44,46,48,49,50,51,52,53,54,55,56,58,60,64,66,67,69,71,72,73,74,75,76,77,78,79,80,81,82,86,89,90,91,92,93,94,96,97,100,102,103,104,108,109,111,116,125,127,131,133,134,135,136,138,139,141,143,145,147,149,154,155,156,158,159,161,162,164,165,166,172,174,178,180,181,182,183,184,186,189,191,193,195,197,198,199,200,201,203,206,207,210,211,213,215,217,222,223,224,225,230,232,234,237,248,256,257,258,259,262,263,268,270,272,274,280,281,282,283,284,290,296,297,298,299,300,304,306,308,310,314,316,317,318,319,320,324,326,328,332,334,335,336,337,338,339,341,343,345,347,349,351,353,354,355,358,361,363,365,367,369,375,378,380,381,382,385,386,388,392,395,397,398,399,400,401,402,404,405,406,407,408,409,411,413,415,417,419,420,421
2J1N,1,2,3,4,5,6,7,8,9,10,11,13,17,19,21,23,25,27,28,29,30,32,36,38,40,41,43,44,45,46,47,48,49,50,55,56,58,60,62,63,64,65,66,67,68,69,70,72,73,76,78,80,81,82,83,84,85,88,90,105,106,109,113,126,131,132,134,135,136,137,138,139,140,141,143,144,145,147,149,151,152,157,158,159,160,161,162,163,164,165,167,168,171,174,178,180,184,186,187,188,189,191,193,195,197,201,204,207,208,209,210,211,214,216,217,219,221,223,225,227,228,230,231,232,234,238,240,242,248,249,254,255,257,259,263,265,267,268,269,271,273,275,277,281,283,284,286,287,288,290,291,292,293,296,298,300,304,305,306,307,308,309,310,312,314,316,318,320,322,323,324,325,328,329,331,335,336,338,340,342,344,345,346
1P4T,1,2,3,4,5,6,8,10,12,14,16,20,21,22,23,25,27,29,31,33,35,36,37,38,39,40,42,44,46,48,50,52,53,54,55,56,57,58,59,64,66,68,70,72,73,74,75,76,77,78,80,82,84,86,88,90,93,94,95,96,97,98,99,100,101,103,104,106,108,110,112,114,116,117,118,119,120,121,122,124,126,128,130,132,135,137,138,139,140,141,143,147,149,151,153,154,155
3PRN,1,2,3,4,5,10,12,14,15,16,17,18,19,20,21,22,23,24,25,26,27,31,33,35,37,39,40,41,42,43,44,45,46,47,49,51,53,55,57,58,59,60,61,62,63,64,65,66,68,69,71,72,73,75,76,77,78,80,82,86,90,91,93,96,97,104,105,111,113,118,120,121,122,123,124,125,126,127,128,129,131,133,135,136,137,138,139,140,141,142,143,144,146,148,152,153,154,155,156,157,158,159,160,162,164,166,168,170,171,172,173,174,175,177,179,181,183,184,188,189,190,192,196,198,200,201,202,203,204,208,210,212,214,216,217,218,219,221,222,224,226,230,231,232,233,234,235,237,239,241,243,245,246,247,248,250,251,253,255,257,259,260,261,262,263,264,265,266,267,271,276,277,278,279,283,285,286,287,288,289
1UYN,786,788,806,814,816,817,818,819,821,823,825,827,831,833,835,836,838,840,842,846,848,850,853,854,855,856,857,860,862,864,866,868,870,872,874,875,877,879,881,883,885,887,889,891,893,894,895,896,899,901,903,905,907,909,913,915,916,917,918,919,920,921,923,925,927,931,933,935,937,939,940,941,942,946,947,948,949,951,953,955,957,959,961,963,964,966,968,969,971,972,973,974,975,977,978,980,984,988,989,990,992,994,995,996,997,998,1002,1004,1006,1007,1008,1010,1012,1013,1014,1015,1016,1018,1020,1021,1039,1040,1041,1043,1045,1047,1051,1052,1053,1054,1055,1056,1057,1061,1063,1065,1069,1070,1074,1076,1078,1080,1082,1084
2QDZ,3,4,5,7,9,14,16,18,22,23,26,29,30,53,54,57,58,59,60,61,63,65,67,69,70,72,73,74,75,77,79,80,82,83,85,86,87,88,90,91,92,95,96,99,103,106,107,108,112,114,117,118,119,120,122,123,124,126,128,130,132,135,137,142,143,144,145,147,148,149,150,152,153,156,160,161,163,164,165,169,170,173,176,177,180,182,185,187,189,190,191,192,194,195,196,197,200,202,204,206,207,208,209,210,211,212,213,215,217,220,221,222,223,224,225,226,227,230,232,233,236,241,242,247,250,251,252,254,256,258,259,260,261,262,266,268,270,276,278,279,280,281,283,284,285,287,291,293,294,295,296,297,298,299,300,301,302,308,310,312,313,314,316,318,319,322,323,326,328,330,332,333,334,336,338,340,341,343,345,346,347,348,349,350,351,352,353,354,356,358,360,362,366,367,368,371,375,377,379,381,382,383,398,399,403,407,409,410,411,412,413,414,415,416,417,418,419,422,426,428,430,432,435,436,444,449,450,451,464,465,466,472,474,476,478,481,482,483,484,485,487,489,491,493,495,497,499,500,501,502,503,504,505,507,511,513,515,517,519,520,521,522,523,524,526,528,530,532,533,534,535,536,537,538,539,540,541,542,543,544,545,546,550,551,552,554
3DZM,0,1,2,3,4,6,8,10,12,14,16,18,20,22,26,27,29,30,31,33,35,37,39,41,43,45,48,49,50,52,53,54,55,56,57,61,62,64,65,67,69,70,71,73,77,79,81,83,85,86,87,88,89,90,91,92,93,94,96,98,100,102,104,110,112,113,114,115,116,117,118,122,124,126,128,130,132,134,136,138,139,140,141,142,143,144,146,148,150,152,154,156,157,159,161,162,163,164,165,166,167,168,169,170,171,172,173,174,175,176,177,178,179,180,181,182,184,185,187,188,191,194,195,197,199,201,203,205,206,207
2O4V,1,2,3,4,5,6,7,8,9,10,11,12,13,14,15,16,18,19,20,21,23,24,25,26,27,28,29,30,31,35,37,39,41,43,48,49,51,52,54,56,58,63,65,69,70,71,73,74,75,76,77,79,81,83,86,87,88,89,90,98,100,102,103,104,105,106,109,110,114,138,141,147,149,151,153,156,157,158,159,160,163,167,169,171,172,173,174,175,176,177,178,181,183,185,187,189,191,192,193,194,195,197,199,201,203,205,207,209,211,212,214,216,218,220,229,231,232,233,234,235,237,238,242,244,249,250,251,252,256,261,263,265,267,269,270,272,276,278,280,284,287,288,290,291,293,297,299,301,303,305,306,307,309,313,315,318,323,325,326,327,328,329,332,334,336,342,344,346,347,348,349,350,351,352,353,354,356,357,358,359,361,363,365,367,369,371,374,375,379,383,385,387,389,390,394,395,396,397,398,399,401,403,405,407,409,411
2GUF,2,4,5,6,8,10,16,18,20,32,40,41,55,56,63,64,65,90,91,94,97,132,133,134,135,136,137,140,144,147,148,150,152,154,158,159,160,161,162,163,168,172,175,176,195,200,202,204,206,208,209,210,211,212,214,218,224,228,229,241,244,246,248,250,252,254,255,256,257,259,260,261,265,267,269,271,273,276,278,279,280,281,283,284,285,286,287,289,294,296,298,300,302,304,305,306,307,308,309,311,313,315,317,319,324,325,326,327,328,329,330,331,333,334,336,338,340,342,344,346,347,348,349,350,351,353,355,357,359,361,363,364,366,367,368,369,371,373,375,377,378,379,380,381,382,383,385,387,402,404,405,407,408,409,411,414,416,418,420,422,423,425,426,427,428,429,430,431,433,435,437,441,442,446,448,449,450,451,452,454,455,457,458,460,462,464,470,471,472,473,474,475,476,479,481,483,490,491,492,493,500,501,503,505,509,510,511,512,513,514,516,518,522,525,527,529,530,531,532,533,534,535,536,537,538,539,540,541,542,543,545,547,549,551,553,554,555,556,557,558,559,561,565,568,569,570,571,572,573,582,584,585,586,588,592,593,594
3BS0,5,39,41,42,48,50,52,54,56,58,62,63,64,65,66,68,70,71,77,78,79,80,82,84,86,90,91,92,93,95,97,99,104,106,108,110,112,117,119,120,121,122,123,125,127,131,132,139,141,143,145,146,147,148,149,151,155,157,159,171,172,174,175,177,178,179,180,181,183,184,185,187,188,189,191,192,193,195,196,205,206,207,208,209,210,211,217,219,223,225,227,228,229,230,231,232,235,239,240,241,242,244,245,246,247,249,251,259,260,261,262,263,264,265,267,271,273,274,275,276,277,281,283,285,287,288,289,290,291,292,293,294,297,299,301,303,304,305,306,308,309,312,316,318,319,323,325,326,327,329,330,331,332,334,336,338,340,342,343,344,345,346,347,350,352,354,356,358,365,366,367,370,372,373,375,376,378,380,384,386,387,388,391,392,394,396,398,400,401,402,403,404,405,406,413,414,415,417,423,427,429,431,433,434,435,436
3FHH,1,2,3,4,6,12,17,24,26,28,31,43,44,68,69,77,81,85,86,98,99,123,128,129,130,132,133,134,135,136,137,139,141,143,147,150,152,154,156,158,160,161,162,163,164,165,167,169,171,175,178,180,183,184,185,186,190,192,194,196,198,200,202,203,204,205,206,208,210,212,214,216,220,229,231,232,234,235,236,238,239,241,247,249,251,253,254,255,257,258,259,260,261,262,263,264,267,269,271,275,277,279,286,287,289,293,295,297,302,303,304,305,306,307,308,311,315,317,319,321,323,326,327,338,339,340,343,349,351,353,358,359,360,361,362,363,366,368,370,372,374,376,380,381,382,383,384,386,388,390,392,394,396,398,400,401,402,403,406,410,425,427,428,429,430,431,432,433,434,436,438,439,440,443,444,446,451,453,455,457,460,461,462,463,464,465,466,467,468,469,471,472,473,477,481,483,484,487,488,489,490,491,492,493,494,498,500,503,504,506,508,510,513,515,516,517,519,520,521,523,524,525,527,529,533,535,536,537,538,539,540,542,549,553,554,555,556,557,558,559,560,562,564,566,570,572,573,575,577,578,582,583,585,586,592,594,597,599,600,601,602,603,604,605,607,609,611,615,616,617,618,620,623,624,628,630,632,633,634,636,638,640
1QD6,30,31,32,33,34,35,40,42,44,46,47,50,51,54,55,57,60,61,63,64,71,73,75,76,77,78,79,80,81,82,83,84,85,87,88,92,98,100,103,104,105,106,109,114,116,118,120,122,123,125,126,127,128,129,130,131,134,135,138,140,142,146,147,148,149,150,158,160,162,165,166,167,168,169,171,173,175,177,179,180,181,183,184,186,187,190,194,195,197,199,201,203,204,205,208,210,214,216,217,218,219,220,223,225,227,229,231,232,233,234,235,237,239,241,243,245,253,255,257,259,261,263,265,266,268,269
1K24,5,6,7,8,9,10,12,14,16,18,22,23,24,25,26,27,28,29,30,32,34,36,38,42,44,45,46,47,48,50,52,54,56,58,60,62,63,64,65,67,69,73,74,75,76,77,78,79,80,83,87,88,89,90,92,94,96,98,99,100,101,102,103,104,105,107,108,110,112,114,116,120,124,126,127,129,131,135,137,141,145,148,149,150,151,152,153,155,157,159,161,163,165,166,168,170,172,174,175,177,179,180,181,183,185,187,189,193,197,199,200,201,202,203,204,205,207,209,211,219,220,222,223,225,227,229,230,231,232,234,236,239,243,245,247,249,251,253
1FEP,11,12,13,14,16,20,23,24,30,32,34,35,37,39,47,51,62,88,98,101,102,106,120,121,133,135,147,148,149,150,151,152,153,154,157,159,161,163,165,166,167,168,171,173,175,177,179,182,183,184,185,186,187,191,195,197,199,203,204,207,208,209,210,212,215,216,217,218,219,226,229,231,233,235,237,238,239,240,241,242,243,244,247,249,251,253,264,268,269,270,272,274,275,277,278,279,280,283,287,289,291,293,294,297,298,299,302,307,309,313,318,319,320,321,322,323,335,336,337,338,343,345,347,349,351,353,354,355,356,357,358,359,360,365,367,369,373,375,377,379,380,381,383,401,403,404,406,408,410,412,414,419,420,421,422,423,428,430,434,436,437,438,439,440,442,444,446,448,450,451,452,453,454,455,456,458,462,464,476,477,479,481,482,483,484,485,493,497,500,501,503,508,512,514,515,517,518,519,520,521,523,525,527,529,533,540,541,542,543,544,545,546,547,548,549,551,552,556,559,560,566,569,570,571,574,575,576,577,580,581,584,586,588,589,591,593,594,595,604,605,607,611,612,613,614,615,616,617,623,625,627,630,632,635,636,638,639,640,641,642,644,645,646,648,649,650,652,653,655,659,661,663,664,665,666,667,668,669,671,673,676,678,679,680,681,684,688,692,693,694,695,696,697,698,699,707,714,716,720,722,723,724
2VQI,146,149,150,152,154,156,158,159,160,161,162,166,168,170,177,178,180,181,182,183,184,191,194,195,196,197,198,199,200,201,202,203,204,205,206,207,208,211,213,214,215,216,218,219,220,221,223,224,226,227,228,232,237,242,244,246,248,253,256,258,263,269,279,280,282,289,292,294,296,297,299,300,301,304,307,309,314,315,317,319,326,332,333,334,335,336,338,340,342,344,347,348,353,356,358,360,364,365,366,367,368,369,370,372,378,380,381,383,385,387,389,391,393,394,395,396,399,401,403,405,407,409,411,412,413,414,415,417,419,421,423,425,427,429,430,435,439,441,443,445,446,447,458,459,460,461,462,463,464,465,468,469,471,473,475,477,478,479,480,481,482,483,486,487,490,492,496,497,498,499,500,504,506,508,509,510,511,512,513,514,515,517,518,519,524,528,530,531,532,533,534,535,537,539,541,542,543,545,546,547,548,549,552,554,556,560,561,562,563,565,567,569,571,572,573,574,575,576,577,580,582,584,586,588,589,592,593,594,595,596,598,602,604,605,607,608,609,611,615,617,619,620,623,625,627,632,633,634,635,636,637
3EFM,21,22,23,24,25,27,28,29,30,35,38,42,44,46,72,82,85,86,87,88,89,90,112,113,116,121,156,158,159,160,161,165,167,169,170,172,173,175,177,181,183,185,187,188,190,191,195,197,199,201,203,209,210,211,212,214,216,220,224,225,226,227,229,230,232,234,238,242,243,257,258,259,260,261,264,268,270,272,273,274,275,276,277,278,279,280,281,282,286,288,290,292,294,296,297,298,301,303,304,305,307,309,313,315,317,320,321,322,324,325,327,329,330,332,334,342,344,346,347,348,364,365,367,368,370,372,374,378,380,384,386,388,389,392,394,396,398,400,402,404,406,407,408,409,410,411,412,413,415,417,418,420,424,426,428,430,431,432,433,434,436,438,448,450,451,452,453,455,458,461,465,467,469,473,474,475,476,477,480,482,484,486,488,491,492,494,495,496,497,498,499,500,503,504,505,506,507,508,511,512,514,517,519,521,523,528,529,530,531,532,533,539,541,543,545,546,547,548,549,550,551,552,553,555,558,561,563,567,568,570,571,572,573,574,575,576,578,582,584,588,594,595,596,597,598,599,600,602,604,606,608,609,610,611,612,616,618,620,621,642,643,644,646,648,649,651,652
