1A0S,111,407,396,244,119,370,365,161,360,188,236,146,208,329,107,315,288,80,372,452,116,340,281,289,415,356,444,322,279,450,248,470,404,202,398,229,108,284,89,98,267,245,336,147,276,406,237,378,275,206,456,457,454,235,273,280,286,409,113,274,117,408,445,459,266,401,285,397,326,102,203,451,81,148,318,230,109,320,331,99,414,338,330,205,227,377,473,337,363,118,110,466,114,465,246,290,283,82,204,262,376,231,100,373,403,367,335,239,374,282,83,421,291,228,416,405,418,333,332,394,149,467,371,402,278,141,287,162,115,471,412,420,462,101,157,240,410,232,469,334,277,364,443,259,447,400,84,90,93,292,271,395,94,369,321,88,150,153,264,477,453,207,142,198,375,158,241,268,103,316,260,468,85,399,154,361,143,449,233,455,186,463,341,411,151,323,358,269,313,317,272,242,209,478,199,448,234,159,265,155,261,362,368,104,95,327,311,86,144,474,458,413,475,91,312,366,328,238,187,359,460,243,247,96,310,339,200,145,197,156,106,160,476,105,112,270,472,464,357,314,461,446,92,319,422,87,97,263,324,379,419,152,417,201,325
1UYN,961,880,918,981,801,1076,831,791,1008,919,978,909,962,1077,970,982,792,1068,832,886,882,1020,910,963,1063,986,863,1065,935,804,974,883,984,793,921,833,911,830,964,794,864,903,925,798,824,884,912,788,1070,795,1016,975,865,834,805,902,904,932,825,796,866,980,976,837,786,987,905,797,826,968,965,967,787,836,988,979,868,807,827,913,887,915,881,989,922,808,972,799,906,789,838,869,1064,969,927,926,1006,790,1012,870,908,839,835,907,923,928,1011,840,871,929,959,885,1021,953,916,1071,841,930,924,973,954,828,872,957,1039,1067,842,955,802,1040,931,873,985,920,1014,960,956,977,983,843,1041,874,966,803,844,1017,1042,933,875,845,971,1007,800,876,934,1043,846,958,1046,877,1010,1073,917,1066,806,1069,1013,1009,847,1044,878,914,1018,1074,829,1045,848,1072,879,1019,1015,1075,867
2QDZ,401,432,8,17,472,355,526,457,499,501,405,344,9,334,308,474,433,303,11,18,289,466,462,378,352,507,510,534,10,309,434,286,470,19,307,455,426,529,310,540,475,435,463,527,431,427,12,503,311,538,436,3,428,381,508,312,222,13,229,459,298,445,541,437,332,4,471,429,512,313,476,304,458,331,402,14,438,530,5,467,335,430,460,406,465,403,358,15,548,509,6,439,495,473,502,16,444,461,7,493,542,284,490,253,262,539,225,343,546,254,234,353,269,350,290,226,346,263,223,400,442,511,255,382,216,383,345,379,544,299,227,492,264,291,498,217,443,300,496,256,535,265,537,398,506,228,500,504,337,218,464,292,376,399,301,375,356,340,266,347,348,257,338,219,293,354,357,531,230,302,306,497,267,533,220,285,258,339,330,536,513,468,349,221,261,268,545,231,505,295,359,440,441,294,259,251,287,532,341,351,342,377,380,232,456,469,288,296,305,549,543,260,491,333,446,252,224,494,297,270,528,336,233,404,547
2F1V,59,78,30,106,38,68,31,167,60,171,162,69,107,61,70,32,161,80,108,174,164,33,62,81,109,72,121,183,34,134,82,63,175,73,35,165,125,83,166,112,176,74,36,84,102,177,75,65,37,103,56,179,76,168,104,135,66,57,169,113,122,79,67,105,170,114,129,39,19,119,133,180,40,127,115,153,110,182,41,126,154,116,136,13,77,137,117,172,128,15,163,118,156,16,58,173,181,184,157,159,178,120,64,185,12,11,29,158,130,155,131,18,55,132,17,14,123,160,111,71,124
1QJ8,104,141,132,49,58,105,142,50,41,60,106,42,43,51,9,107,61,126,135,52,127,108,53,44,25,109,46,81,54,63,7,82,55,8,110,138,129,83,56,64,59,111,139,62,65,84,130,57,140,96,10,66,48,11,86,21,67,87,12,136,68,22,47,133,13,23,88,97,24,89,14,98,15,90,85,99,16,26,91,17,100,131,92,18,128,101,137,93,19,102,94,20,103,95,45,134
3EFM,83,238,73,196,177,643,444,84,178,545,169,536,335,85,198,240,170,75,546,86,336,76,538,241,547,172,334,337,87,539,544,548,88,78,201,127,173,645,540,603,89,339,257,340,202,454,174,233,80,551,203,90,81,542,175,209,341,82,91,580,176,239,242,543,395,376,563,396,377,564,378,109,379,398,285,380,456,399,234,381,400,235,401,236,537,113,119,402,237,199,260,269,295,343,404,451,296,261,270,602,368,344,620,405,297,369,345,406,263,298,554,346,407,264,371,372,265,486,347,408,302,599,61,266,348,303,373,642,409,267,77,364,304,268,100,365,168,200,411,600,375,394,305,286,366,555,315,306,287,307,616,288,338,517,308,42,145,289,309,549,617,290,310,104,243,291,311,292,556,618,312,40,293,313,79,65,294,314,518,333,597,588,403,585,541,150,447,594,557,586,57,258,367,595,51,587,438,72,647,596,67,56,457,552,420,121,458,646,421,459,422,55,460,423,582,461,510,152,259,53,424,462,215,262,54,41,463,553,39,558,464,210,465,52,601,92,139,412,111,120,581,102,142,439,151,140,93,448,112,413,440,370,103,94,141,449,122,522,74,414,95,123,450,441,114,153,62,621,143,415,442,583,154,115,124,144,97,443,416,106,116,98,146,136,453,584,171,117,96,108,147,197,418,598,445,455,425,148,301,118,419,105,446,149,110,101,374,561,466,129,644,515,505,211,495,342,516,467,130,506,212,496,64,487,468,131,507,497,488,213,417,397,132,508,498,519,66,489,214,499,125,133,63,509,520,500,490,134,619,99,452,481,68,559,501,511,491,482,216,69,135,560,138,502,483,492,512,70,562,523,217,484,503,137,167,550,513,493,71,504,521,524,126,485,514,494,218,410,107
3EMN,219,109,54,165,263,25,44,276,26,55,166,45,186,127,213,277,46,211,27,56,167,8,183,74,47,28,168,112,215,48,58,270,75,113,244,169,216,49,275,19,188,207,57,114,217,76,50,189,153,218,264,77,51,190,238,128,209,78,278,29,52,212,210,221,191,222,79,53,154,115,155,110,192,99,240,80,193,137,156,260,241,268,81,138,100,261,157,242,206,82,139,101,274,18,272,158,130,184,102,140,243,269,129,271,159,103,208,131,141,236,245,235,160,273,185,265,104,132,15,246,161,266,182,170,111,105,133,237,259,22,214,162,267,220,106,262,134,163,187,83,23,107,135,239,24,136,164,108
1THQ,122,154,29,111,79,82,48,116,52,120,148,30,34,124,112,156,53,146,119,49,125,117,35,121,31,54,72,113,73,150,75,85,145,81,127,77,110,144,108,151,50,32,155,114,27,80,86,71,84,142,78,147,153,109,51,140,83,74,152,123,28,115,76,149,36,141,37,33,126,143,118
2WJR,120,155,86,201,77,121,40,169,130,147,117,156,78,87,122,198,41,165,148,88,131,123,124,42,149,89,132,166,53,80,202,167,157,90,54,151,203,168,196,150,199,82,55,204,164,160,152,159,208,83,56,127,161,205,153,190,84,170,118,128,57,162,171,85,154,20,58,129,114,13,35,112,14,125,105,188,113,5,206,191,15,209,106,6,16,187,192,210,200,34,107,7,115,197,17,116,193,185,8,108,9,18,194,186,36,195,19,109,12,37,10,207,126,79,74,110,81,189,38,75,11,163,158,119,39,21,76,111
3BS0,103,60,397,31,248,107,181,212,213,278,422,104,191,315,203,367,416,32,61,301,177,163,216,424,239,283,377,243,319,199,204,426,321,123,125,402,365,62,183,188,255,260,170,154,353,403,307,205,269,126,303,223,254,63,184,220,159,417,311,155,323,79,206,373,265,108,195,256,263,127,189,64,98,211,186,324,209,366,218,257,65,99,419,378,414,128,11,268,168,157,187,326,165,66,28,174,258,208,100,249,129,110,396,158,354,420,259,67,423,111,273,130,327,101,421,171,242,68,221,210,337,112,415,131,406,83,190,305,247,102,246,261,30,267,299,124,69,368,356,252,251,418,113,160,19,156,105,279,132,10,425,240,70,182,399,114,161,51,193,336,357,314,133,333,71,335,400,298,379,118,162,358,52,115,172,179,77,309,274,308,374,271,13,370,192,78,372,302,116,219,135,185,173,275,109,207,355,14,375,164,250,317,54,215,117,313,253,136,5,49,196,137,401,276,55,320,175,398,194,238,15,318,304,80,217,272,312,197,376,6,84,176,56,16,369,277,322,166,334,119,371,198,106,330,138,270,264,7,300,17,241,57,325,82,167,427,316,120,139,18,328,306,200,405,178,8,413,58,262,282,53,214,121,201,281,338,9,244,329,280,266,395,134,81,122,59,202,169,222,331,380,332,50,245,404,180
1QD6,46,155,187,93,70,65,257,47,246,184,94,156,66,248,48,193,256,157,49,239,211,249,215,260,96,50,158,250,97,261,69,159,226,241,220,68,259,251,225,221,262,242,52,98,188,240,191,252,53,59,218,71,44,213,99,54,253,244,105,55,255,100,254,112,145,217,110,56,216,181,101,197,146,57,182,111,102,147,210,258,219,174,183,192,109,103,58,148,40,139,51,175,104,113,214,212,149,140,194,41,176,185,223,114,222,150,60,42,141,186,195,106,245,151,177,154,115,61,142,107,43,152,196,116,62,178,108,153,243,180,247,63,117,143,179,95,189,144,45,92,224,118,64,190,67
1E54,98,233,205,137,20,70,11,234,99,270,108,242,264,138,206,21,327,314,12,230,109,208,175,312,22,187,207,236,297,13,263,313,23,307,266,294,291,188,226,237,24,17,111,325,30,276,301,102,324,192,315,14,112,156,209,295,275,15,318,222,277,190,316,153,113,304,16,311,26,239,320,191,152,114,64,273,221,269,261,300,229,240,27,115,317,105,241,308,267,298,166,18,154,162,223,193,159,116,271,319,19,322,29,224,272,194,302,110,117,135,292,60,127,25,165,118,71,195,225,128,61,31,198,196,305,119,72,129,62,326,167,197,244,28,91,157,227,73,130,120,262,92,160,274,63,34,238,199,32,228,235,169,131,121,74,268,93,158,170,132,309,323,65,36,75,204,201,189,94,306,122,299,171,265,66,161,202,123,164,95,133,76,67,260,174,134,124,172,155,203,96,243,231,257,68,168,125,259,77,293,200,258,163,321,173,97,296,69,303,232,59,107,136,37,33,126,290,310,101
1TLY,233,143,234,20,38,187,254,144,235,21,251,188,116,146,22,145,198,151,189,117,106,161,236,203,118,190,24,147,119,166,216,191,267,252,239,25,148,120,264,115,238,263,26,192,214,242,149,121,193,265,258,261,27,122,240,194,200,150,241,30,123,186,244,19,28,195,215,206,260,54,29,80,196,249,55,207,124,152,107,197,262,243,56,208,162,108,125,153,57,163,53,209,237,154,126,199,32,58,246,109,245,155,255,164,210,75,217,33,201,211,256,218,76,165,34,157,31,202,111,212,257,77,250,35,248,79,158,247,112,213,36,204,78,159,37,253,113,232,259,266,205,110,114,160,156,23
1I78,281,55,37,260,157,234,231,28,211,275,46,75,199,203,148,212,252,257,38,76,225,19,287,158,230,29,47,20,77,150,204,159,205,30,202,114,48,213,217,21,97,259,250,40,78,160,133,214,39,112,141,49,31,220,136,79,265,69,134,232,206,152,50,80,115,23,229,70,32,143,233,263,42,278,207,139,51,24,71,135,33,144,201,262,163,208,43,145,22,52,154,25,82,34,218,41,176,72,44,164,200,53,142,26,276,155,83,146,137,35,73,251,210,156,147,289,54,36,84,45,68,226,284,110,107,149,166,94,161,103,85,167,274,285,227,95,221,174,104,86,168,267,279,113,286,177,105,283,198,253,96,268,169,258,87,235,131,151,178,216,106,165,170,223,269,88,162,140,256,179,98,224,254,171,173,261,270,89,255,219,180,153,172,108,99,27,197,90,271,18,100,138,290,280,181,91,228,109,288,222,264,272,291,81,101,182,92,16,74,273,277,209,111,93,266,102,215,17,175,282,132
3JTY,265,229,410,145,117,55,326,238,97,268,68,123,304,306,155,370,118,319,146,333,315,372,69,98,156,305,51,232,119,183,147,99,296,138,357,355,189,353,164,70,100,52,395,310,120,91,148,314,211,139,294,269,297,158,327,101,307,149,335,53,108,121,374,301,298,102,362,278,159,270,271,50,122,141,54,161,188,234,398,150,103,274,160,412,190,414,140,300,257,226,104,151,330,263,320,354,291,142,411,199,105,323,273,152,292,318,56,324,124,321,358,311,187,236,143,106,208,302,125,192,57,312,233,184,153,367,359,364,144,228,406,393,313,126,154,275,58,392,227,112,352,360,202,394,401,194,317,193,59,316,280,279,203,369,365,276,361,266,191,373,43,413,109,60,368,204,89,277,67,399,328,239,356,61,322,351,110,205,371,44,404,259,90,409,225,196,62,235,111,162,206,185,177,350,45,260,240,63,375,363,197,396,178,92,405,299,231,207,46,179,64,303,376,261,258,366,198,113,237,93,281,262,295,332,180,47,391,65,293,403,402,195,325,114,267,107,94,408,331,209,230,115,181,163,200,48,334,95,66,397,272,157,309,201,264,308,407,210,256,116,329,400,182,96,49,186
1T16,263,386,117,397,20,50,237,110,31,205,269,232,367,108,293,1,70,275,326,147,51,347,32,395,113,189,229,152,71,301,233,323,148,308,109,255,81,167,368,3,362,399,52,322,363,72,79,234,149,168,312,247,121,82,196,241,259,188,262,208,272,4,73,53,150,260,400,122,111,307,357,327,253,305,364,328,54,356,5,345,402,311,235,170,250,112,324,236,151,401,156,75,55,198,359,6,171,125,344,124,118,178,231,245,76,209,365,394,242,211,7,238,251,56,105,309,114,297,153,246,358,77,413,274,47,190,403,398,348,115,8,154,316,78,257,48,80,407,116,355,296,200,58,166,370,49,199,97,127,244,9,388,412,240,415,185,315,57,119,59,98,175,10,128,186,173,392,74,176,270,261,60,192,271,99,268,187,351,177,129,303,61,360,306,126,248,319,352,410,12,100,204,123,317,157,256,62,239,391,13,404,353,258,158,227,101,273,130,299,172,226,396,63,179,321,169,349,264,14,291,106,102,120,159,225,354,64,278,15,164,265,266,180,406,191,294,310,160,329,405,65,165,343,201,411,206,103,318,174,161,16,366,66,228,393,104,292,302,350,387,202,210,182,17,252,267,162,408,193,243,298,203,276,369,67,361,346,314,144,249,313,2,183,194,325,163,389,230,155,18,68,277,300,295,254,184,145,390,414,146,207,320,195,371,304,181,107,197,69,409
3CSL,754,205,196,730,147,663,621,762,228,206,596,248,734,197,421,655,207,229,249,654,755,735,665,198,290,676,350,250,691,685,230,793,666,800,209,511,231,796,193,667,836,686,809,858,252,200,848,588,683,668,133,253,190,659,702,201,688,468,211,467,799,679,669,254,212,178,202,733,670,255,213,661,828,477,689,203,718,256,681,737,214,351,757,204,567,662,598,257,215,191,186,278,664,724,297,258,287,804,279,684,217,816,322,712,708,732,288,739,218,259,533,188,558,289,815,795,189,299,260,251,170,281,220,261,300,713,603,221,709,460,860,262,282,785,343,301,222,292,805,770,283,192,151,223,284,673,797,861,224,714,303,275,208,294,225,304,479,482,295,371,276,302,353,226,305,286,798,296,227,744,854,740,749,323,293,306,315,541,723,618,728,324,152,307,791,316,810,750,829,325,842,317,710,792,326,813,199,318,751,309,327,319,310,849,373,328,320,610,311,285,345,752,687,329,321,312,385,766,330,743,765,313,726,506,759,314,704,850,210,121,831,835,361,383,746,587,194,736,122,362,711,182,705,363,851,123,832,364,124,731,747,125,727,365,843,852,856,126,515,346,366,833,814,706,127,853,367,352,462,277,128,729,857,437,562,402,368,707,834,183,369,357,177,130,149,139,787,370,159,379,657,169,150,140,131,160,660,380,141,136,179,132,161,180,381,372,142,768,648,162,171,382,753,181,354,788,143,172,153,163,134,516,591,764,355,811,144,600,154,599,480,374,184,173,164,715,356,135,384,155,789,145,375,174,165,175,347,403,376,156,358,146,137,386,166,348,582,404,830,157,167,176,185,138,387,405,601,790,148,378,674,168,508,490,481,719,535,406,656,671,619,611,509,491,536,564,555,359,407,492,422,682,377,767,510,537,742,847,556,408,784,524,291,786,566,538,622,557,409,539,349,678,435,512,410,623,568,540,769,411,559,513,721,624,195,703,672,505,612,412,560,542,625,360,514,158,745,413,507,561,543,812,483,722,414,584,677,433,424,461,802,758,590,470,415,526,806,425,517,434,471,527,416,794,426,583,216,602,472,518,738,803,528,716,741,463,417,593,613,427,554,519,473,783,436,807,529,418,520,760,594,464,585,474,419,429,521,846,438,485,748,475,428,531,563,616,420,761,522,615,486,430,476,597,466,604,690,607,532,801,458,440,487,431,523,459,841,608,530,488,808,617,478,187,432,423,589,609,489,469,534,525,838,645,544,308,646,484,545,614,839,756,546,605,620,647,658,586,298,547,675,763,548,680,280,592,465,549,649,653,457,720,344,840,550,650,844,837,551,855,725,651,606,565,845,643,652,552,219,595,644,553,859,717,439
1QJP,38,119,57,71,11,125,124,143,110,101,112,16,39,78,141,53,118,162,115,12,102,62,60,33,34,40,107,97,106,144,58,121,79,122,74,77,164,54,13,103,116,160,35,96,31,55,163,75,59,80,108,145,14,99,32,36,111,113,76,17,123,15,140,56,104,100,37,72,105,120,109,63,142,98,73,114,161,61,117
1FEP,278,323,287,660,369,279,335,548,679,288,280,336,493,289,281,337,197,282,290,568,338,673,291,283,67,339,508,129,284,340,285,341,657,342,286,132,642,68,51,306,473,143,314,315,307,170,316,308,597,317,567,309,318,29,78,49,48,310,319,600,683,444,381,311,320,602,321,659,312,322,313,39,343,60,382,372,436,40,500,344,561,61,383,222,437,373,41,601,634,345,62,400,438,42,468,106,375,63,108,401,43,366,469,691,64,376,367,90,65,44,349,592,441,403,66,45,632,26,378,442,404,472,46,27,531,501,47,81,28,405,380,164,406,69,641,371,474,692,80,99,445,70,510,475,687,709,484,446,408,100,50,91,476,71,379,101,502,224,409,98,110,92,544,477,261,512,72,133,83,430,93,494,102,478,53,513,73,84,431,112,82,411,603,103,74,505,85,55,713,104,675,432,496,75,480,506,86,413,144,525,497,114,433,507,463,87,97,272,526,115,498,402,464,585,58,499,482,116,429,509,435,465,483,555,117,698,503,528,693,688,699,680,410,556,689,529,700,111,710,681,690,557,530,701,682,558,466,545,79,412,702,559,122,674,703,532,560,123,407,684,706,635,694,676,94,705,533,124,485,582,495,695,562,677,685,125,534,583,707,696,712,563,605,678,704,126,535,584,564,54,193,594,137,166,651,194,127,368,138,565,89,176,167,128,195,537,708,504,479,511,140,159,168,467,538,141,130,160,113,549,598,539,169,131,142,550,589,540,569,161,599,198,551,590,171,541,199,162,686,552,591,370,172,542,652,200,553,96,173,134,543,547,201,135,593,174,554,165,202,462,136,56,347,203,604,232,623,650,481,716,233,204,175,647,105,625,234,95,205,606,566,607,717,235,653,626,206,439,654,546,627,207,536,139,276,609,208,57,348,595,624,209,715,610,656,629,586,210,440,192,630,638,697,658,211,631,414,608,269,250,212,434,470,260,640,270,213,223,251,719,443,596,271,252,633,109,214,225,88,253,262,215,263,643,216,527,377,226,254,273,644,231,264,163,217,255,711,227,274,645,636,265,471,76,228,646,218,256,275,266,229,107,637,655,219,196,257,267,230,220,648,258,59,628,277,268,221,649,259,639,461,714,588
2VQI,585,625,276,491,162,243,306,418,266,267,493,163,387,244,448,226,615,319,307,305,164,303,309,268,461,278,286,593,227,315,317,466,407,269,165,601,453,444,228,324,279,346,359,375,166,492,270,423,345,533,584,587,229,280,528,360,471,495,419,464,271,613,167,281,404,555,230,459,529,417,311,410,272,209,385,452,168,490,318,624,469,356,231,525,204,277,273,443,312,462,422,403,562,534,386,321,283,169,454,232,599,503,497,405,274,313,441,357,420,170,284,589,233,445,310,472,619,275,598,314,540,151,323,541,527,600,536,500,592,171,456,285,316,322,450,342,200,467,560,406,618,535,153,446,235,460,594,537,347,416,172,192,343,376,505,201,378,559,154,341,489,236,455,344,210,288,539,377,408,155,622,202,411,457,207,501,496,498,458,289,616,237,626,211,565,203,588,355,194,190,502,381,556,193,185,465,621,531,290,161,530,440,538,379,627,157,195,561,238,186,212,291,320,447,597,380,189,158,384,402,239,499,292,187,196,205,152,468,348,308,504,421,463,583,617,293,159,412,382,358,596,206,623,240,188,442,197,620,413,564,353,557,160,409,595,241,264,563,383,198,282,304,414,506,354,415,614,586,532,199,265,208,628,242,473,567,156,191,526,494
2GUF,487,127,78,419,147,108,88,524,128,479,79,506,89,109,129,90,489,589,149,481,130,91,110,537,150,92,131,111,93,83,492,483,94,112,84,152,493,113,582,484,570,494,85,96,153,485,495,86,97,121,154,488,115,486,496,98,87,116,53,249,117,522,218,526,54,338,326,118,66,523,55,367,119,56,480,120,525,11,63,80,169,141,142,12,64,584,122,170,250,518,529,527,171,219,519,144,401,172,528,520,125,67,538,24,145,126,173,34,521,123,490,174,530,568,44,585,533,539,202,81,175,531,221,45,540,545,586,203,572,176,241,46,37,541,222,587,204,195,223,542,588,243,38,196,543,48,281,197,544,39,244,535,225,124,491,49,198,40,245,536,546,226,50,82,41,199,246,547,42,51,200,227,52,43,247,228,201,68,548,266,69,549,438,267,151,550,268,70,280,71,269,72,440,270,73,271,74,320,564,272,75,565,273,146,76,566,274,265,567,95,143,301,248,583,293,284,294,285,295,286,296,331,251,287,252,288,297,114,220,289,298,290,299,291,482,300,360,460,292,569,275,395,321,103,396,433,322,313,397,446,434,314,277,315,25,435,324,563,436,278,316,399,325,406,400,279,317,437,327,355,328,318,356,461,439,319,357,329,403,282,358,330,455,404,283,368,340,359,414,459,405,447,242,341,369,332,415,370,333,361,416,342,47,407,371,334,362,417,462,343,408,571,363,26,372,65,335,418,463,364,464,373,336,410,503,365,465,374,411,337,229,420,466,366,534,402,412,421,467,413,339,276,441,450,27,497,99,442,409,451,224,387,443,100,452,388,444,101,499,453,389,532,500,445,102,454,77,390,501,148,391,323,104,502,392,498,456,393,448,573,504,457,449,394,458,107,505,398
1QFG,276,267,561,570,277,91,268,380,553,278,563,269,554,552,573,270,564,507,574,339,170,271,433,565,280,556,466,272,566,281,571,557,693,567,273,613,577,282,694,558,274,283,549,578,559,665,275,550,579,551,709,418,562,619,322,610,620,340,323,572,611,139,646,602,397,324,612,603,476,325,604,623,35,445,326,605,614,624,327,58,615,172,625,328,616,626,444,607,657,329,606,720,617,627,600,435,330,618,628,609,331,136,341,350,359,279,312,332,668,714,342,303,351,649,313,660,151,333,343,304,144,390,689,334,650,101,314,305,344,335,353,315,651,671,306,345,555,652,658,354,672,704,131,316,337,307,692,524,355,346,654,251,338,308,318,575,347,356,598,309,481,645,319,655,348,357,715,599,310,320,526,695,697,349,358,647,706,142,311,321,259,597,378,696,119,82,405,379,506,120,102,656,83,447,659,129,698,406,121,391,130,103,716,608,407,85,122,61,381,408,717,522,576,525,86,123,132,662,409,87,707,124,700,710,133,719,383,106,410,701,88,125,711,664,428,384,107,411,535,89,135,126,703,108,385,666,412,90,713,377,386,137,395,110,148,392,423,387,396,648,92,111,149,434,104,388,424,93,112,150,389,398,425,582,568,36,113,94,426,399,699,667,114,95,436,517,152,705,427,661,115,437,153,96,584,491,401,97,438,116,469,429,402,98,393,439,430,382,117,403,99,440,431,118,718,105,404,432,213,413,62,518,176,138,134,167,63,214,569,177,414,488,670,215,64,168,140,669,489,416,169,216,394,65,417,206,217,141,66,490,519,480,171,67,100,352,419,143,560,663,68,492,173,420,69,145,174,527,421,70,197,146,175,422,147,71,166,468,441,478,690,72,471,205,442,479,520,73,461,470,196,443,462,74,702,621,207,463,75,198,487,472,246,482,76,199,209,446,208,601,473,77,483,200,210,336,474,78,49,484,201,211,79,50,475,202,531,691,485,80,212,51,203,467,81,486,708,477,204,464,513,248,580,258,533,505,240,581,514,249,400,712,232,534,515,241,84,238,260,250,233,300,516,242,583,261,653,234,243,109,415,252,508,48,262,528,235,244,509,253,317,263,529,254,299,236,510,245,530,264,255,511,237,265,521,256,301,465,512,266,247,532,239,257,523,302,622
1KMO,357,624,384,358,625,385,626,608,360,627,618,609,387,583,723,655,628,361,388,229,478,629,362,118,326,611,630,363,612,446,364,613,632,365,434,198,614,633,429,308,411,420,652,708,661,634,430,103,327,616,412,662,653,447,104,431,635,656,413,654,432,359,636,422,433,414,717,637,665,423,415,489,619,638,424,435,725,666,416,408,620,425,436,667,417,471,621,409,680,437,427,669,428,410,438,639,419,660,657,129,140,670,533,681,150,130,121,264,141,671,160,718,145,131,386,440,112,151,122,161,559,450,132,152,441,683,673,719,162,123,143,735,674,153,684,442,239,163,134,144,675,587,154,443,115,164,125,135,685,444,155,116,146,165,126,136,445,668,117,687,156,147,166,678,137,127,167,170,157,138,724,119,148,722,560,128,158,168,281,139,149,120,651,367,169,418,610,199,209,710,179,200,210,736,240,201,180,171,211,483,241,212,711,192,172,242,182,703,712,203,173,193,183,243,214,713,174,704,194,204,234,333,244,705,205,325,195,185,175,623,706,245,206,176,186,426,715,246,707,207,177,197,716,658,188,247,178,268,726,277,159,494,278,495,269,230,727,270,279,728,231,310,271,729,232,280,213,272,305,730,439,233,181,449,731,581,273,282,235,732,328,283,274,265,236,733,284,266,275,237,267,465,631,315,276,466,202,323,521,304,475,467,682,522,324,582,672,476,468,523,477,487,524,469,307,734,525,488,470,479,184,622,142,526,300,309,480,527,371,301,490,481,528,189,472,329,491,482,302,311,238,529,473,330,492,510,312,303,530,474,313,493,511,314,133,512,714,484,541,448,513,316,542,514,565,574,663,515,317,318,516,659,720,319,517,615,196,124,518,320,584,519,321,485,520,322,721,709,531,331,577,339,375,366,568,578,332,532,340,376,569,588,341,368,579,561,377,187,570,580,534,585,676,562,378,369,334,571,535,379,338,421,370,563,572,486,536,380,407,335,564,573,336,537,381,383,556,372,538,208,677,617,337,557,373,382,575,686,566,567,539,558,374,576,664,306,586,540,679
2J1N,328,90,108,118,26,248,127,195,336,175,165,283,331,59,166,237,128,196,119,27,91,202,178,176,167,207,92,29,110,62,120,129,28,177,205,168,130,259,102,208,242,93,111,121,297,199,57,112,209,281,291,94,170,319,122,113,337,275,210,21,58,280,255,301,220,287,31,104,216,123,215,114,171,181,213,32,258,219,221,96,105,182,109,115,124,70,172,33,147,183,206,97,256,60,222,173,30,314,335,203,278,116,286,34,98,284,65,100,107,61,174,126,200,299,279,341,35,169,24,257,246,204,72,323,247,155,262,243,295,63,253,338,325,36,18,125,156,254,317,244,73,64,251,37,160,19,157,236,282,290,74,20,327,318,292,316,158,329,217,241,66,223,294,298,179,211,149,75,339,293,238,201,212,101,67,197,315,320,180,159,76,22,214,150,117,285,300,68,239,321,252,161,245,277,330,276,249,151,23,95,240,69,322,162,152,250,296,332,224,340,148,163,334,260,261,153,198,288,25,164,71,324,289,154,326,218,333
1P4T,87,136,146,108,88,137,64,147,107,109,89,50,138,110,148,128,90,30,139,111,16,140,91,92,141,93,142,84,94,143,85,95,144,86,96,145,59,97,12,23,98,13,102,24,60,51,67,129,99,14,25,52,100,15,130,61,62,101,45,27,53,106,131,46,17,54,28,132,63,18,103,31,29,55,47,19,56,65,104,133,48,44,20,66,57,22,105,134,21,49,58,135,11,127,26
2O4V,261,350,210,62,183,240,180,116,389,288,395,351,344,241,360,211,342,227,298,203,362,117,254,184,79,337,289,352,242,297,283,212,257,343,204,293,81,381,185,403,216,118,348,353,262,217,290,205,213,143,243,354,82,186,218,300,263,402,260,244,214,356,150,291,177,220,83,382,120,393,279,264,215,132,131,206,233,292,346,361,121,84,405,355,181,245,282,385,234,246,347,285,89,85,357,247,208,386,294,248,39,86,358,368,387,178,397,295,151,138,87,209,42,280,345,219,388,250,286,365,88,134,253,149,53,229,80,44,251,399,174,54,236,135,230,400,45,144,258,36,252,281,90,406,221,165,55,172,136,112,175,401,145,341,231,91,46,56,222,349,284,167,137,232,92,224,38,146,57,336,249,396,364,166,359,255,168,363,47,223,111,340,391,147,384,93,179,58,170,48,169,130,148,239,139,40,225,228,94,49,383,59,113,41,390,140,276,207,37,367,226,95,43,50,171,394,141,277,404,237,60,114,398,51,256,176,235,338,238,96,133,142,182,278,392,339,366,52,61,287,115,296,259,173,299
2ERV,7,92,55,58,48,131,13,18,123,44,136,135,90,96,8,107,61,132,102,103,88,14,139,128,59,94,98,9,54,19,15,133,93,104,49,10,137,89,140,99,125,46,138,84,101,124,87,16,130,95,50,45,134,100,11,97,85,129,105,47,51,57,53,83,17,12,91,6,126,62,142,86,52,127,141,60,143,106,56
1K24,125,31,88,182,69,188,227,218,230,180,126,89,70,220,228,221,122,127,181,33,239,229,71,90,34,137,128,53,191,190,240,72,91,165,237,35,183,173,129,189,54,231,138,92,55,36,57,242,246,193,136,139,93,223,225,233,131,140,37,75,192,224,113,94,135,222,176,186,232,132,141,76,213,244,58,235,74,133,234,77,241,245,211,236,247,59,134,86,32,161,163,243,78,116,238,185,60,170,23,162,73,117,79,219,66,61,171,14,217,24,80,248,178,62,15,212,160,184,81,164,119,21,130,63,16,26,82,120,174,64,17,27,83,175,87,166,121,215,18,65,172,84,28,167,19,214,85,56,159,194,177,168,123,20,118,67,216,114,226,25,124,30,169,29,179,187,68,115,22
