1A0S,468,87,407,348,134,126,157,414,470,267,466,304,274,364,130,482,177,475,311,349,373,88,444,264,278,308,300,275,375,127,103,408,172,260,459,379,131,306,74,151,405,337,347,178,272,216,276,91,174,315,269,406,430,377,128,301,132,277,190,351,175,399,302,179,273,409,217,286,270,233,335,176,332,266,401,455,397,97,194,221,247,429,201,255,393,303,225,339,450,236,386,146,288,292,296,350,76,116,262,93,279,385,256,368,285,218,451,446,258,326,333,420,237,448,422,154,469,435,357,280,297,463,346,442,249,313,387,412,199,369,219,234,471,452,432,238,309,71,305,169,253,281,171,294,361,433,418,465,222,220,295,290,239,282,483,403,254,411,72,473,458
1UYN,889,1056,1078,870,1065,1057,1047,918,939,840,850,1076,1069,1006,919,831,856,1021,997,940,891,806,994,920,872,875,941,917,842,1040,895,883,974,853,921,942,988,833,893,1041,874,854,1007,894,1084,1052,947,1061,1082,885,923,786,1053,1004,948,835,896,1043,846,1020,836,877,935,949,925,788,887,1051,1055,857,838,1045,848,879,1054,995,927,951,980,1012,899,1080,961,860,971,968,992,909,821,946,953,825,989,862,901,973,963,1013,972,955,931,984,823,964,1014,864,903,814,1018,1015,975,996,1016,957,913,866,966,1070,990,905,1063,977,816,1002,933,1039,1008,998,817,868,855,978,827,915,959,818,881,907,1010,1074,916,819,969,937
2QDZ,554,196,515,270,227,352,485,177,112,532,334,407,502,132,346,538,478,57,450,197,499,224,67,358,169,285,53,217,543,533,474,281,58,189,95,294,261,170,417,5,308,118,152,72,336,542,291,59,283,293,348,99,300,96,368,266,69,180,73,190,60,487,153,328,367,70,250,191,399,341,256,356,353,381,481,347,61,22,444,117,150,4,3,497,192,520,517,165,398,230,173,430,221,507,310,276,432,194,258,137,4,377,156,530,247,476,225,318,63,491,340,415,14,126,119,362,5,354,544,259,287,278,135,375,343,195,449,120,546,295,74,296,522,204,260,176,333,7,252,213,505,489,254,16,526,451,251,75,7,316,233,114,280,551,122,314,500,350,262,301,298,103,313,349,85,326,371,413,215,503,206,419,123,9,493,160,534,513,332,495,418,414,26,202,86,18,23,163,124,312,142,161,482,299,550,465,236,9,226,466,87,416,360,106,143,319,403,484,552,208,535,483,504,541,79,144,435,88,185,284,232,519,330,409,107,80,209,29,436,383,145,411,345,521,338,472,351,200,382,108,164,128,279,524,501,220,242,410,428,90,366,30,539,536,528,77,302,82,426,211,268,147,3,322,65,91,464,187,207,540,241,222,537,212,54,545,83,130,511,323,148,92,149,412,210,223,297,379,422,182,523
2F1V,53,34,48,100,145,19,170,148,6,29,87,129,96,177,91,62,16,68,35,49,30,160,144,83,167,90,146,150,181,125,92,31,64,169,120,130,172,69,156,119,187,3,102,93,154,6,121,3,173,136,4,132,37,51,70,192,98,85,142,4,89,168,147,117,122,104,33,185,47,71,18,43,138,95,166,32,113,183,171,174,152,175,72,67,103
1QJ8,85,103,131,95,104,1,5,9,105,63,96,8,142,133,97,89,35,134,98,144,76,90,99,107,109,58,100,92,101,67,148,111,102,120,94,140,20,113,28,135,48,39,9,123,33,30,1,49,59,52,22,115,69,13,23,41,125,24,32,79,51,71,43,146,15,117,65,5,127,84,16,53,26,34,17,54,47,119,50,7,73,55,18,8,36,83,56,74,19,37,121,118,57,75,7,81
3EFM,386,438,44,602,394,500,21,346,210,528,342,495,72,259,260,597,595,238,576,621,229,649,553,315,211,286,367,400,28,396,415,296,261,317,195,220,112,368,344,550,620,561,183,378,305,582,432,297,461,388,158,113,42,611,458,469,199,257,612,29,232,494,309,23,420,298,86,27,648,529,568,573,491,214,161,407,264,644,242,551,575,652,406,24,453,503,224,234,567,571,201,320,398,372,243,642,347,408,541,22,370,531,225,25,546,533,116,588,321,563,348,216,473,412,303,584,392,476,156,389,203,608,175,517,364,30,226,498,304,505,313,227,474,409,209,609,268,177,365,651,402,82,616,258,448,548,159,570,475,301,514,277,167,558,324,418,181,187,499,334,547,278,492,38,506,404,572,555,325,270,539,188,121,279,496,322,504,433,467,160,618,85,170,426,410,507,191,230,280,497,594,374,430,327,169,190,450,272,532,508,185,480,598,197,172,519,606,552,87,212,281,273,545,35,451,307,436,530,417,413,88,578,384,424,274,173,329,452,521,543,292,486,89,599,574,465,511,332,610,482,643,275,330,549,165,380,428,288,477,90,411,434,512,290,523,276,484,455,600,646,282,596,46,604,488,294,431
3EMN,53,89,164,2,230,63,174,34,194,133,54,90,270,44,8,241,155,281,175,35,256,64,126,45,91,242,213,243,36,226,218,282,233,92,158,65,57,105,37,93,283,196,177,215,280,221,66,159,103,178,206,99,169,182,216,31,197,253,49,240,39,67,1,3,265,95,186,217,50,180,198,266,109,60,2,6,96,208,171,237,160,199,51,162,3,41,165,106,228,97,163,202,52,267,62,58,107,132,42,229,239,269,190,225,272,271,15,136,71,108,201,118,8,127,6,259,147,9,264,81,26,134,110,1,119,203,148,73,116,187,212,214,252,27,139,245,55,238,219,83,74,200,138,28,9,128,121,235,157,19,274,75,247,131,254,113,29,122,173,185,85,20,142,188,255,151,207,30,277,76,123,275,189,12,279,153,115,77,87,144,257,176,227,268,249,32,78,251,88,125,146,210,114,120,117,79,149
1THQ,7,105,153,55,8,161,125,129,71,107,162,10,163,27,127,138,118,11,29,12,75,157,30,13,7,131,31,18,8,14,25,9,77,159,32,15,142,78,133,115,33,96,79,17,116,62,97,89,53,10,117,98,145,80,81,146,99,36,19,147,91,100,82,119,20,37,57,101,148,48,21,111,136,35,93,149,49,63,121,9,51,85,94,103,23,151,60,135,95,123,120
2WJR,39,137,189,163,180,64,198,61,181,2,95,3,40,130,146,147,5,139,41,176,165,148,7,183,97,140,42,9,16,192,98,141,53,150,201,99,142,152,155,185,203,168,100,134,55,195,28,158,187,144,178,68,196,136,102,59,57,138,171,2,197,67,205,207,199,3,120,104,86,71,164,22,31,121,173,112,14,156,213,69,122,110,5,174,24,209,106,179,79,20,114,175,25,124,128,34,26,7,115,90,63,81,72,108,9,18,27,82,177,215,36,73,92,83,65,154,214,118,38,66,75,162,11,116,88,30,94,119
3BS0,332,387,398,84,290,241,356,281,429,191,147,232,329,211,41,242,291,277,104,265,299,273,171,42,433,292,301,283,95,172,380,77,274,293,106,251,230,365,78,244,331,235,392,308,275,384,427,285,402,350,303,195,323,97,245,108,5,327,196,294,276,288,246,175,132,367,304,80,287,99,90,338,219,305,325,404,318,91,375,177,70,110,82,396,316,435,406,319,139,306,249,178,48,403,54,370,240,259,336,217,423,179,431,93,58,297,366,122,141,413,192,239,50,180,347,151,260,123,174,372,223,181,263,414,309,340,79,373,227,92,143,264,401,289,52,71,225,345,125,312,434,159,62,183,326,5,267,205,415,63,184,342,417,86,388,155,117,206,145,185,330,149,127,64,376,121,146,436,391,343,112,65,358,352,228,56,157,187,334,119,394,66,344,208,148,229,188,354,120,207,209,378,247,189,39,386,68,405,210,131,271,400,346,231
1QD6,162,227,127,64,263,190,217,82,181,118,63,128,218,83,229,84,120,183,203,180,220,85,130,40,257,184,231,149,194,167,232,150,168,42,166,186,195,88,233,169,187,125,245,122,261,225,44,131,126,197,171,55,100,208,46,199,237,47,30,173,255,57,259,210,138,201,103,239,175,104,219,140,216,50,158,78,51,241,214,253,177,60,204,61,142,98,160,205,116,243,80,54,223,179,81,129
1TLY,33,117,93,138,191,173,212,226,268,34,94,51,275,174,192,243,35,95,201,158,273,175,258,10,42,141,96,249,159,176,9,89,9,132,250,97,37,211,177,143,256,198,251,99,134,244,272,205,197,178,10,262,39,247,56,218,100,145,157,57,274,180,136,11,254,40,163,58,137,200,160,220,75,102,84,15,13,229,76,165,270,183,266,32,98,203,242,233,149,17,86,112,223,231,104,27,78,240,167,45,224,253,150,123,114,19,92,168,88,46,206,169,225,80,127,115,12,44,47,207,31,30,184,21,116,90,170,108,237,227,153,91,23,152,126,171,14,245,155,252,24,172,204
1I78,274,152,50,80,125,198,215,233,153,216,227,253,126,5,194,264,52,154,217,273,173,4,235,200,53,155,156,20,255,147,189,128,45,183,175,157,56,54,289,203,212,221,293,149,243,158,222,265,47,258,213,247,177,150,237,1,159,58,277,48,87,271,2,268,160,144,241,262,88,112,69,191,134,179,5,161,239,224,259,70,32,89,162,4,108,2,33,90,163,14,100,244,190,1,205,226,91,34,296,272,72,291,164,7,26,6,6,287,214,92,103,16,35,295,9,165,242,7,10,192,93,102,138,229,74,120,166,94,8,18,275,167,75,121,95,9,38,76,19,8,29,122,285,10,77,260,249,105,187,114,3,123,3,257,231,11,78,297,270,278,124,31,12,269,251,107,110
3JTY,82,72,418,122,419,248,376,169,387,198,365,329,55,123,57,189,251,170,74,415,407,114,271,384,56,190,69,172,171,181,106,125,225,127,191,201,378,362,413,144,338,237,173,222,202,268,192,188,58,288,340,117,379,59,342,403,203,118,78,401,333,175,60,205,239,113,79,325,396,61,110,388,252,129,100,80,417,92,344,130,331,111,335,206,217,81,241,351,101,416,300,168,187,197,112,312,131,86,242,216,327,360,392,84,104,290,37,366,250,132,370,65,243,402,281,223,38,47,133,394,262,199,308,273,244,347,39,152,358,227,404,245,193,40,255,219,71,153,348,210,135,284,231,246,285,275,256,382,265,229,294,136,368,381,247,266,341,263,33,361,137,258,43,149,51,218,286,343,119,34,121,296,138,339,383,391,390,353,214,363,270,142,200,292,35,139,178,277,345,411,400,409,260,165,215,249,36,298,349
1T16,132,357,180,337,380,322,236,275,242,201,295,245,311,171,283,152,134,375,312,425,182,230,247,310,172,162,223,302,339,203,78,313,422,183,194,277,154,213,204,377,184,164,136,323,250,249,405,205,349,341,365,175,137,260,424,387,232,65,215,186,389,419,407,333,261,316,166,393,138,187,325,177,174,411,142,262,251,207,331,42,252,178,293,168,140,189,282,234,169,179,327,122,192,209,427,190,345,91,146,64,25,400,284,219,84,75,299,45,291,329,415,55,217,94,263,347,338,76,246,285,273,220,409,318,378,286,394,105,385,426,144,403,367,268,196,254,256,423,126,396,244,124,48,287,253,107,391,69,88,150,238,305,59,98,128,66,371,89,303,60,51,401,289,71,92,417,398,61,90,109,413,225,259,335,72,130,218,369,67,110,82,80,63,354,53,266,309,355,336,379,111,77,421,343,41
3CSL,776,401,447,779,301,795,555,292,571,465,419,531,599,366,420,699,629,822,243,503,448,635,688,577,513,533,421,521,829,449,329,239,321,396,303,586,748,505,636,710,467,567,386,692,188,507,304,393,497,750,809,404,368,602,295,561,707,374,157,793,451,723,214,129,423,331,435,515,796,733,469,363,498,489,827,569,247,323,130,820,388,399,204,563,529,693,580,306,864,499,834,333,553,823,717,690,863,496,425,731,509,500,855,444,576,790,527,307,517,536,445,487,682,384,711,249,798,865,472,334,471,632,534,528,504,189,815,573,372,859,603,584,378,774,427,335,624,857,473,251,739,747,743,300,684,446,709,551,422,530,336,539,735,474,784,452,394,821,429,773,389,273,310,493,186,835,253,337,457,613,780,461,615,819,338,264,382,284,400,476,234,347,695,118,634,791,376,548,811,554,742,275,558,339,606,412,235,511,542,459,552,119,680,653,266,626,340,560,622,424,361,535,349,286,277,454,775,257,545,414,373,314,406,397,769,861,782,268,544,121,721,771,113,315,751,646,178,740,279,746,238,686,817,395,481,788,416,703,362,729,316,125,229,582,575,650,574,698,343,270,327,258,289,778,269,637,565,777,726,115,240,813,562,417,549,630,652,364,281,290,291,241,732,559,354,418,557,713,837,604,633,631,491,345,541,262,365,242
1QJP,39,102,4,17,131,144,32,31,103,41,132,7,86,171,133,104,43,162,134,33,106,135,166,45,107,35,46,9,137,49,90,108,1,47,4,109,116,48,7,139,110,73,83,111,93,121,74,3,141,75,164,112,51,5,9,60,113,123,1,95,72,3,77,114,61,62,85,87,143,53,115,125,88,99,97,79,63,13,89,55,98,168,145,5,117,71,11,15,57,160,118,170,129,119,101
1FEP,665,508,673,600,300,678,406,645,590,598,373,583,104,551,228,663,301,123,604,467,162,566,292,450,16,624,247,442,706,229,544,277,302,510,452,124,336,37,554,507,527,675,463,674,550,524,649,677,709,210,659,454,47,349,648,555,434,655,380,409,458,593,312,294,692,415,603,660,243,444,246,631,400,12,465,211,305,403,39,250,637,212,651,232,627,241,521,686,382,541,519,296,595,272,213,240,176,251,440,297,710,417,438,500,242,288,689,252,310,234,110,681,168,316,353,51,596,708,703,215,532,588,448,613,359,629,23,178,607,169,160,597,319,254,456,290,13,567,20,24,378,494,411,540,402,650,170,244,620,222,153,717,534,656,523,401,180,446,339,451,515,705,190,704,626,218,623,542,256,404,181,676,275,369,528,340,497,577,646,525,219,549,573,182,553,103,360,413,67,351,698,320,267,357,526,200,654,155,498,462,461,135,585,321,484,361,425,536,88,156,499,221,236,202,582,662,504,136,322,584,157,589,483,436,559,185,694,30,278,522,337,323,424,194,427,548,138,495,335,11,561,186,469,578,100,367,408,640,341,428,576,355,271,280,633,338,32,362,187,691,150,642,429,164,493,652,552,471,364,151,658,63,614,669,286,188,426,206,558,34,602,635,282,273,220,14,376,35,189,547,171,258,207,688,563,702,198,443
2VQI,487,573,381,613,484,163,354,221,347,452,178,552,408,282,547,412,524,150,312,498,534,581,180,222,227,489,555,505,585,517,482,575,565,181,341,151,373,414,390,616,320,394,383,224,384,539,604,208,402,536,428,214,426,182,545,216,523,561,225,584,592,153,375,537,504,217,161,569,386,503,183,540,397,367,485,583,579,457,398,549,417,365,184,371,317,510,530,388,219,520,415,399,588,601,418,369,550,318,185,603,474,194,483,220,254,410,538,570,359,551,343,596,541,281,582,612,406,338,292,196,205,253,302,496,598,469,602,479,324,159,553,635,339,467,303,435,197,543,169,160,372,422,340,477,599,481,571,198,322,233,623,295,229,353,444,265,157,606,172,355,518,356,396,436,171,627,446,554,200,162,243,306,502,464,437,209,631,192,148,514,201,258,297,370,465,335,438,475,420,310,202,619,548,519,633,308,463,165,615,448,600,336,345,299,439,146,522,260,255,207,577,247,337,424,440,304,300,430,238,568,610,212,594,271,167,450,488,486,521,506
2GUF,430,224,501,428,271,64,537,94,326,331,373,518,429,554,132,426,510,571,65,522,330,475,135,306,347,208,411,324,568,593,437,511,503,273,375,572,285,542,483,431,547,218,361,529,512,97,545,319,460,250,585,377,464,210,2,228,256,505,16,402,448,446,6,414,594,229,532,211,404,378,535,479,514,433,559,276,359,541,289,212,471,379,152,241,18,416,569,420,538,327,307,481,315,435,4,455,462,561,380,543,516,214,490,304,311,278,383,6,582,204,441,533,381,492,333,20,418,195,513,279,252,2,364,450,328,405,244,382,509,336,280,168,133,161,298,592,40,346,334,558,254,308,5,32,162,588,144,422,329,539,281,41,474,172,565,255,296,246,476,163,357,530,5,423,470,338,408,300,350,551,200,154,449,348,265,4,160,385,584,283,458,457,491,442,136,349,368,340,573,534,248,556,147,472,257,202,137,325,284,549,527,302,366,175,267,8,363,10,451,536,148,313,351,387,586,427,176,531,555,90,55,259,425,553,369,342,500,452,158,407,371,557,269,91,344,56,317,10,493,286,355,260,140,8,134,294,570,150,159,525,353,305,287,473,63,540,309,261,367,206,454,409,209
1QFG,347,235,298,244,28,675,519,679,569,433,355,515,290,627,349,501,629,590,254,493,447,29,645,68,564,340,520,209,420,634,64,536,182,689,291,246,274,648,237,521,589,337,255,503,599,304,635,579,292,272,310,435,361,21,534,394,695,505,532,367,184,538,422,636,570,206,32,330,257,393,468,692,441,166,637,724,334,162,696,294,258,324,601,664,239,419,370,390,638,260,158,725,186,328,649,551,562,673,34,259,424,489,401,470,159,443,577,187,541,660,168,293,516,704,542,25,605,684,522,652,439,643,662,169,261,426,614,583,404,517,654,302,633,170,472,271,676,565,308,694,306,454,280,411,427,498,477,591,273,171,190,473,160,115,429,530,364,455,683,327,388,428,335,219,222,658,172,474,647,200,207,359,456,475,116,19,611,585,282,59,528,568,40,553,682,98,460,211,366,79,178,319,487,384,229,485,174,403,698,376,717,221,99,453,284,607,452,476,458,412,445,61,581,127,100,495,723,386,176,321,331,368,378,56,213,478,231,667,194,543,687,369,665,681,82,613,571,398,192,715,286,408,714,413,479,575,351,547,434,719,223,612,333,572,497,482,608,380,480,631,287,215,224,45,371,466,416,483,573,610,595,622,414,481,325,409,288,225,464,697,417,680,566,336,365,499,425,623,202,382,713,226,289,180
1KMO,223,88,524,740,626,625,622,601,567,291,94,688,677,408,536,640,741,354,501,292,87,235,620,320,533,274,472,546,346,99,693,572,603,602,293,592,373,507,723,321,658,701,81,649,731,91,679,421,445,738,322,582,85,669,356,82,227,419,338,502,654,238,218,682,268,735,357,410,83,499,93,277,719,481,542,606,438,229,695,576,349,667,634,571,593,324,474,718,555,552,431,190,482,240,692,580,456,476,480,350,574,316,505,221,527,241,711,351,95,325,680,336,608,360,298,153,540,317,348,352,428,709,389,318,423,733,233,699,531,479,530,327,253,487,295,436,435,489,696,155,563,397,395,462,559,244,575,254,642,651,165,646,425,671,381,301,108,372,283,633,255,645,454,497,612,521,538,610,426,166,433,307,528,399,225,598,231,256,690,547,627,427,222,464,596,330,447,483,297,391,242,503,694,303,459,285,257,584,548,573,383,664,586,110,643,493,466,258,591,484,478,449,429,549,668,457,248,111,684,329,624,532,332,393,398,340,491,294,495,458,468,691,672,666,551,260,700,385,368,288,561,600,485,236,638,441,589,250,342,621,432,698,113,460,289,599,451,721,358,262,708,334,590,374,703,387,739,470,544,597,437,406,712,647,344,396,557
2J1N,85,160,323,113,132,141,68,304,275,267,340,6,7,23,69,43,180,162,88,143,296,10,134,70,163,184,144,336,288,135,164,312,300,145,81,136,25,307,298,186,271,214,82,27,308,263,161,137,147,328,187,269,28,83,171,138,188,265,2,139,84,5,149,131,273,318,316,189,140,67,49,210,208,329,201,211,283,41,221,191,249,151,105,242,231,5,277,152,287,240,106,232,230,6,259,193,223,322,286,174,204,324,7,159,331,305,8,225,195,325,8,234,45,268,109,290,335,209,216,281,254,197,338,46,217,291,207,10,157,227,345,255,47,292,248,158,178,2,48,228,219,293,320,238,284,314,257
1P4T,151,99,10,38,8,93,103,31,39,50,48,143,20,66,40,95,126,141,21,1,147,96,86,22,155,97,2,23,42,110,98,3,1,70,64,4,14,44,68,25,3,52,5,100,5,6,101,72,114,53,8,130,46,6,82,54,73,16,132,55,36,29,74,12,124,106,84,56,4,104,149,75,57,154,116,27,118,76,58,135,77,2,117,59,128,78,33,108,153,88,137,119,94,35,138,120,80,90,139,121,140,10,122,112,37
2O4V,301,48,30,390,159,278,346,357,1,394,332,216,265,160,49,395,385,403,2,76,218,303,367,199,141,348,197,51,13,70,397,172,87,249,209,52,163,347,15,201,250,71,269,297,306,229,293,6,375,399,329,351,89,270,334,361,203,252,7,175,352,356,231,401,8,353,43,272,405,176,167,398,9,256,387,19,344,309,354,325,205,263,383,74,349,299,39,147,1,318,350,187,103,21,207,41,284,328,379,104,342,189,23,276,6,237,336,389,8,105,114,9,24,238,313,305,359,106,251,323,191,25,287,307,220,7,192,183,153,26,315,288,211,193,371,181,280,291,109,242,100,212,326,194,396,363,185,156,2,102,110,290,327,369,195,151,157,244,267,214,365,261,86,138,158,358
2ERV,30,106,7,149,26,74,3,5,13,5,9,142,134,49,23,53,72,118,132,144,137,92,66,120,58,116,27,45,36,113,3,31,9,83,15,76,41,7,24,81,108,55,19,104,51,32,110,79,114,70,50,135,148,95,29,1,25,75,122,11,102,85,21,33,47,73,17,77,133,60,101,12,150,62,115,89,52,1,91,34,112,146,71,87,56
1K24,64,46,157,232,36,251,204,177,18,74,131,45,205,75,38,234,141,65,76,145,67,207,8,197,124,225,77,101,219,236,222,22,161,78,69,209,23,126,79,87,199,6,42,200,245,7,5,127,24,80,239,9,201,172,25,10,56,137,6,5,220,44,211,202,155,7,26,193,129,165,174,8,253,148,135,153,110,27,163,83,175,166,185,9,223,149,102,28,243,47,112,10,150,103,94,168,29,48,151,58,203,104,114,73,187,30,152,96,249,105,189,12,179,50,116,88,60,170,227,180,32,89,98,14,181,247,52,108,229,62,90,34,99,54,159,230,63,16,92,231,100,183,120,107
