1UYN,862,812,1080,1084,992,849,947,1000,940,854,813,850,948,1001,936,993,1005,809,941,889,814,888,990,949,1002,994,859,810,937,1083,1054,1049,942,898,852,890,991,950,815,811,857,855,853,946,939,938,1057,1053,895,951,1061,1079,816,996,899,891,858,1060,1081,821,1050,817,1062,1003,952,896,1082,997,900,1058,822,892,818,1051,995,851,1055,1078,897,819,860,1047,1059,901,894,823,893,1052,856,861,1056,998,999,820,1048,1004
2QDZ,419,247,28,481,411,448,278,88,196,73,365,20,452,413,163,325,248,184,127,126,155,518,29,489,89,554,239,522,98,144,21,210,164,128,200,276,174,480,90,479,30,99,552,141,316,22,165,321,206,129,203,53,274,369,521,91,277,483,241,484,100,123,67,54,166,130,137,417,410,212,412,97,101,487,514,242,449,176,207,55,250,24,213,373,283,131,364,23,102,238,93,243,56,177,244,515,168,524,175,25,451,132,279,103,57,240,198,326,271,80,94,477,486,215,450,104,315,178,172,133,26,235,281,58,148,95,154,105,170,516,179,92,236,27,211,59,169,523,425,478,106,275,134,96,424,199,317,171,77,329,374,192,60,135,249,116,142,327,70,156,422,191,421,107,372,181,189,61,414,117,145,323,71,136,201,519,420,108,319,62,81,361,517,167,146,370,193,118,447,183,182,366,214,82,109,246,147,363,185,63,119,194,407,160,138,209,158,110,64,83,195,79,139,282,120,74,272,204,525,65,488,408,149,84,111,121,453,173,115,75,322,328,360,150,205,66,551,122,72,367,153,423,416,85,190,362,197,76,113,188,273,140,237,485,520,151,157,245,86,186,114,112,415,124,68,409,550,161,482,208,202,159,152,324,418,454,87,162,187,78,180,125,143,553,371,320,368,69,280,314,318
2F1V,187,47,9,5,95,94,190,91,138,146,101,53,48,143,90,149,139,188,87,6,96,10,44,86,54,100,43,49,85,189,92,99,2,140,45,150,7,97,50,88,145,192,141,151,93,3,148,51,42,8,144,98,191,4,89,142,46,186,147,152,52
1QJ8,79,4,121,120,115,112,71,144,29,117,80,145,33,37,38,125,76,118,39,123,5,6,30,34,31,1,122,40,119,124,2,27,35,114,73,75,72,69,147,113,78,3,36,146,143,28,74,148,70,116,32,77
3EFM,574,50,190,649,226,426,21,431,432,606,332,227,185,565,22,157,228,186,389,187,23,473,525,392,575,229,219,44,24,472,159,284,605,607,386,230,156,220,188,25,570,316,609,160,604,231,179,46,26,527,222,232,47,161,427,27,318,576,223,433,579,181,479,48,393,567,162,526,191,430,331,58,224,613,182,163,29,49,59,480,45,225,183,382,321,28,30,283,275,330,435,383,193,165,652,529,651,31,475,322,436,194,276,384,471,428,32,166,437,578,326,569,128,195,531,277,324,60,33,320,610,429,533,568,474,535,532,278,614,34,572,571,470,325,221,434,184,279,192,387,323,35,319,271,615,388,280,328,189,327,648,36,534,272,650,469,317,43,37,528,477,478,281,608,273,390,164,38,573,566,611,158,577,274,282,329,391,476,612,155,530,180,385
3EMN,177,37,253,9,283,121,84,234,150,68,38,10,258,122,31,85,255,142,1,226,11,179,3,152,198,62,86,143,59,2,196,227,180,199,87,144,41,13,228,124,248,181,88,4,125,14,257,42,229,146,225,5,89,126,43,230,63,281,6,90,147,16,175,231,61,197,194,7,64,32,91,17,151,202,223,195,149,233,92,204,224,65,200,93,203,123,94,205,66,148,145,232,70,39,67,95,30,178,254,20,247,176,96,279,171,249,69,172,97,117,116,256,282,173,98,33,71,118,174,34,250,201,72,119,35,40,60,73,251,21,36,252,120,12,280
1THQ,15,159,19,163,133,11,69,138,87,64,65,128,56,7,160,100,67,24,93,20,105,57,96,92,16,134,66,139,137,8,12,17,98,25,21,106,101,136,135,62,58,97,63,89,130,88,107,9,13,132,26,161,22,59,10,162,157,131,18,129,158,95,104,14,94,55,61,90,70,99,103,23,91,68,60,102
2WJR,29,179,66,176,70,25,69,143,184,141,30,94,214,145,180,100,62,172,26,96,67,175,133,183,134,103,3,211,142,63,137,104,181,71,72,2,22,135,59,98,95,212,31,4,91,27,173,64,177,139,182,140,23,60,68,174,73,101,213,92,178,28,65,24,144,97,61,99,215,138,146,32,136,33,102,93
3BS0,235,226,34,384,88,350,97,432,393,227,35,89,21,47,237,96,36,433,394,428,90,228,352,85,37,344,429,342,91,229,38,387,92,430,230,39,349,388,431,93,231,40,389,145,347,232,236,41,94,390,348,233,86,42,345,224,391,340,95,48,234,43,434,294,87,341,44,152,24,12,285,435,351,45,385,286,25,146,436,46,287,343,295,26,147,339,27,296,288,148,225,297,383,346,289,149,382,29,140,150,20,290,141,151,291,142,386,381,22,143,292,144,23,153,33,392,284,293
1TLY,11,88,177,91,98,168,12,169,89,231,99,178,81,85,39,90,170,13,174,100,82,180,40,171,101,83,92,181,225,41,172,230,102,93,84,15,173,94,16,14,103,43,49,95,17,86,184,175,44,104,18,167,87,185,176,105,269,46,52,270,133,96,47,134,226,271,135,48,272,268,136,138,182,219,137,273,45,127,42,228,220,50,128,274,229,221,129,51,222,275,130,140,9,223,141,131,179,139,227,10,224,97,183,142,132
1I78,59,237,248,3,186,120,196,242,64,116,125,190,194,8,246,238,13,60,189,119,56,193,123,4,243,130,65,117,249,9,296,118,185,14,294,61,57,5,244,66,121,10,15,295,240,245,188,62,1,58,6,247,67,184,293,191,11,236,292,195,63,2,127,7,239,183,126,241,128,297,124,129,192,122,12,187
3JTY,388,87,32,379,285,88,33,380,128,38,213,286,84,287,214,417,129,221,347,381,35,382,223,130,241,127,215,383,289,36,254,131,242,216,253,384,288,37,132,243,81,217,389,133,336,386,244,338,218,39,134,245,255,387,212,40,339,219,135,171,418,246,41,77,220,340,344,136,174,247,42,415,377,78,165,137,175,248,342,79,222,416,176,343,251,390,80,250,167,71,172,168,345,224,385,82,72,419,346,169,290,83,252,341,73,249,170,74,34,348,282,166,85,75,349,283,86,378,337,76,173,284
1T16,340,28,19,88,341,423,279,89,280,21,335,379,30,11,342,90,22,281,380,33,23,91,426,282,421,381,418,34,333,24,92,375,382,25,35,283,383,93,36,223,26,284,94,384,37,143,27,378,285,385,212,38,95,286,424,419,213,96,39,87,287,214,138,40,137,221,336,215,416,288,41,334,86,224,289,417,216,42,44,290,140,217,43,131,372,83,29,218,427,132,141,337,84,425,45,142,219,134,338,220,133,85,46,330,339,135,331,422,376,373,374,139,222,332,377,136,420
3CSL,442,627,782,775,575,572,341,388,696,504,443,632,499,628,863,578,630,342,498,500,444,389,629,114,820,397,390,569,445,115,501,270,772,391,701,271,502,446,392,577,116,237,817,576,232,777,263,821,117,233,865,448,779,264,394,234,774,699,449,118,827,634,693,692,265,113,235,778,450,119,631,573,266,441,570,396,236,635,395,120,267,581,247,453,452,332,268,636,823,771,333,819,862,336,269,697,238,398,637,574,239,822,864,638,633,700,454,503,399,698,694,240,824,571,639,493,335,400,241,455,447,272,780,580,494,456,640,773,242,401,451,273,825,495,337,393,641,243,274,338,695,642,496,781,244,579,776,339,245,826,497,334,626,246,340,129,331,818
2GUF,507,473,160,517,5,354,510,21,253,13,161,424,309,254,347,162,512,14,432,557,23,255,306,163,592,428,15,477,345,256,164,509,593,515,16,259,165,474,425,257,382,302,17,377,166,258,426,303,561,18,28,167,429,553,471,308,344,304,19,29,472,168,476,307,205,305,30,261,206,311,132,2,215,31,262,207,478,22,133,216,3,508,383,346,430,32,263,105,260,590,555,556,4,511,134,140,217,264,384,594,33,431,106,591,209,208,376,135,554,348,310,6,385,210,159,350,468,155,136,349,513,558,35,7,469,156,386,137,211,312,514,378,8,559,138,157,351,212,475,379,9,139,516,375,158,213,560,422,551,427,352,10,380,36,214,1,423,353,20,552,562,381,470
1FEP,19,616,459,301,305,20,30,416,147,620,419,663,427,365,31,21,417,36,614,576,428,32,22,359,615,353,577,664,662,33,515,448,671,613,23,178,571,578,34,449,179,24,295,421,580,455,458,35,450,180,422,724,420,25,723,618,292,350,181,454,617,423,619,721,581,452,447,293,145,37,669,519,351,574,611,720,357,183,426,146,360,352,363,38,294,661,622,239,299,182,240,184,668,518,424,157,185,572,241,522,362,148,296,354,186,11,119,158,670,245,242,355,520,12,120,243,364,451,521,297,356,298,453,151,13,244,121,188,152,236,14,149,189,665,514,722,672,153,237,300,358,15,425,570,246,190,238,573,524,16,456,247,523,154,302,575,516,666,191,249,17,177,248,303,187,155,667,517,18,361,150,156,304,415,612,457
2VQI,630,395,513,483,607,213,388,216,545,333,546,225,488,424,580,396,217,552,334,548,509,425,518,397,371,485,173,604,400,335,218,398,629,299,365,519,174,392,426,219,182,336,325,399,520,175,542,611,602,263,337,146,220,176,553,260,428,177,401,427,517,338,479,221,522,523,178,429,180,508,524,339,577,511,214,222,543,605,430,582,340,223,181,477,608,215,521,435,300,578,606,224,393,474,234,507,636,296,374,568,257,366,632,437,575,297,183,436,547,258,579,367,550,245,475,298,612,326,184,368,510,570,246,259,633,476,327,439,248,389,369,247,486,329,328,484,390,581,631,572,148,370,554,551,391,261,301,332,361,487,478,512,573,637,149,262,609,253,571,302,362,330,635,150,574,254,363,372,480,549,634,331,294,514,255,364,481,438,373,544,295,394,515,256,603,569,576,482,610
1QJP,86,95,43,6,10,91,52,166,129,82,2,48,87,94,7,135,139,92,131,44,171,3,167,130,88,84,41,49,93,126,45,169,8,136,4,83,89,127,50,85,138,46,137,132,165,5,51,90,128,9,42,168,81,134,47,133,1,170
1QFG,32,52,285,157,128,194,294,494,587,369,33,641,286,451,158,186,673,360,44,34,19,592,54,450,497,159,682,639,178,361,45,55,371,188,453,368,640,596,160,288,536,56,179,185,46,180,372,588,674,189,362,680,231,161,499,501,289,47,642,43,190,218,637,635,373,297,162,500,364,676,290,219,458,590,181,39,370,375,163,365,644,182,539,37,40,220,456,192,448,164,53,60,457,183,366,221,376,496,284,165,684,193,591,184,541,292,42,293,229,537,22,632,222,542,687,543,454,724,460,540,59,57,493,23,452,502,223,594,503,363,24,630,725,41,224,298,291,154,544,25,685,38,631,681,675,722,679,187,225,295,26,545,629,195,27,638,226,449,585,678,546,688,28,677,633,227,589,547,498,127,29,538,287,595,228,548,634,683,30,721,504,155,643,20,636,31,686,455,593,459,367,21,495,374,191,156,230,723,586,296
1KMO,502,218,644,258,645,101,345,404,110,640,549,648,219,552,503,102,550,296,220,504,86,605,260,647,297,89,393,295,221,699,589,546,261,460,342,228,701,298,262,222,451,553,343,105,690,506,259,106,263,497,223,356,452,696,454,507,458,107,499,555,405,453,596,592,224,215,649,389,96,602,590,108,691,225,390,500,606,216,346,591,593,693,509,226,109,547,217,739,688,501,594,293,347,544,285,646,227,548,456,399,92,401,508,595,600,348,392,286,83,93,402,457,355,248,299,111,349,641,344,84,643,287,597,694,190,700,94,607,396,350,354,288,455,459,394,554,598,191,250,95,351,461,249,113,702,289,395,599,403,251,87,114,352,551,252,406,650,545,505,290,88,97,253,391,740,353,601,291,698,695,85,98,254,741,292,397,697,255,82,398,463,99,498,543,90,256,464,81,603,496,91,100,400,604,689,294,462,737,257,642,738,692
1P4T,3,112,38,8,34,79,74,119,124,4,43,35,151,39,121,9,75,120,150,5,115,153,69,71,125,154,126,77,40,6,10,36,81,76,149,73,80,83,72,1,152,32,41,70,68,122,118,7,117,37,155,114,82,113,116,2,78,123,33,42
2ERV,76,1,34,22,114,71,39,30,26,116,25,149,146,81,2,117,40,35,23,109,68,148,150,82,27,79,36,144,65,112,3,64,31,43,119,118,63,121,28,41,77,111,24,74,67,4,110,37,113,32,20,72,78,122,29,69,75,66,5,70,21,147,145,42,38,33,120,73,80,115,108
1K24,46,144,105,203,197,40,198,50,45,112,148,44,157,143,110,210,101,106,253,41,208,251,100,13,204,97,147,51,9,158,111,252,102,199,107,209,42,155,200,12,195,98,154,47,38,5,202,145,10,150,52,249,103,196,108,43,39,201,153,48,152,151,206,146,6,207,104,8,205,95,250,11,96,142,109,149,49,156,99,7
