1K24,A,5,GLN,Q,,1,-22.886,0,0.946008985
1K24,A,6,THR,T,,0.403225806,-18.472,0,1.495763685
1K24,A,7,ALA,A,,0.41509434,-16.736,0,-1.51409544
1K24,A,8,ASN,N,,0.446808511,-12.875,0,1.518168634
1K24,A,9,GLU,E,E,0.251162791,-11.045,0,-1.555919021
1K24,A,10,PHE,F,E,0.388185654,-8.045,0,1.5107005
1K24,A,12,VAL,V,E,0.384146341,-2.751,0,1.54927241
1K24,A,14,THR,T,E,0.322580645,2.813,0,1.582311284
1K24,A,16,LEU,L,E,0.528301887,7.364,0,1.502478286
1K24,A,18,SER,S,E,0.272727273,13.337,0,1.528275172
1K24,A,22,THR,T,,0.38172043,23.293,0,-1.542019274
1K24,A,23,ARG,R,,0.298561151,26.751,0,1.533373079
1K24,A,24,ALA,A,S,0.610062893,30.204,0,-1.413100492
1K24,A,25,PHE,F,S,0.751054852,32.635,0,-1.160282724
1K24,A,26,LEU,L,S,0.806603774,30.543,0,1.289981783
1K24,A,27,LYS,K,,0.38961039,28.406,0,-1.531270388
1K24,A,28,GLU,E,,0.576744186,25.05,0,1.517230371
1K24,A,29,LYS,K,,0.363636364,22.377,0,1.488742086
1K24,A,30,HIS,H,E,0.4784689,18.691,0,1.360957384
1K24,A,32,ALA,A,E,0.477987421,15.046,0,1.512866485
1K24,A,34,LYS,K,E,0.545454545,9.794,0,1.530154567
1K24,A,36,ILE,I,E,0.457894737,4.789,0,1.510085097
1K24,A,38,VAL,V,E,0.37195122,-1.073,0,1.515880272
1K24,A,42,ILE,I,E,0.278947368,-9.696,0,1.337972347
1K24,A,44,PHE,F,S,0.447257384,-13.07,0,1.105474106
1K24,A,45,ASP,D,S,0.492063492,-15.877,0,1.442112686
1K24,A,46,ALA,A,S,0.295597484,-18.489,0,-0.465102139
1K24,A,47,ASN,N,S,0.446808511,-15.962,0,1.446798189
1K24,A,48,GLN,Q,E,0.341772152,-12.363,0,1.51215773
1K24,A,50,ILE,I,E,0.252631579,-7.015,0,1.547132186
1K24,A,52,LEU,L,E,0.367924528,-2.515,0,1.471726197
1K24,A,54,ALA,A,E,0.232704403,3.074,0,1.579388806
1K24,A,56,PHE,F,E,0.324894515,8.496,0,1.499749646
1K24,A,58,ARG,R,E,0.561151079,13.855,0,1.523774918
1K24,A,60,LYS,K,,0.705627706,19.076,0,1.525571368
1K24,A,62,ASN,N,,0.553191489,25.427,0,1.527515957
1K24,A,63,ILE,I,,0.626315789,29.364,0,1.450892829
1K24,A,64,ILE,I,,0.352631579,30.858,0,-1.439589178
1K24,A,65,ASN,N,,0.5,35.665,0,1.134864309
1K24,A,67,GLU,E,,0.706976744,41.36,0,0.925875262
1K24,A,69,ASP,D,S,0.333333333,41.558,0,0.704517565
1K24,A,73,LEU,L,,0.396226415,42.03,0,-1.537250793
1K24,A,74,GLY,G,S,0.759615385,45.75,1,1.519251803
1K24,A,75,LYS,K,S,0.701298701,45.379,0,1.449064871
1K24,A,76,THR,T,,0.446236559,42.392,0,1.548514772
1K24,A,77,LYS,K,S,0.731601732,40.709,0,1.346741252
1K24,A,78,ASN,N,,0.643617021,36.011,0,1.229556424
1K24,A,79,VAL,V,,0.506097561,37.416,0,1.20536509
1K24,A,80,LYS,K,,0.212121212,33.997,0,1.504612242
1K24,A,83,THR,T,,0.241935484,24.913,0,1.540475251
1K24,A,87,GLU,E,S,0.255813953,20.05,0,1.066206828
1K24,A,88,ASN,N,E,0.260638298,16.231,0,1.52297866
1K24,A,89,ARG,R,E,0.223021583,13.61,0,-1.520145059
1K24,A,90,ILE,I,E,0.342105263,10.541,0,1.575388524
1K24,A,92,LEU,L,E,0.419811321,5.817,0,1.502200053
1K24,A,94,THR,T,E,0.440860215,0.184,0,1.550259656
1K24,A,96,TYR,Y,E,0.628,-5.485,0,1.502966733
1K24,A,98,TYR,Y,E,0.384,-10.08,0,1.536243796
1K24,A,99,THR,T,E,0.204301075,-12.856,0,-1.458556135
1K24,A,100,GLN,Q,E,0.426160338,-14.482,0,1.469123889
1K24,A,101,THR,T,E,0.559139785,-18.897,0,-0.517217556
1K24,A,102,LEU,L,E,0.471698113,-15.58,0,0.863648655
1K24,A,103,SER,S,E,0.295454545,-19.371,0,1.488540896
1K24,A,104,ASP,D,T,0.862433862,-23.095,0,0.647244158
1K24,A,105,SER,S,T,0.244318182,-18.857,0,1.51825459
1K24,A,107,ASN,N,E,0.324468085,-14.253,0,-1.541065865
1K24,A,108,PHE,F,E,0.303797468,-11.56,0,1.496203529
1K24,A,110,VAL,V,E,0.359756098,-6.186,0,1.539602871
1K24,A,112,ALA,A,E,0.314465409,-1.045,0,1.60304741
1K24,A,114,LEU,L,E,0.325471698,4.273,0,1.521941195
1K24,A,116,PHE,F,E,0.202531646,9.214,0,1.545776827
1K24,A,120,LYS,K,E,0.458874459,19.971,0,1.531471515
1K24,A,124,LYS,K,E,0.38961039,31.648,0,1.505042192
1K24,A,126,THR,T,S,0.424731183,40.137,0,-0.780324292
1K24,A,127,LYS,K,S,0.558441558,39.646,0,-1.359154149
1K24,A,129,THR,T,E,0.338709677,31.062,0,1.369211452
1K24,A,131,HIS,H,E,0.349282297,25.54,0,1.258828026
1K24,A,135,GLN,Q,E,0.282700422,17.064,0,1.488411905
1K24,A,137,TRP,W,E,0.875,11.39,0,1.526715756
1K24,A,141,VAL,V,E,0.487804878,1.08,0,1.511647115
1K24,A,145,LEU,L,E,0.311320755,-9.039,0,1.524512381
1K24,A,148,GLN,Q,E,0.324894515,-17.492,0,-0.616301874
1K24,A,149,LEU,L,E,0.495283019,-14.703,0,0.870775516
1K24,A,150,GLY,G,E,0.375,-19.109,1,1.449084069
1K24,A,151,ASN,N,T,0.79787234,-19.624,0,1.510070859
1K24,A,152,GLY,G,T,0.240384615,-17.759,1,1.517332377
1K24,A,153,TRP,W,E,0.7875,-14.465,0,1.535743794
1K24,A,155,ILE,I,E,0.278947368,-9.2,0,1.520131573
1K24,A,157,PRO,P,E,0.289617486,-5.017,0,1.496581772
1K24,A,159,SER,S,E,0.232954545,0.198,0,1.525504834
1K24,A,161,VAL,V,E,0.390243902,4.96,0,1.566590246
1K24,A,163,PHE,F,E,0.485232068,10.103,0,1.531353976
1K24,A,165,LEU,L,E,0.405660377,11.072,0,1.026474549
1K24,A,166,ASN,N,E,0.393617021,15.105,0,1.536378209
1K24,A,168,ARG,R,E,0.395683453,20.559,0,1.546281346
1K24,A,170,LYS,K,E,0.329004329,24.122,0,1.360553564
1K24,A,172,ASN,N,,0.239361702,28.591,0,1.397416545
1K24,A,174,GLY,G,G,0.221153846,34.051,1,-0.895052193
1K24,A,175,VAL,V,G,0.5,32.958,0,-0.986680293
1K24,A,177,ASN,N,T,0.60106383,40.54,0,0.723339478
1K24,A,179,LYS,K,S,0.800865801,38.088,0,1.074252298
1K24,A,180,LYS,K,S,0.593073593,34.415,0,1.484156663
1K24,A,181,ASP,D,,0.476190476,29.515,0,0.849585781
1K24,A,183,ASN,N,E,0.276595745,25.743,0,1.493109842
1K24,A,185,LYS,K,E,0.510822511,21.762,0,1.465687893
1K24,A,187,ASN,N,,0.234042553,17.091,0,1.416725803
1K24,A,189,TRP,W,E,0.7,12.123,0,1.476975626
1K24,A,193,LEU,L,E,0.448113208,3.173,0,1.506161346
1K24,A,197,ILE,I,E,0.447368421,-7.103,0,1.520248993
1K24,A,199,LYS,K,E,0.272727273,-12.841,0,1.505199322
1K24,A,200,LYS,K,E,0.476190476,-15.686,0,-1.315465697
1K24,A,201,LEU,L,E,0.382075472,-15.299,0,1.259419708
1K24,A,202,GLY,G,T,0.75,-19.124,1,-1.176010558
1K24,A,203,GLU,E,T,0.809302326,-20.536,0,0.726048208
1K24,A,204,SER,S,T,0.494318182,-16.272,0,1.527818379
1K24,A,205,ALA,A,E,0.226415094,-13.626,0,1.517350322
1K24,A,207,ILE,I,E,0.384210526,-8.619,0,1.513472828
1K24,A,209,ALA,A,E,0.264150943,-3.161,0,1.544027526
1K24,A,211,PRO,P,E,0.464480874,2.327,0,1.497225768
1K24,A,219,LYS,K,,0.554112554,20.797,0,1.472003057
1K24,A,220,GLU,E,,0.497674419,25.904,0,1.159286418
1K24,A,222,GLY,G,,0.480769231,27.789,1,1.507626852
1K24,A,223,GLU,E,,0.776744186,32.568,0,1.030722562
1K24,A,225,SER,S,E,0.420454545,37.33,0,0.995181391
1K24,A,227,THR,T,E,0.494623656,40.333,0,1.528407341
1K24,A,229,LYS,K,T,0.917748918,46.606,0,-1.446274179
1K24,A,230,SER,S,T,0.647727273,47.766,0,-1.509714211
1K24,A,231,GLY,G,E,0.288461538,45.434,1,-1.474860065
1K24,A,232,ASP,D,E,0.666666667,42.088,0,1.528357615
1K24,A,234,SER,S,E,0.380681818,37.833,0,1.501938081
1K24,A,236,THR,T,,0.284946237,31.044,0,1.558717421
1K24,A,239,LYS,K,,0.61038961,23.91,0,1.501596817
1K24,A,243,ARG,R,E,0.392086331,14.816,0,1.511503225
1K24,A,245,TYR,Y,E,0.472,9.931,0,1.465534715
1K24,A,247,LEU,L,E,0.438679245,3.911,0,1.48317767
1K24,A,249,VAL,V,E,0.408536585,-0.741,0,1.483714932
1K24,A,251,ILE,I,E,0.394736842,-6.281,0,1.490385856
1K24,A,253,PHE,F,,0.493670886,-10.556,0,1.450061033
