2ERV,A,1,ALA,A,,0.364779874,-9.882,0,1.279207567
2ERV,A,3,VAL,V,E,0.323170732,-5.931,0,1.559556988
2ERV,A,5,ALA,G,E,0.339622642,-1.32,0,1.527870741
2ERV,A,7,VAL,V,E,0.475609756,3.77,0,1.541176499
2ERV,A,9,ALA,A,E,0.226415094,9.681,0,1.555011576
2ERV,A,11,GLY,G,T,0.413461538,13.145,1,1.248505906
2ERV,A,12,GLN,Q,T,0.215189873,17.201,0,-1.183384975
2ERV,A,13,SER,G,S,0.590909091,14.728,0,1.416605097
2ERV,A,15,MET,M,E,0.303921569,10.982,0,1.52335485
2ERV,A,17,TYR,Y,E,0.432,6.723,0,1.496073862
2ERV,A,19,LEU,I,E,0.495283019,1.532,0,1.493764707
2ERV,A,21,LEU,L,E,0.33490566,-4.021,0,1.533962516
2ERV,A,23,TRP,F,E,0.66875,-8.903,0,1.513470845
2ERV,A,24,ASP,D,E,0.343915344,-13.197,0,-0.759739429
2ERV,A,25,TRP,W,,0.25625,-12.029,0,1.482420318
2ERV,A,26,ASP,D,,0.788359788,-16.806,0,1.42155021
2ERV,A,27,LYS,K,,0.593073593,-15.602,0,1.257823517
2ERV,A,29,TRP,W,E,0.63125,-15.478,0,0.837771449
2ERV,A,30,TRP,L,E,1.16875,-16.215,0,0.763161844
2ERV,A,31,GLN,E,E,0.535864979,-20.994,0,-1.30955145
2ERV,A,32,THR,S,E,0.47311828,-21.166,0,1.362437888
2ERV,A,33,SER,S,T,0.642045455,-24.22,0,1.217673191
2ERV,A,34,THR,T,T,0.424731183,-18.72,0,1.255307134
2ERV,A,36,ARG,Y,E,0.212230216,-17.726,0,-1.294129051
2ERV,A,41,TRP,W,E,0.6875,-5.756,0,1.511121769
2ERV,A,45,TYR,Y,E,0.34,4.544,0,1.535462471
2ERV,A,47,TYR,Y,E,0.336,9.858,0,1.549845476
2ERV,A,49,GLU,E,,0.409302326,14.443,0,1.50441118
2ERV,A,50,GLY,G,,0.221153846,18.422,1,1.375634218
2ERV,A,51,GLY,G,,0.375,20.599,1,-1.488785389
2ERV,A,52,ASP,D,S,0.666666667,24.894,0,1.29031004
2ERV,A,53,GLU,A,S,0.334883721,23.02,0,-1.387788168
2ERV,A,55,ALA,G,S,0.471698113,21.07,0,1.482879968
2ERV,A,58,HIS,H,E,0.368421053,11.509,0,1.509748655
2ERV,A,60,LEU,L,E,0.54245283,6.929,0,1.529254067
2ERV,A,62,PHE,L,E,0.375527426,1.514,0,1.521724351
2ERV,A,66,PHE,F,E,0.417721519,-6.952,0,1.518791954
2ERV,A,70,PHE,F,E,0.329113924,-15.532,0,1.424382322
2ERV,A,71,ALA,S,,0.408805031,-20.971,0,1.007361901
2ERV,A,72,GLY,G,,0.365384615,-20.492,1,-0.925289702
2ERV,A,73,ASP,F,S,0.698412698,-23.545,0,0.883697912
2ERV,A,74,SER,T,S,0.375,-20.813,0,1.478461701
2ERV,A,75,ILE,Y,E,0.394736842,-16.627,0,1.413757051
2ERV,A,76,LYS,T,E,0.225108225,-16.64,0,-1.501701701
2ERV,A,77,PRO,P,E,0.316939891,-13.028,0,1.523418852
2ERV,A,79,ILE,I,E,0.468421053,-7.452,0,1.521227465
2ERV,A,81,ALA,A,E,0.295597484,-2.847,0,1.566770564
2ERV,A,83,ILE,I,E,0.468421053,1.846,0,1.527877613
2ERV,A,85,VAL,L,E,0.554878049,5.904,0,1.553445525
2ERV,A,87,ALA,A,E,0.251572327,10.532,0,1.543672569
2ERV,A,89,SER,S,S,0.414772727,14.912,0,1.50564438
2ERV,A,91,THR,T,S,0.290322581,20.743,0,1.124744415
2ERV,A,92,ARG,D,E,0.388489209,22.129,0,0.596804826
2ERV,A,95,ASP,D,T,0.291005291,20.631,0,1.536099281
2ERV,A,101,SER,S,S,0.238636364,16.1,0,1.542947828
2ERV,A,102,LEU,V,E,0.575471698,12.974,0,1.515734146
2ERV,A,104,PHE,F,E,0.383966245,8.316,0,1.523441499
2ERV,A,106,ASP,D,E,0.227513228,5.301,0,1.336392906
2ERV,A,108,ILE,I,E,0.573684211,-0.188,0,1.514664649
2ERV,A,110,ALA,F,E,0.226415094,-5.481,0,1.545496684
2ERV,A,112,LEU,L,E,0.330188679,-11.625,0,1.505415889
2ERV,A,113,LYS,K,E,0.216450216,-13.679,0,-1.496197848
2ERV,A,114,PHE,L,E,0.210970464,-15.459,0,1.460981177
2ERV,A,115,ALA,P,T,0.465408805,-20.616,0,0.944103808
2ERV,A,116,ASN,A,T,0.510638298,-17.888,0,1.515354084
2ERV,A,118,GLN,Q,,0.206751055,-12.497,0,1.531493389
2ERV,A,120,VAL,I,E,0.243902439,-7.807,0,1.536270809
2ERV,A,122,VAL,L,E,0.5,-1.317,0,1.490694469
2ERV,A,132,LEU,L,S,0.570754717,16.217,0,0.831534726
2ERV,A,133,LYS,K,S,0.523809524,19.753,0,-1.499558935
2ERV,A,134,GLN,Q,T,0.388185654,23.793,0,0.902522022
2ERV,A,135,PRO,P,T,0.31147541,23.723,0,-1.28210959
2ERV,A,137,ASP,D,,0.322751323,19.672,0,-1.36073877
2ERV,A,142,TYR,Y,E,0.36,6.158,0,1.441308433
2ERV,A,144,LEU,L,E,0.528301887,-0.213,0,1.533174811
2ERV,A,146,TYR,Y,E,0.36,-5.469,0,1.555030868
2ERV,A,148,ILE,K,E,0.405263158,-9.899,0,1.515145208
2ERV,A,149,PRO,G,E,0.278688525,-13.986,0,-0.390467668
2ERV,A,150,ILE,F,,0.794736842,-10.375,0,0.495394792
