2GUF,A,2,ASP,A,,0.216931217,-5.599,0,-1.523615765
2GUF,A,4,SER,K,,0.363636364,-10.341,0,-1.225280376
2GUF,A,5,PRO,L,T,0.360655738,-9.943,0,1.385736266
2GUF,A,6,ASP,P,T,0.666666667,-12.979,0,-0.54136956
2GUF,A,8,LEU,V,E,0.358490566,-8.727,0,1.337930118
2GUF,A,10,VAL,I,S,0.262195122,-2.685,0,1.516760034
2GUF,A,16,GLU,V,,0.534883721,-7.988,0,-0.930780855
2GUF,A,18,PRO,S,E,0.240437158,-10.103,0,0.847618428
2GUF,A,20,SER,T,G,0.238636364,-9.158,0,0.45213383
2GUF,A,32,GLN,S,H,0.565400844,-5.57,0,-0.745284509
2GUF,A,40,THR,S,S,0.317204301,9.75,0,1.335527237
2GUF,A,41,SER,S,S,0.210227273,12.064,0,0.690617839
2GUF,A,55,THR,A,E,0.220430108,19.533,0,1.161034022
2GUF,A,56,GLN,S,,0.52742616,18.704,0,1.217897368
2GUF,A,63,LEU,L,,0.806603774,23.858,0,0.86199826
2GUF,A,64,SER,P,,0.215909091,19.188,0,-0.368419598
2GUF,A,65,SER,G,E,0.227272727,22.21,0,1.186138693
2GUF,A,90,VAL,T,T,0.225609756,27.406,0,1.182908703
2GUF,A,91,SER,S,T,0.221590909,24.097,0,1.430318146
2GUF,A,94,ALA,S,G,0.339622642,21.813,0,0.509789172
2GUF,A,97,SER,Q,G,0.238636364,16.872,0,1.099004095
2GUF,A,132,THR,R,,0.220430108,-2.448,0,1.455851984
2GUF,A,133,ARG,R,,0.223021583,-4.725,0,-1.493540759
2GUF,A,134,ASP,G,,0.619047619,-9.772,0,-1.068532639
2GUF,A,135,GLU,D,,0.437209302,-7.893,0,-0.975348656
2GUF,A,136,PRO,L,,0.491803279,-11.708,0,0.794793055
2GUF,A,137,GLY,Q,E,0.269230769,-9.755,1,-1.516054135
2GUF,A,140,ILE,L,E,0.415789474,-2.314,0,1.508409759
2GUF,A,144,TRP,A,E,0.65,8.12,0,1.514507511
2GUF,A,147,ASN,N,T,0.54787234,17.392,0,-1.468529877
2GUF,A,148,SER,Q,T,0.454545455,16.545,0,0.97746867
2GUF,A,150,GLN,W,E,0.312236287,11.23,0,1.409801759
2GUF,A,152,TYR,R,E,0.348,5.986,0,1.469449217
2GUF,A,154,VAL,L,E,0.481707317,0.494,0,1.557647585
2GUF,A,158,GLN,G,E,0.341772152,-9.144,0,1.488623525
2GUF,A,159,GLN,G,E,0.438818565,-13.361,0,-0.629162141
2GUF,A,172,TYR,N,E,0.324,9.526,0,1.533254056
2GUF,A,175,THR,T,E,0.284946237,15.768,0,-1.547417203
2GUF,A,176,HIS,R,,0.444976077,19.714,0,1.474606727
2GUF,A,195,ASP,F,,0.603174603,22.236,0,1.488731339
2GUF,A,200,LYS,D,E,0.41991342,12.629,0,1.377731832
2GUF,A,202,LEU,D,E,0.603773585,7.37,0,1.445067818
2GUF,A,204,GLY,Y,E,0.211538462,1.584,1,1.317379598
2GUF,A,206,LEU,N,E,0.358490566,-3.122,0,1.478519868
2GUF,A,208,HIS,A,E,0.215311005,-7.979,0,1.405507026
2GUF,A,209,ASN,F,E,0.436170213,-12.568,0,-0.920578622
2GUF,A,210,PHE,N,S,0.476793249,-10.841,0,1.237902258
2GUF,A,211,THR,L,S,0.38172043,-14.879,0,1.537657959
2GUF,A,212,ASP,S,S,0.915343915,-17.309,0,-0.580112058
2GUF,A,214,TRP,S,E,0.71875,-10.47,0,1.517419191
2GUF,A,218,VAL,N,E,0.451219512,0.516,0,1.526182165
2GUF,A,224,ASP,G,E,0.354497354,16.136,0,1.523207799
2GUF,A,228,ASN,L,E,0.234042553,25.55,0,1.506514188
2GUF,A,229,TYR,S,,0.5,27.663,0,-1.423809327
2GUF,A,241,ASP,V,,0.486772487,31.439,0,1.032308578
2GUF,A,244,LYS,K,E,0.264069264,23.251,0,1.478899591
2GUF,A,246,TYR,Y,E,0.392,18.566,0,1.429131554
2GUF,A,248,GLN,D,E,0.375527426,12.704,0,1.518222645
2GUF,A,250,TRP,A,E,0.7625,7.974,0,1.479757075
2GUF,A,252,ALA,S,E,0.201257862,2.641,0,1.449670997
2GUF,A,254,LEU,L,E,0.353773585,-3.233,0,1.529541435
2GUF,A,255,ARG,G,E,0.338129496,-5.83,0,-1.515315149
2GUF,A,256,TYR,T,E,0.296,-8.426,0,1.506620722
2GUF,A,257,ASN,Y,E,0.505319149,-11.117,0,-1.541545329
2GUF,A,259,GLU,D,S,0.790697674,-17.189,0,1.007700352
2GUF,A,260,LEU,A,S,0.339622642,-13.795,0,1.479801676
2GUF,A,261,ILE,Q,E,0.484210526,-10.301,0,1.522657217
2GUF,A,265,LEU,A,E,0.330188679,0.066,0,1.508176714
2GUF,A,267,THR,H,E,0.35483871,5.888,0,1.543914829
2GUF,A,269,TYR,R,E,0.28,11.359,0,1.516187653
2GUF,A,271,HIS,E,E,0.205741627,16.25,0,1.489687887
2GUF,A,273,LYS,G,E,0.294372294,22.055,0,1.532846046
2GUF,A,276,ASN,E,E,0.244680851,29.069,0,-1.49770658
2GUF,A,278,ASP,R,,0.227513228,35.119,0,-0.279866039
2GUF,A,279,PRO,D,T,0.382513661,30.997,0,1.090354988
2GUF,A,280,HIS,D,T,0.76076555,36.69,0,-1.00517113
2GUF,A,281,TYR,K,T,0.636,37.201,0,-1.249030424
2GUF,A,283,ARG,D,T,0.474820144,29.798,0,0.63526766
2GUF,A,284,TYR,K,T,0.732,34.234,0,1.506195538
2GUF,A,285,ASP,L,S,0.216931217,36.618,0,-1.505406922
2GUF,A,286,SER,S,T,0.698863636,40.341,0,0.317553145
2GUF,A,287,SER,D,T,0.528409091,38.496,0,-1.320713822
2GUF,A,289,THR,R,E,0.35483871,31.506,0,-1.49715597
2GUF,A,294,LYS,T,E,0.264069264,18.3,0,1.541776897
2GUF,A,296,TYR,R,E,0.3,13.834,0,1.438435261
2GUF,A,298,VAL,Q,E,0.384146341,8.007,0,1.540712822
2GUF,A,300,TRP,T,E,0.7875,2.304,0,1.540204207
2GUF,A,302,ASN,Q,E,0.228723404,-3.088,0,1.527399097
2GUF,A,304,VAL,D,E,0.262195122,-8.84,0,1.554095557
2GUF,A,305,ILE,F,E,0.415789474,-12.498,0,-0.996777307
2GUF,A,306,VAL,V,,0.390243902,-10.749,0,1.127553546
2GUF,A,307,GLY,V,S,0.586538462,-13.429,1,-0.502463802
2GUF,A,308,HIS,D,S,0.669856459,-13.546,0,1.477219009
2GUF,A,309,GLY,E,E,0.211538462,-10.035,1,1.389542894
2GUF,A,311,ILE,N,E,0.431578947,-5.002,0,1.516109825
2GUF,A,313,ALA,L,E,0.238993711,0.486,0,1.524076442
2GUF,A,315,VAL,V,E,0.353658537,5.935,0,1.596741995
2GUF,A,317,TRP,A,E,0.58125,11.477,0,1.551222099
2GUF,A,319,LYS,W,E,0.251082251,17.079,0,1.49708116
2GUF,A,326,THR,S,T,0.419354839,31.985,0,1.269748006
2GUF,A,328,TYR,T,,0.58,30.378,0,0.593903191
2GUF,A,329,VAL,D,G,0.536585366,25.819,0,0.714849635
2GUF,A,330,GLU,F,G,0.730232558,31.227,0,1.248869088
2GUF,A,331,ASP,T,G,0.365079365,31.998,0,-1.517945981
2GUF,A,333,TYR,D,E,0.444,27.696,0,-1.491378557
2GUF,A,334,ASP,S,E,0.26984127,23.199,0,1.40439916
2GUF,A,336,ARG,F,E,0.40647482,18.736,0,1.539560976
2GUF,A,338,THR,R,E,0.333333333,13.228,0,1.56531179
2GUF,A,340,ILE,A,E,0.547368421,7.591,0,1.53908057
2GUF,A,342,LEU,I,E,0.5,2.536,0,1.525952162
2GUF,A,344,GLY,H,E,0.230769231,-2.916,1,1.403215489
2GUF,A,346,GLN,F,E,0.23628692,-7.981,0,1.531029066
2GUF,A,347,GLN,A,E,0.303797468,-11.343,0,-1.202366001
2GUF,A,348,VAL,G,E,0.457317073,-10.725,0,1.38273244
2GUF,A,349,GLY,E,T,0.740384615,-13.996,1,1.182691968
2GUF,A,350,ASP,H,T,0.507936508,-12.172,0,1.530665868
2GUF,A,351,PHE,F,E,0.367088608,-8.163,0,1.451851576
2GUF,A,353,PHE,T,E,0.358649789,-4.275,0,1.484776077
2GUF,A,355,GLY,L,E,0.230769231,1.073,1,1.402621405
2GUF,A,357,ALA,V,E,0.257861635,6.129,0,1.507406382
2GUF,A,359,SER,H,E,0.329545455,11.593,0,1.519753927
2GUF,A,361,ASP,Q,E,0.439153439,16.387,0,1.515156098
2GUF,A,363,SER,Q,T,0.284090909,21.818,0,-1.506663864
2GUF,A,364,GLN,Q,T,0.286919831,24.853,0,-1.52364891
2GUF,A,366,GLY,G,E,0.278846154,21.468,1,1.398136004
2GUF,A,367,ARG,G,E,0.723021583,17.789,0,1.477878547
2GUF,A,368,HIS,Q,E,0.272727273,17.433,0,-1.411056696
2GUF,A,369,GLY,T,E,0.5,13.418,1,1.522081674
2GUF,A,371,TRP,W,E,0.75,8.057,0,1.498681087
2GUF,A,373,THR,G,E,0.333333333,2.913,0,1.551083815
2GUF,A,375,ALA,L,E,0.213836478,-1.831,0,1.461146125
2GUF,A,377,TRP,V,E,0.7,-6.431,0,1.447401119
2GUF,A,378,GLU,P,E,0.320930233,-10.679,0,-1.199506982
2GUF,A,379,PHE,V,E,0.232067511,-9.387,0,1.117354912
2GUF,A,380,ILE,D,E,0.589473684,-13.133,0,1.556511805
2GUF,A,381,GLU,T,T,0.809302326,-15.964,0,-0.535708876
2GUF,A,382,GLY,D,T,0.288461538,-12.179,1,1.451503987
2GUF,A,383,TYR,N,E,0.248,-9.243,0,1.554434302
2GUF,A,385,PHE,V,E,0.375527426,-3.07,0,1.483649554
2GUF,A,387,ALA,L,E,0.41509434,2.043,0,1.578955668
2GUF,A,402,TYR,Y,H,0.296,30.365,0,1.459583845
2GUF,A,414,LYS,D,E,0.354978355,19.777,0,1.503384515
2GUF,A,416,LYS,E,E,0.458874459,15.076,0,1.460586526
2GUF,A,418,TRP,S,E,0.625,9.802,0,1.481869765
2GUF,A,420,GLY,S,E,0.355769231,3.912,1,1.394849662
2GUF,A,422,PHE,E,E,0.278481013,-1.548,0,1.509533703
2GUF,A,423,GLU,L,E,0.223255814,-4.126,0,-1.526144489
2GUF,A,425,LEU,W,E,0.45754717,-11.201,0,-0.944731179
2GUF,A,426,THR,R,E,0.290322581,-9.596,0,1.070985061
2GUF,A,427,ALA,S,T,0.666666667,-12.771,0,1.434364319
2GUF,A,428,GLY,Q,T,0.519230769,-12.287,1,1.512121964
2GUF,A,429,VAL,L,E,0.286585366,-7.775,0,1.325100751
2GUF,A,430,ASN,S,E,0.313829787,-7.397,0,-1.553839117
2GUF,A,431,TRP,K,E,0.33125,-4,0,1.552639688
2GUF,A,433,ILE,S,E,0.410526316,1.828,0,1.563317306
2GUF,A,435,GLY,L,E,0.317307692,7.442,1,1.496850889
2GUF,A,437,ARG,A,E,0.302158273,13.234,0,1.454406064
2GUF,A,441,SER,R,E,0.204545455,23.08,0,1.510835861
2GUF,A,442,ASP,T,E,0.232804233,26.002,0,1.512446032
2GUF,A,446,TYR,D,E,0.208,27.042,0,-1.294266201
2GUF,A,448,ASP,I,T,0.380952381,30.312,0,1.299157419
2GUF,A,449,HIS,I,T,0.449760766,35.201,0,1.472000679
2GUF,A,450,THR,I,T,0.408602151,36.257,0,1.531749653
2GUF,A,457,GLY,P,E,0.221153846,28.175,1,1.511625026
2GUF,A,458,LYS,R,E,0.515151515,25.205,0,1.522422083
2GUF,A,460,ARG,V,E,0.226618705,19.981,0,1.500585552
2GUF,A,462,LYS,S,E,0.432900433,15.114,0,1.483590914
2GUF,A,464,VAL,R,E,0.292682927,8.635,0,1.521402314
2GUF,A,470,PHE,L,E,0.206751055,-7.623,0,1.544159642
2GUF,A,471,ASP,G,E,0.55026455,-11.016,0,-0.905
2GUF,A,472,THR,L,E,0.327956989,-9.473,0,1.069400299
2GUF,A,473,GLY,E,T,0.663461538,-13.097,1,1.02737723
2GUF,A,474,PRO,Q,T,0.426229508,-11.708,0,1.529377978
2GUF,A,475,LEU,Q,E,0.226415094,-7.413,0,1.318108493
2GUF,A,476,THR,W,E,0.220430108,-7.149,0,-1.498092454
2GUF,A,479,VAL,W,E,0.225609756,0.59,0,1.46101232
2GUF,A,481,TYR,S,E,0.272,6.275,0,1.491491871
2GUF,A,483,TYR,L,E,0.3,11.928,0,1.493800522
2GUF,A,490,ILE,R,T,0.642105263,28.928,0,-1.06212052
2GUF,A,491,THR,D,T,0.456989247,30.441,0,-1.214557121
2GUF,A,492,ASP,R,,0.518518519,26.176,0,1.518519345
2GUF,A,493,THR,D,,0.387096774,29.049,0,-0.542263773
2GUF,A,500,LYS,R,S,0.220779221,17.901,0,1.40221432
2GUF,A,501,GLN,R,E,0.324894515,13.636,0,1.498290359
2GUF,A,503,VAL,R,E,0.274390244,8.586,0,1.5606976
2GUF,A,505,TYR,T,E,0.336,3.35,0,1.53463481
2GUF,A,509,TRP,D,E,0.275,-7.413,0,1.522736024
2GUF,A,510,GLN,L,E,0.455696203,-10.408,0,-1.266006319
2GUF,A,511,LEU,D,E,0.372641509,-9.779,0,1.247934694
2GUF,A,512,TYR,R,T,0.724,-12.149,0,1.492769239
2GUF,A,513,ASP,Q,T,0.576719577,-12.13,0,1.41675686
2GUF,A,514,PHE,F,E,0.35443038,-7.16,0,1.349871846
2GUF,A,516,TRP,R,E,0.4375,-3.635,0,1.499612283
2GUF,A,518,ILE,S,E,0.226315789,1.523,0,1.528079841
2GUF,A,522,TYR,S,E,0.284,11.639,0,1.467831734
2GUF,A,525,THR,A,,0.258064516,20.377,0,1.541425639
2GUF,A,527,TYR,S,E,0.276,26.406,0,1.483934298
2GUF,A,529,LYS,S,E,0.307359307,33.427,0,-1.332389207
2GUF,A,530,ASP,Y,E,0.328042328,35.025,0,1.524017388
2GUF,A,531,TYR,D,,0.28,37.377,0,-1.510351615
2GUF,A,532,SER,D,S,0.607954545,39.365,0,1.461609045
2GUF,A,533,SER,A,S,0.403409091,42.25,0,1.521990802
2GUF,A,534,TYR,L,S,0.76,44.188,0,-1.172152294
2GUF,A,535,PRO,G,S,0.448087432,42.036,0,1.530524747
2GUF,A,536,TYR,G,,0.376,38.142,0,-1.433813447
2GUF,A,545,SER,G,E,0.215909091,12.971,0,1.436540984
2GUF,A,547,TRP,L,E,0.59375,8.385,0,1.482314407
2GUF,A,549,LEU,L,E,0.212264151,3.83,0,1.521191967
2GUF,A,551,VAL,G,E,0.219512195,-1.522,0,1.523513046
2GUF,A,553,TYR,W,E,0.332,-6.681,0,1.505655007
2GUF,A,554,PRO,A,E,0.284153005,-10.57,0,-0.915446339
2GUF,A,555,VAL,A,S,0.475609756,-8.174,0,1.058924454
2GUF,A,556,THR,T,S,0.376344086,-11.984,0,1.576409211
2GUF,A,557,SER,D,S,0.642045455,-14.878,0,-0.609899172
2GUF,A,558,HIS,E,S,0.368421053,-10.934,0,1.527542143
2GUF,A,559,LEU,V,E,0.240566038,-7.66,0,1.521433535
2GUF,A,561,VAL,L,E,0.347560976,-3.312,0,1.527891357
2GUF,A,565,ILE,L,E,0.310526316,7.326,0,1.52097666
2GUF,A,568,LEU,L,T,0.20754717,8.689,0,0.777905521
2GUF,A,569,PHE,L,T,0.561181435,12.385,0,1.506301431
2GUF,A,570,ASP,D,,0.365079365,15.808,0,1.495835887
2GUF,A,571,LYS,K,,0.454545455,16.532,0,-1.386049422
2GUF,A,572,ASP,A,,0.597883598,21.875,0,1.062683866
2GUF,A,573,TYR,Y,,0.516,20.449,0,-0.816777203
2GUF,A,582,ALA,S,,0.547169811,19.429,0,-1.546625035
2GUF,A,584,ARG,A,,0.478417266,13.747,0,1.439411685
2GUF,A,585,GLU,L,E,0.4,13.177,0,-1.450082067
2GUF,A,586,TYR,Y,E,0.488,9.252,0,1.501026982
2GUF,A,588,LEU,F,E,0.396226415,4.646,0,1.490052684
2GUF,A,592,TYR,Q,E,0.388,-5.592,0,1.497515609
2GUF,A,593,THR,Y,E,0.301075269,-8.872,0,-1.385525893
2GUF,A,594,PHE,G,,0.561181435,-9.886,0,1.458723414
