2O4V,A,1,GLY,T,,0.432692308,-28.24,1,-0.203855394
2O4V,A,2,THR,G,B,0.403225806,-29.755,0,1.132540948
2O4V,A,6,ASP,P,S,0.613756614,-24.97,0,1.396679634
2O4V,A,7,GLY,A,S,0.355769231,-24.951,1,-0.981432251
2O4V,A,8,ALA,A,S,0.220125786,-25.654,0,-1.415747153
2O4V,A,9,ASP,Q,,0.354497354,-28.425,0,-1.012415429
2O4V,A,13,LYS,P,E,0.354978355,-19.393,0,-1.531637359
2O4V,A,15,LYS,V,S,0.471861472,-15.306,0,-1.534516536
2O4V,A,19,GLU,P,E,0.31627907,-16.403,0,-1.457132801
2O4V,A,21,ALA,S,E,0.220125786,-19.69,0,-1.526834962
2O4V,A,23,THR,I,T,0.451612903,-26.728,0,-0.671586182
2O4V,A,24,ASP,G,T,0.455026455,-25.469,0,1.493397804
2O4V,A,25,LYS,W,S,0.714285714,-21.74,0,-1.533546543
2O4V,A,26,GLU,K,S,0.31627907,-20.953,0,1.272483006
2O4V,A,30,LYS,E,E,0.393939394,-12.169,0,-1.532203968
2O4V,A,39,TYR,F,E,0.316,7.724,0,1.488376632
2O4V,A,41,ARG,P,E,0.31294964,13.098,0,1.52449631
2O4V,A,43,ASP,G,E,0.285714286,19.192,0,1.539720754
2O4V,A,48,ASN,D,S,0.281914894,26.805,0,-1.359105956
2O4V,A,49,ASN,L,S,0.276595745,27.85,0,1.450368229
2O4V,A,51,ASN,A,S,0.425531915,23.977,0,1.293201454
2O4V,A,52,THR,V,,0.268817204,18.636,0,1.237145909
2O4V,A,70,TYR,F,T,0.22,-16.189,0,1.384193989
2O4V,A,71,ARG,R,T,0.517985612,-18.76,0,1.004567569
2O4V,A,74,LYS,Y,E,0.393939394,-10.333,0,-1.505431832
2O4V,A,76,GLN,G,E,0.227848101,-5.262,0,-1.535212363
2O4V,A,86,GLY,A,S,0.355769231,10.154,1,1.259527678
2O4V,A,87,ASN,Y,B,0.361702128,14.156,0,-0.84570444
2O4V,A,89,SER,V,T,0.397727273,15.295,0,-0.897842971
2O4V,A,100,TYR,L,E,0.204,-8.97,0,1.459123024
2O4V,A,102,GLY,D,T,0.288461538,-14.208,1,1.030484731
2O4V,A,103,PHE,V,T,0.544303797,-11.743,0,0.674794784
2O4V,A,104,ASN,Y,T,0.686170213,-15.923,0,-1.019475355
2O4V,A,105,PRO,L,T,0.415300546,-14.39,0,-1.508402135
2O4V,A,106,VAL,T,S,0.347560976,-10.025,0,1.445628237
2O4V,A,110,PHE,T,E,0.23628692,-1.452,0,1.490613297
2O4V,A,114,TYR,S,,0.236,3.254,0,-1.520442041
2O4V,A,156,VAL,A,E,0.25,-12.751,0,-0.980481514
2O4V,A,157,VAL,F,E,0.408536585,-10.901,0,0.927935343
2O4V,A,158,GLY,A,T,0.778846154,-15.257,1,-1.03431253
2O4V,A,159,GLY,Q,T,0.384615385,-16.1,1,1.203598486
2O4V,A,160,MET,A,T,0.450980392,-13.795,0,1.497243133
2O4V,A,163,LEU,F,E,0.443396226,-5.508,0,1.510769671
2O4V,A,167,VAL,V,E,0.335365854,5.405,0,1.553494448
2O4V,A,172,ASN,Q,E,0.228723404,17.684,0,-1.536079425
2O4V,A,175,THR,R,T,0.290322581,25.816,0,0.925337776
2O4V,A,176,ASP,G,T,0.222222222,21.783,0,1.396600516
2O4V,A,181,LYS,Q,E,0.203463203,11.496,0,1.476203915
2O4V,A,183,TYR,G,E,0.48,7.769,0,1.52744558
2O4V,A,185,LEU,F,E,0.518867925,2.515,0,1.519435751
2O4V,A,187,GLY,D,E,0.211538462,-2.767,1,1.342178213
2O4V,A,189,PHE,A,E,0.476793249,-7.337,0,1.517451152
2O4V,A,191,PRO,D,E,0.213114754,-12.919,0,1.523486134
2O4V,A,192,LEU,L,E,0.353773585,-14.19,0,1.532544616
2O4V,A,193,HIS,L,E,0.200956938,-13.237,0,-1.512640076
2O4V,A,194,GLU,D,E,0.493023256,-17.086,0,0.526820653
2O4V,A,195,PRO,D,T,0.25136612,-15.484,0,-1.328316604
2O4V,A,205,TYR,N,E,0.24,6.266,0,1.532630745
2O4V,A,207,TYR,A,E,0.248,11.15,0,1.507512521
2O4V,A,209,ASP,S,E,0.402116402,16.557,0,1.5198217
2O4V,A,211,GLU,D,T,0.441860465,21.977,0,1.503412784
2O4V,A,212,ASP,G,T,0.455026455,24.633,0,1.544352615
2O4V,A,214,ALA,V,,0.201257862,24.334,0,1.349085987
2O4V,A,216,ASP,W,,0.365079365,21.32,0,-1.468414111
2O4V,A,218,ARG,P,,0.309352518,23.167,0,-1.406685821
2O4V,A,220,ARG,L,,0.273381295,20.615,0,1.436554907
2O4V,A,229,SER,A,S,0.25,18.102,0,-1.179256121
2O4V,A,231,ASN,G,S,0.287234043,12.718,0,-1.523079118
2O4V,A,237,GLY,N,G,0.355769231,21.583,1,1.460852421
2O4V,A,238,SER,D,G,0.6875,26.349,0,1.074177825
2O4V,A,242,ARG,L,,0.241007194,20.711,0,-1.410605898
2O4V,A,244,LEU,R,,0.386792453,25.781,0,-0.919948368
2O4V,A,249,SER,D,,0.392045455,27.55,0,1.048578562
2O4V,A,250,ALA,V,,0.358490566,24.201,0,1.160053878
2O4V,A,251,VAL,R,,0.512195122,29.345,0,-0.90120142
2O4V,A,252,GLU,L,T,0.539534884,27.149,0,1.541701009
2O4V,A,256,LYS,G,E,0.329004329,22.589,0,1.52810798
2O4V,A,261,TRP,A,E,0.74375,9.032,0,1.50891915
2O4V,A,263,LEU,E,E,0.424528302,4.129,0,1.470729071
2O4V,A,265,GLY,G,E,0.240384615,-1.829,1,1.327657836
2O4V,A,267,TRP,G,E,0.76875,-6.816,0,1.468468931
2O4V,A,269,LEU,E,E,0.533018868,-12.106,0,1.497519282
2O4V,A,270,GLY,G,T,0.346153846,-14.475,1,1.487955235
2O4V,A,272,PHE,V,E,0.274261603,-9.128,0,1.536459892
2O4V,A,276,ALA,P,E,0.238993711,2.151,0,1.504426136
2O4V,A,278,TYR,H,E,0.42,7.173,0,1.535640909
2O4V,A,280,ARG,A,E,0.262589928,12.984,0,1.526204442
2O4V,A,284,LYS,Y,E,0.38961039,21.67,0,1.427723363
2O4V,A,287,ARG,R,T,0.517985612,31.988,0,1.437539912
2O4V,A,288,ASP,N,T,0.878306878,34.614,0,-0.549627146
2O4V,A,290,GLU,T,,0.427906977,29.097,0,-1.470893946
2O4V,A,291,ASP,G,,0.301587302,23.927,0,1.203231067
2O4V,A,293,LYS,A,E,0.32034632,20.498,0,1.514852138
2O4V,A,297,TYR,F,E,0.392,8.293,0,1.437552434
2O4V,A,299,ALA,G,E,0.238993711,3.763,0,1.523754902
2O4V,A,305,LEU,A,T,0.429245283,-9.74,0,1.30306907
2O4V,A,306,THR,E,T,0.317204301,-13.642,0,-1.535195427
2O4V,A,307,GLY,V,,0.423076923,-14.927,1,0.905395578
2O4V,A,309,PRO,M,,0.229508197,-14.138,0,-1.237825917
2O4V,A,313,LYS,P,E,0.346320346,-10.951,0,-1.483906331
2O4V,A,315,ASP,D,T,0.465608466,-11.514,0,1.168435706
2O4V,A,318,LYS,G,E,0.25974026,-5.536,0,-1.475455862
2O4V,A,323,LYS,G,,0.424242424,-15.742,0,-1.052506057
2O4V,A,325,GLU,D,S,0.753488372,-19.017,0,1.495021405
2O4V,A,326,ASN,R,,0.430851064,-18.061,0,1.433410618
2O4V,A,327,LYS,L,T,0.675324675,-19.936,0,0.838919543
2O4V,A,328,GLU,K,T,0.827906977,-18.142,0,1.26841673
2O4V,A,329,ILE,P,T,0.489473684,-15.144,0,1.524948852
2O4V,A,332,TRP,P,E,0.61875,-8.983,0,1.529856529
2O4V,A,334,LEU,T,E,0.377358491,-3.731,0,1.536070962
2O4V,A,336,TYR,G,E,0.32,2.076,0,1.533851688
2O4V,A,342,LYS,E,E,0.281385281,18.336,0,1.532475775
2O4V,A,344,GLU,N,E,0.265116279,23.104,0,1.492581991
2O4V,A,346,ASP,R,T,0.486772487,29.279,0,1.535688119
2O4V,A,347,ASN,Y,T,0.265957447,30.577,0,-1.411990439
2O4V,A,348,ILE,D,,0.231578947,30.782,0,-1.122327938
2O4V,A,349,VAL,H,,0.682926829,35.869,0,1.330978963
2O4V,A,350,VAL,L,S,0.676829268,37.849,0,-1.041155128
2O4V,A,351,ASP,D,,0.587301587,35.75,0,1.488961047
2O4V,A,352,SER,L,,0.403409091,34.078,0,-1.318532897
2O4V,A,353,ALA,N,S,0.578616352,34.444,0,1.481411489
2O4V,A,354,THR,D,S,0.301075269,29.635,0,-1.375497728
2O4V,A,356,GLU,G,,0.48372093,30.808,0,1.484132406
2O4V,A,357,VAL,I,S,0.384146341,32.884,0,0.80684633
2O4V,A,358,GLY,V,S,0.221153846,28.43,1,-1.528478174
2O4V,A,359,ASP,G,,0.238095238,23.646,0,1.136667498
2O4V,A,361,LYS,R,E,0.402597403,20.135,0,1.533631312
2O4V,A,363,LYS,Q,E,0.372294372,14.551,0,1.545930464
2O4V,A,365,HIS,A,E,0.320574163,9.53,0,1.512393137
2O4V,A,367,LEU,I,E,0.5,4.252,0,1.515140258
2O4V,A,369,VAL,L,E,0.262195122,-1.933,0,1.552072485
2O4V,A,371,TRP,W,E,0.4375,-6.459,0,1.5296395
2O4V,A,375,GLU,D,S,0.358139535,-13.657,0,-1.021647689
2O4V,A,379,VAL,I,E,0.243902439,-3.458,0,1.510314537
2O4V,A,383,TYR,Y,E,0.588,7.284,0,1.517200053
2O4V,A,385,LYS,K,E,0.489177489,12.632,0,1.502335515
2O4V,A,387,LYS,W,E,0.376623377,17.703,0,1.469069433
2O4V,A,389,ASP,G,E,0.375661376,22.782,0,1.393292503
2O4V,A,390,LYS,D,S,0.268398268,26.661,0,-1.535508059
2O4V,A,394,ALA,A,T,0.477987421,30.52,0,-1.479021636
2O4V,A,395,ASN,T,T,0.531914894,28.552,0,1.035321206
2O4V,A,396,GLY,A,,0.451923077,29.279,1,1.453263411
2O4V,A,397,ASP,T,,0.243386243,24.736,0,1.270179909
2O4V,A,398,ASP,G,,0.322751323,24.041,0,1.44132786
2O4V,A,399,SER,D,E,0.295454545,19.898,0,1.488786419
2O4V,A,401,ASP,D,E,0.354497354,15.011,0,1.531432336
2O4V,A,403,LEU,T,E,0.316037736,9.213,0,1.518008234
2O4V,A,405,MET,D,E,0.485294118,4.036,0,1.498309714
